NDC_panel,NDC_dash,RxCUI,ATC4,ATC3,ATC2,ATC1,drug_name,status
00002024304,00002-0243-04,2679325,A10BX,A10B,A10,A,tirzepatide,OK
00002143611,00002-1436-11,2058877,N02CD,N02C,N02,N,galcanezumab,OK
00002143380,00002-1433-80,1551300,A10BJ,A10B,A10,A,dulaglutide,OK
00002143601,00002-1436-01,2058877,N02CD,N02C,N02,N,galcanezumab,OK
00002145780,00002-1457-80,2601758,A10BX,A10B,A10,A,tirzepatide,OK
00002015204,00002-0152-04,2679323,A10BX,A10B,A10,A,tirzepatide,OK
00002147180,00002-1471-80,2601770,A10BX,A10B,A10,A,tirzepatide,OK
00002149580,00002-1495-80,2601746,A10BX,A10B,A10,A,tirzepatide,OK
00002146080,00002-1460-80,2601776,A10BX,A10B,A10,A,tirzepatide,OK
00002237711,00002-2377-11,2058887,N02CD,N02C,N02,N,galcanezumab,OK
00002143480,00002-1434-80,1551306,A10BJ,A10B,A10,A,dulaglutide,OK
00002150680,00002-1506-80,2601764,A10BX,A10B,A10,A,tirzepatide,OK
00002245780,00002-2457-80,2669721,A10BX,A10B,A10,A,tirzepatide,OK
00002223680,00002-2236-80,2395779,A10BJ,A10B,A10,A,dulaglutide,OK
00002246080,00002-2460-80,2669718,A10BX,A10B,A10,A,tirzepatide,OK
00002249580,00002-2495-80,2669709,A10BX,A10B,A10,A,tirzepatide,OK
00002298026,00002-2980-26,2370174,L01EX,L01E,L01,L,selpercatinib,OK
00002148480,00002-1484-80,2601785,A10BX,A10B,A10,A,tirzepatide,OK
00002248480,00002-2484-80,2669712,A10BX,A10B,A10,A,tirzepatide,OK
00002318280,00002-3182-80,2395785,A10BJ,A10B,A10,A,dulaglutide,OK
00002311509,00002-3115-09,2170613,N02CD,N02C,N02,N,galcanezumab,OK
00002322830,00002-3228-30,349593,N06BA,N06B,N06,N,atomoxetine,OK
00002250680,00002-2506-80,2669706,A10BX,A10B,A10,A,tirzepatide,OK
00002322730,00002-3227-30,349591,N06BA,N06B,N06,N,atomoxetine,OK
00002144511,00002-1445-11,1745108,L04AC,L04A,L04,L,ixekizumab,OK
00002322930,00002-3229-30,349594,N06BA,N06B,N06,N,atomoxetine,OK
00002323560,00002-3235-60,596926,N06AX,N06A,N06,N,duloxetine,OK
00002323430,00002-3234-30,,,,,,,NDC_NOT_FOUND
00002323030,00002-3230-30,721787,N06AB,N06A,N06,N,fluoxetine,OK
00002323830,00002-3238-30,349592,N06BA,N06B,N06,N,atomoxetine,OK
00002323330,00002-3233-30,403972,N06AB,N06A,N06,N,fluoxetine,OK
00002323130,00002-3231-30,403969,N06AB,N06A,N06,N,fluoxetine,OK
00002247180,00002-2471-80,2669715,A10BX,A10B,A10,A,tirzepatide,OK
00002325030,00002-3250-30,608143,N06BA,N06B,N06,N,atomoxetine,OK
00002324030,00002-3240-30,596930,N06AX,N06A,N06,N,duloxetine,OK
00002323930,00002-3239-30,349595,N06BA,N06B,N06,N,atomoxetine,OK
00002325130,00002-3251-30,352317,N06BA,N06B,N06,N,atomoxetine,OK
00002327030,00002-3270-30,615186,N06AX,N06A,N06,N,duloxetine,OK
00002397760,00002-3977-60,2370170,L01EX,L01E,L01,L,selpercatinib,OK
00002418230,00002-4182-30,2047247,L04AF,L04A,L04,L,baricitinib,OK
00002411730,00002-4117-30,153048,N05AH,N05A,N05,N,olanzapine,OK
00002411630,00002-4116-30,153047,N05AH,N05A,N05,N,olanzapine,OK
00002431208,00002-4312-08,2256947,N02CC,N02C,N02,N,lasmiditan,OK
00002411230,00002-4112-30,200034,N05AH,N05A,N05,N,olanzapine,OK
00002411530,00002-4115-30,153046,N05AH,N05A,N05,N,olanzapine,OK
00002441530,00002-4415-30,261337,N05AH,N05A,N05,N,olanzapine,OK
00002418430,00002-4184-30,1490067,G03XC,G03X,G03,G,raloxifene,OK
00002445385,00002-4453-85,314155,N05AH,N05A,N05,N,olanzapine,OK
00002445485,00002-4454-85,312076,N05AH,N05A,N05,N,olanzapine,OK
00002447930,00002-4479-30,2601725,L04AF,L04A,L04,L,baricitinib,OK
00002448354,00002-4483-54,1946836,L01EF,L01E,L01,L,abemaciclib,OK
00002446534,00002-4465-34,757707,G04BE,G04B,G04,G,tadalafil,OK
00002446230,00002-4462-30,403957,G04BE,G04B,G04,G,tadalafil,OK
00002445585,00002-4455-85,351107,N05AH,N05A,N05,N,olanzapine,OK
00002442030,00002-4420-30,283639,N05AH,N05A,N05,N,olanzapine,OK
00002512130,00002-5121-30,,,,,,,NDC_NOT_FOUND
00002449108,00002-4491-08,2256943,N02CC,N02C,N02,N,lasmiditan,OK
00002512330,00002-5123-30,,,,,,,NDC_NOT_FOUND
00002608260,00002-6082-60,2679816,L01EX,L01E,L01,L,selpercatinib,OK
00002533754,00002-5337-54,1946844,L01EF,L01E,L01,L,abemaciclib,OK
00002473230,00002-4732-30,2205474,L04AF,L04A,L04,L,baricitinib,OK
00002612060,00002-6120-60,2679808,L01EX,L01E,L01,L,selpercatinib,OK
00002534060,00002-5340-60,2679814,L01EX,L01E,L01,L,selpercatinib,OK
00002556260,00002-5562-60,2679812,L01EX,L01E,L01,L,selpercatinib,OK
00002733511,00002-7335-11,,,,,,,NDC_NOT_FOUND
00002702660,00002-7026-60,2629349,L01EL,L01E,L01,L,pirtobrutinib,OK
00002614527,00002-6145-27,2180671,H04AA,H04A,H04,H,glucagon,OK
00002690230,00002-6902-30,2629353,L01EL,L01E,L01,L,pirtobrutinib,OK
00002445685,00002-4456-85,351108,N05AH,N05A,N05,N,olanzapine,OK
00002621654,00002-6216-54,1946848,L01EF,L01E,L01,L,abemaciclib,OK
00002751001,00002-7510-01,242120,A10AB,A10A,A10,A,insulin lispro,OK
00002751659,00002-7516-59,1652646,A10AB,A10A,A10,A,insulin lispro,OK
00002751201,00002-7512-01,260265,A10AB,A10A,A10,A,insulin lispro,OK
00002751101,00002-7511-01,259111,A10AB,A10A,A10,A,insulin lispro,OK
00002759701,00002-7597-01,485968,N05AH,N05A,N05,N,olanzapine,OK
00002481554,00002-4815-54,1946840,L01EF,L01E,L01,L,abemaciclib,OK
00002614511,00002-6145-11,2180671,H04AA,H04A,H04,H,glucagon,OK
00002771459,00002-7714-59,1926332,A10AB,A10A,A10,A,insulin lispro,OK
00002771559,00002-7715-59,1736863,A10AE,A10A,A10,A,insulin glargine,OK
00002771711,00002-7717-11,2703052,L04AC,L04A,L04,L,mirikizumab,OK
00002771227,00002-7712-27,1652242,A10AB,A10A,A10,A,insulin lispro,OK
00002772801,00002-7728-01,2380236,A10AB,A10A,A10,A,insulin lispro,OK
00002751017,00002-7510-17,865098,A10AB,A10A,A10,A,insulin lispro,OK
00002763511,00002-7635-11,1718936,N05AH,N05A,N05,N,olanzapine,OK
00002772211,00002-7722-11,2703054,L04AC,L04A,L04,L,mirikizumab,OK
00002773701,00002-7737-01,242120,A10AB,A10A,A10,A,insulin lispro,OK
00002777211,00002-7772-11,2693907,D11AH,D11A,D11,D,lebrikizumab,OK
00002801127,00002-8011-27,2668410,L04AC,L04A,L04,L,mirikizumab,OK
00002814901,00002-8149-01,582974,H01AC,H01A,H01,H,somatropin,OK
00002775205,00002-7752-05,1926331,A10AB,A10A,A10,A,insulin lispro,OK
00002803101,00002-8031-01,310497,H04AA,H04A,H04,H,glucagon,OK
00002779711,00002-7797-11,2693791,D11AH,D11A,D11,D,lebrikizumab,OK
00002821305,00002-8213-05,1652640,A10AB,A10A,A10,A,insulin lispro,OK
00002820705,00002-8207-05,2380260,A10AB,A10A,A10,A,insulin lispro,OK
00002814701,00002-8147-01,729232,H01AC,H01A,H01,H,somatropin,OK
00002814801,00002-8148-01,582969,H01AC,H01A,H01,H,somatropin,OK
00002821501,00002-8215-01,311034,A10AB,A10A,A10,A,"insulin, regular, human",OK
00002822259,00002-8222-59,1652639,A10AB,A10A,A10,A,insulin lispro,OK
00002821405,00002-8214-05,2268065,A10AE,A10A,A10,A,insulin glargine,OK
00002840001,00002-8400-01,1435117,H05AA,H05A,H05,H,teriparatide,OK
00002823305,00002-8233-05,1652639,A10AB,A10A,A10,A,insulin lispro,OK
00002850101,00002-8501-01,249220,A10AB,A10A,A10,A,"insulin, regular, human",OK
00002823505,00002-8235-05,2380268,A10AB,A10A,A10,A,insulin lispro,OK
00002822827,00002-8228-27,2380256,A10AB,A10A,A10,A,insulin lispro,OK
00002879759,00002-8797-59,259111,A10AB,A10A,A10,A,insulin lispro,OK
00002871501,00002-8715-01,106892,A10AB,A10A,A10,A,"insulin, regular, human",OK
00002879859,00002-8798-59,260265,A10AB,A10A,A10,A,insulin lispro,OK
00002772411,00002-7724-11,1745114,L04AC,L04A,L04,L,ixekizumab,OK
00002880359,00002-8803-59,847189,A10AB,A10A,A10,A,"insulin, regular, human",OK
00002879959,00002-8799-59,1652640,A10AB,A10A,A10,A,insulin lispro,OK
00002880559,00002-8805-59,847199,,,,,,NO_ATC
00002831501,00002-8315-01,311026,,,,,,ERROR
00002890511,00002-8905-11,2674934,L04AC,L04A,L04,L,ixekizumab,OK
00003005060,00003-0050-60,2694850,G04BD,G04B,G04,G,trospium,OK
00002890011,00002-8900-11,2674932,L04AC,L04A,L04,L,ixekizumab,OK
00002882427,00002-8824-27,1731317,A10AB,A10A,A10,A,"insulin, regular, human",OK
00003021501,00003-0215-01,,,,,,,NDC_NOT_FOUND
00003001101,00003-0011-01,,,,,,,NDC_NOT_FOUND
00003021301,00003-0213-01,,,,,,,NDC_NOT_FOUND
00003052711,00003-0527-11,643105,L01EA,L01E,L01,L,dasatinib,OK
00002898005,00002-8980-05,2589014,A10AE,A10A,A10,A,insulin glargine,OK
00002887027,00002-8870-27,2680732,L04AC,L04A,L04,L,mirikizumab,OK
00003052811,00003-0528-11,643107,L01EA,L01E,L01,L,dasatinib,OK
00003085222,00003-0852-22,799047,L01EA,L01E,L01,L,dasatinib,OK
00003012560,00003-0125-60,2694855,G04BD,G04B,G04,G,trospium,OK
00003089321,00003-0893-21,1364441,B01AF,B01A,B01,B,apixaban,OK
00003085722,00003-0857-22,1045404,L01EA,L01E,L01,L,dasatinib,OK
00003089511,00003-0895-11,2612098,L04AF,L04A,L04,L,deucravacitinib,OK
00003085522,00003-0855-22,1045408,L01EA,L01E,L01,L,dasatinib,OK
00003083050,00003-0830-50,105602,L01XX,L01X,L01,L,hydroxyurea,OK
00003196401,00003-1964-01,,,,,,,NDC_NOT_FOUND
00003110060,00003-1100-60,2694991,G04BD,G04B,G04,G,trospium,OK
00003161112,00003-1611-12,485434,J05AF,J05A,J05,J,entecavir,OK
00003089421,00003-0894-21,1364447,B01AF,B01A,B01,B,apixaban,OK
00003196801,00003-1968-01,,,,,,,NDC_NOT_FOUND
00003196601,00003-1966-01,,,,,,,NDC_NOT_FOUND
00003196701,00003-1967-01,,,,,,,NDC_NOT_FOUND
00003052411,00003-0524-11,643109,L01EA,L01E,L01,L,dasatinib,OK
00003256016,00003-2560-16,1664984,J01DF,J01D,J01,J,aztreonam,OK
00003218811,00003-2188-11,1145932,L04AA,L04A,L04,L,abatacept,OK
00003161412,00003-1614-12,485536,J05AF,J05A,J05,J,entecavir,OK
00003161212,00003-1612-12,485436,J05AF,J05A,J05,J,entecavir,OK
00003218851,00003-2188-51,1799230,L04AA,L04A,L04,L,abatacept,OK
00003257016,00003-2570-16,1664988,J01DF,J01D,J01,J,aztreonam,OK
00003281411,00003-2814-11,1925255,L04AA,L04A,L04,L,abatacept,OK
00003362412,00003-3624-12,,,,,,,NDC_NOT_FOUND
00003281811,00003-2818-11,1925257,L04AA,L04A,L04,L,abatacept,OK
00003376474,00003-3764-74,1992428,B01AF,B01A,B01,B,apixaban,OK
00003363112,00003-3631-12,402093,J05AE,J05A,J05,J,atazanavir,OK
00003362212,00003-3622-12,664741,J05AE,J05A,J05,J,atazanavir,OK
00003519510,00003-5195-10,,,,,,,NDC_NOT_FOUND
00003364111,00003-3641-11,1601660,V03AX,V03A,V03,V,cobicistat,OK
00003517805,00003-5178-05,,,,,,,NDC_NOT_FOUND
00003196501,00003-1965-01,,,,,,,NDC_NOT_FOUND
00003416060,00003-4160-60,2696878,L01EX,L01E,L01,L,repotrectinib,OK
00003519410,00003-5194-10,,,,,,,NDC_NOT_FOUND
00003404060,00003-4040-60,2670655,L01EX,L01E,L01,L,repotrectinib,OK
00003633517,00003-6335-17,200342,L01XX,L01X,L01,L,hydroxyurea,OK
00003633717,00003-6337-17,200344,L01XX,L01X,L01,L,hydroxyurea,OK
00003633617,00003-6336-17,200343,L01XX,L01X,L01,L,hydroxyurea,OK
00003520056,00003-5200-56,2694993,G04BD,G04B,G04,G,trospium,OK
00004024451,00004-0244-51,,,,,,,NDC_NOT_FOUND
00004003822,00004-0038-22,284587,J05AB,J05A,J05,J,valganciclovir,OK
00004005801,00004-0058-01,197528,N03AE,N03A,N03,N,clonazepam,OK
00004009801,00004-0098-01,197529,N03AE,N03A,N03,N,clonazepam,OK
00004024515,00004-0245-15,,,,,,,NDC_NOT_FOUND
00004006801,00004-0068-01,197527,N03AE,N03A,N03,N,clonazepam,OK
00004003909,00004-0039-09,863562,J05AB,J05A,J05,J,valganciclovir,OK
00004018683,00004-0186-83,904934,M05BA,M05B,M05,M,ibandronic acid,OK
00004036530,00004-0365-30,,,,,,,NDC_NOT_FOUND
00004035009,00004-0350-09,351270,L03AB,L03A,L03,L,peginterferon alfa-2a,OK
00003363810,00003-3638-10,1598989,J05AE,J05A,J05,J,atazanavir,OK
00004026001,00004-0260-01,200060,,,,,,NO_ATC
00004040309,00004-0403-09,,,,,,,ERROR
00004038140,00004-0381-40,404460,J05AX,J05A,J05,J,enfuvirtide,OK
00004035730,00004-0357-30,731328,L03AB,L03A,L03,L,peginterferon alfa-2a,OK
00004025901,00004-0259-01,199058,,,,,,NO_ATC
00004080285,00004-0802-85,728109,J05AH,J05A,J05,J,oseltamivir,OK
00004080085,00004-0800-85,261315,J05AH,J05A,J05,J,oseltamivir,OK
00004080185,00004-0801-85,728113,J05AH,J05A,J05,J,oseltamivir,OK
00006003144,00006-0031-44,,,,,,,NDC_NOT_FOUND
00006001954,00006-0019-54,,,,,,,NDC_NOT_FOUND
00004082205,00004-0822-05,1115700,J05AH,J05A,J05,J,oseltamivir,OK
00006007231,00006-0072-31,201961,D11AX,D11A,D11,D,finasteride,OK
00004026129,00004-0261-29,311880,,,,,,NO_ATC
00006003220,00006-0032-20,261314,D11AX,D11A,D11,D,ivermectin,OK
00006010654,00006-0106-54,,,,,,,NDC_NOT_FOUND
00006003330,00006-0033-30,1547110,N05CJ,N05C,N05,N,suvorexant,OK
00006020754,00006-0207-54,,,,,,,NDC_NOT_FOUND
00006008131,00006-0081-31,1243833,A10BH,A10B,A10,A,sitagliptin,OK
00005010005,00005-0100-05,1593140,,,,,,NO_ATC
00006027044,00006-0270-44,,,,,,,NDC_NOT_FOUND
00006022131,00006-0221-31,665038,A10BH,A10B,A10,A,sitagliptin,OK
00006011231,00006-0112-31,665042,A10BH,A10B,A10,A,sitagliptin,OK
00006026718,00006-0267-18,,,,,,,NDC_NOT_FOUND
00006008061,00006-0080-61,1243843,A10BH,A10B,A10,A,sitagliptin,OK
00006022761,00006-0227-61,744842,J05AJ,J05A,J05,J,raltegravir,OK
00006033530,00006-0335-30,1547118,N05CJ,N05C,N05,N,suvorexant,OK
00006046206,00006-0462-06,,,,,,,NDC_NOT_FOUND
00006046102,00006-0461-02,403810,A04AD,A04A,A04,A,aprepitant,OK
00006046405,00006-0464-05,,,,,,,NDC_NOT_FOUND
00006007861,00006-0078-61,1243848,A10BH,A10B,A10,A,sitagliptin,OK
00006027731,00006-0277-31,665033,A10BH,A10B,A10,A,sitagliptin,OK
00006054331,00006-0543-31,,,,,,,NDC_NOT_FOUND
00006046410,00006-0464-10,,,,,,,NDC_NOT_FOUND
00006047361,00006-0473-61,1235595,J05AJ,J05A,J05,J,raltegravir,OK
00006032530,00006-0325-30,1547114,N05CJ,N05C,N05,N,suvorexant,OK
00006046201,00006-0462-01,403811,A04AD,A04A,A04,A,aprepitant,OK
00006057362,00006-0573-62,,,,,,,NDC_NOT_FOUND
00006047761,00006-0477-61,1235591,J05AJ,J05A,J05,J,raltegravir,OK
00006071044,00006-0710-44,,,,,,,NDC_NOT_FOUND
00006000530,00006-0005-30,1547575,N05CJ,N05C,N05,N,suvorexant,OK
00006073531,00006-0735-31,,,,,,,NDC_NOT_FOUND
00006074031,00006-0740-31,,,,,,,NDC_NOT_FOUND
00006057561,00006-0575-61,700517,,,,,,NO_ATC
00006074931,00006-0749-31,,,,,,,NDC_NOT_FOUND
00006057761,00006-0577-61,700518,,,,,,NO_ATC
00006074731,00006-0747-31,,,,,,,NDC_NOT_FOUND
00006096031,00006-0960-31,,,,,,,NDC_NOT_FOUND
00006071731,00006-0717-31,207977,,,,,,NO_ATC
00006074531,00006-0745-31,,,,,,,NDC_NOT_FOUND
00006095231,00006-0952-31,,,,,,,NDC_NOT_FOUND
00006171131,00006-1711-31,,,,,,,NDC_NOT_FOUND
00006057143,00006-0571-43,,,,,,,NDC_NOT_FOUND
00006306901,00006-3069-01,2055766,J05AG,J05A,J05,J,doravirine,OK
00006095154,00006-0951-54,206256,,,,,,NO_ATC
00006306603,00006-3066-03,1729311,A04AD,A04A,A04,A,aprepitant,OK
00006056840,00006-0568-40,668579,L01XH,L01X,L01,L,vorinostat,OK
00006351936,00006-3519-36,,,,,,,NDC_NOT_FOUND
00006307602,00006-3076-02,1988675,J05AX,J05A,J05,J,letermovir,OK
00006380018,00006-3800-18,,,,,,,NDC_NOT_FOUND
00006307502,00006-3075-02,1988671,J05AX,J05A,J05,J,letermovir,OK
00006351659,00006-3516-59,1726216,J01DH,J01D,J01,J,cilastatin / imipenem,OK
00006307402,00006-3074-02,1734642,J05AP,J05A,J05,J,elbasvir,OK
00006384130,00006-3841-30,,,,,,,NDC_NOT_FOUND
00006308001,00006-3080-01,1924315,J05AJ,J05A,J05,J,raltegravir,OK
00006360361,00006-3603-61,1486841,J05AJ,J05A,J05,J,raltegravir,OK
00006386203,00006-3862-03,754508,A04AD,A04A,A04,A,aprepitant,OK
00006391668,00006-3916-68,,,,,,,NDC_NOT_FOUND
00006391568,00006-3915-68,,,,,,,NDC_NOT_FOUND
00006382210,00006-3822-10,284546,,,,,,NO_ATC
00006380118,00006-3801-18,828537,N02CC,N02C,N02,N,rizatriptan,OK
00006384371,00006-3843-71,1734686,J01DH,J01D,J01,J,ertapenem,OK
00006391768,00006-3917-68,,,,,,,NDC_NOT_FOUND
00006391968,00006-3919-68,,,,,,,NDC_NOT_FOUND
00006360360,00006-3603-60,1486841,J05AJ,J05A,J05,J,raltegravir,OK
00006382310,00006-3823-10,284547,,,,,,NO_ATC
00006409302,00006-4093-02,830253,,,,,,NO_ATC
00006404720,00006-4047-20,798300,,,,,,NO_ATC
00006404741,00006-4047-41,759461,,,,,,NO_ATC
00006409402,00006-4094-02,830245,,,,,,NO_ATC
00006391868,00006-3918-68,,,,,,,NDC_NOT_FOUND
00006409602,00006-4096-02,836634,,,,,,NO_ATC
00006412102,00006-4121-02,1597103,,,,,,NO_ATC
00006468100,00006-4681-00,804186,,,,,,NO_ATC
00006411903,00006-4119-03,1597099,,,,,,NO_ATC
00006484100,00006-4841-00,1658102,,,,,,NO_ATC
00006482700,00006-4827-00,1292459,J07BK,J07B,J07,J,varicella-zoster virus vaccine live (Oka-Merck) strain,OK
00006409502,00006-4095-02,836636,,,,,,NO_ATC
00006496341,00006-4963-41,,,,,,,NDC_NOT_FOUND
00006417100,00006-4171-00,1292443,J07BK,J07B,J07,J,varicella-zoster virus vaccine live (Oka-Merck) strain,OK
00006484141,00006-4841-41,1658102,,,,,,NO_ATC
00006483141,00006-4831-41,1658106,,,,,,NO_ATC
00006489700,00006-4897-00,798447,,,,,,NO_ATC
00006499200,00006-4992-00,830263,,,,,,NO_ATC
00006499541,00006-4995-41,1658150,,,,,,NO_ATC
00006502902,00006-5029-02,2475860,C01DX,C01D,C01,C,vericiguat,OK
00006498101,00006-4981-01,1658155,,,,,,NO_ATC
00006508501,00006-5085-01,2693193,J05AX,J05A,J05,J,letermovir,OK
00006500701,00006-5007-01,2055815,J05AG,J05A,J05,J,doravirine,OK
00006502802,00006-5028-02,2475856,C01DX,C01D,C01,C,vericiguat,OK
00006503001,00006-5030-01,2475852,C01DX,C01D,C01,C,vericiguat,OK
00006508801,00006-5088-01,2678951,C02KX,C02K,C02,C,sotatercept,OK
00006505509,00006-5055-09,2603740,J05AB,J05A,J05,J,molnupiravir,OK
00006499500,00006-4995-00,1658150,,,,,,NO_ATC
00006509101,00006-5091-01,2678947,C02KX,C02K,C02,C,sotatercept,OK
00006509001,00006-5090-01,2678943,C02KX,C02K,C02,C,sotatercept,OK
00006533101,00006-5331-01,2567237,L01XX,L01X,L01,L,belzutifan,OK
00006508701,00006-5087-01,2678949,C02KX,C02K,C02,C,sotatercept,OK
00006536403,00006-5364-03,1992821,A10BK,A10B,A10,A,ertugliflozin,OK
00006508601,00006-5086-01,2693189,J05AX,J05A,J05,J,letermovir,OK
00006536906,00006-5369-06,1992695,A10BK,A10B,A10,A,ertugliflozin,OK
00006536703,00006-5367-03,1992837,A10BK,A10B,A10,A,ertugliflozin,OK
00006536803,00006-5368-03,1992832,A10BK,A10B,A10,A,ertugliflozin,OK
00006672268,00006-6722-68,,,,,,,NDC_NOT_FOUND
00006911731,00006-9117-31,,,,,,,NDC_NOT_FOUND
00006536903,00006-5369-03,1992695,A10BK,A10B,A10,A,ertugliflozin,OK
00006672468,00006-6724-68,,,,,,,NDC_NOT_FOUND
00006537403,00006-5374-03,1992700,A10BK,A10B,A10,A,ertugliflozin,OK
00007337113,00007-3371-13,,,,,,,NDC_NOT_FOUND
00007337013,00007-3370-13,,,,,,,NDC_NOT_FOUND
00007337213,00007-3372-13,,,,,,,NDC_NOT_FOUND
00006537303,00006-5373-03,1992691,A10BK,A10B,A10,A,ertugliflozin,OK
00007338513,00007-3385-13,,,,,,,NDC_NOT_FOUND
00006536303,00006-5363-03,1992816,A10BK,A10B,A10,A,ertugliflozin,OK
00006927531,00006-9275-31,153893,R03DC,R03D,R03,R,montelukast,OK
00007337313,00007-3373-13,,,,,,,NDC_NOT_FOUND
00007338313,00007-3383-13,,,,,,,NDC_NOT_FOUND
00007365030,00007-3650-30,,,,,,,NDC_NOT_FOUND
00007365022,00007-3650-22,,,,,,,NDC_NOT_FOUND
00007338713,00007-3387-13,,,,,,,NDC_NOT_FOUND
00007488213,00007-4882-13,,,,,,,NDC_NOT_FOUND
00007414120,00007-4141-20,200032,C07AG,C07A,C07,C,carvedilol,OK
00007488813,00007-4888-13,,,,,,,NDC_NOT_FOUND
00007414220,00007-4142-20,200033,C07AG,C07A,C07,C,carvedilol,OK
00007488713,00007-4887-13,,,,,,,NDC_NOT_FOUND
00007488313,00007-4883-13,,,,,,,NDC_NOT_FOUND
00008083321,00008-0833-21,213099,,,,,,NO_ATC
00007413920,00007-4139-20,686924,C07AG,C07A,C07,C,carvedilol,OK
00008084402,00008-0844-02,763306,A02BC,A02B,A02,A,pantoprazole,OK
00008084181,00008-0841-81,284400,A02BC,A02B,A02,A,pantoprazole,OK
00008083721,00008-0837-21,213095,,,,,,NO_ATC
00007414020,00007-4140-20,200031,C07AG,C07A,C07,C,carvedilol,OK
00008103006,00008-1030-06,314230,L01EG,L01E,L01,L,sirolimus,OK
00006537003,00006-5370-03,1992703,A10BK,A10B,A10,A,ertugliflozin,OK
00008084381,00008-0843-81,251872,A02BC,A02B,A02,A,pantoprazole,OK
00008104105,00008-1041-05,349208,L01EG,L01E,L01,L,sirolimus,OK
00008112312,00008-1123-12,1441740,G03XC,G03X,G03,G,bazedoxifene,OK
00008121030,00008-1210-30,1607619,N06AX,N06A,N06,N,desvenlafaxine,OK
00008104005,00008-1040-05,905160,L01EG,L01E,L01,L,sirolimus,OK
00008499020,00008-4990-20,584201,J01AA,J01A,J01,J,tigecycline,OK
00009001201,00009-0012-01,197787,A01AC,A01A,A01,A,hydrocortisone,OK
00008122230,00008-1222-30,790264,N06AX,N06A,N06,N,desvenlafaxine,OK
00008121130,00008-1211-30,790288,N06AX,N06A,N06,N,desvenlafaxine,OK
00008411701,00008-4117-01,197681,J04AD,J04A,J04,J,ethionamide,OK
00009002201,00009-0022-01,197973,D07AA,D07A,D07,D,methylprednisolone,OK
00008083621,00008-0836-21,213094,,,,,,NO_ATC
00009001758,00009-0017-58,198318,N05CD,N05C,N05,N,triazolam,OK
00008104205,00008-1042-05,360110,L01EG,L01E,L01,L,sirolimus,OK
00009004401,00009-0044-01,197783,A01AC,A01A,A01,A,hydrocortisone,OK
00009002001,00009-0020-01,207136,D07AA,D07A,D07,D,methylprednisolone,OK
00009005002,00009-0050-02,1000124,G03AC,G03A,G03,G,medroxyprogesterone,OK
00009003101,00009-0031-01,197782,A01AC,A01A,A01,A,hydrocortisone,OK
00009005604,00009-0056-04,259966,D07AA,D07A,D07,D,methylprednisolone,OK
00009005101,00009-0051-01,1000124,G03AC,G03A,G03,G,medroxyprogesterone,OK
00009005602,00009-0056-02,259966,D07AA,D07A,D07,D,methylprednisolone,OK
00009006501,00009-0065-01,1000139,G03AC,G03A,G03,G,medroxyprogesterone,OK
00009005501,00009-0055-01,141928,N05BA,N05B,N05,N,alprazolam,OK
00009005907,00009-0059-07,404434,,,,,,NO_ATC
00009006807,00009-0068-07,,,,,,,ERROR
00009006607,00009-0066-07,404435,,,,,,NO_ATC
00009007301,00009-0073-01,207138,D07AA,D07A,D07,D,methylprednisolone,OK
00009017601,00009-0176-01,,,,,,,NDC_NOT_FOUND
00009002901,00009-0029-01,141927,N05BA,N05B,N05,N,alprazolam,OK
00009008610,00009-0086-10,835842,G03BA,G03B,G03,G,testosterone,OK
00009022502,00009-0225-02,197518,D10AF,D10A,D10,D,clindamycin,OK
00009008510,00009-0085-10,835831,G03BA,G03B,G03,G,testosterone,OK
00009009401,00009-0094-01,197322,N05BA,N05B,N05,N,alprazolam,OK
00009005707,00009-0057-07,404433,,,,,,NO_ATC
00009033102,00009-0331-02,205945,,,,,,NO_ATC
00009006404,00009-0064-04,1000139,G03AC,G03A,G03,G,medroxyprogesterone,OK
00009009001,00009-0090-01,197321,N05BA,N05B,N05,N,alprazolam,OK
00009034702,00009-0347-02,207988,,,,,,NO_ATC
00009027101,00009-0271-01,206417,G03CA,G03C,G03,G,estradiol,OK
00009028701,00009-0287-01,1000145,G03AC,G03A,G03,G,medroxyprogesterone,OK
00009026001,00009-0260-01,1048452,C10AC,C10A,C10,C,colestipol,OK
00009062601,00009-0626-01,,,,,,,NDC_NOT_FOUND
00009041701,00009-0417-01,207995,,,,,,NO_ATC
00009034101,00009-0341-01,205874,,,,,,NO_ATC
00009039514,00009-0395-14,205950,,,,,,NO_ATC
00009311614,00009-3116-14,,,,,,,NDC_NOT_FOUND
00009074630,00009-0746-30,1000128,G03AC,G03A,G03,G,medroxyprogesterone,OK
00009045003,00009-0450-03,1048447,C10AC,C10A,C10,C,colestipol,OK
00009311602,00009-3116-02,,,,,,,NDC_NOT_FOUND
00009333101,00009-3331-01,,,,,,,NDC_NOT_FOUND
00009338102,00009-3381-02,,,,,,,NDC_NOT_FOUND
00009090218,00009-0902-18,1737582,D10AF,D10A,D10,D,clindamycin,OK
00009344903,00009-3449-03,205881,,,,,,NO_ATC
00009344901,00009-3449-01,205881,,,,,,NO_ATC
00009332901,00009-3329-01,197519,D10AF,D10A,D10,D,clindamycin,OK
00009501201,00009-5012-01,,,,,,,NDC_NOT_FOUND
00009454102,00009-4541-02,200310,,,,,,NO_ATC
00009501301,00009-5013-01,,,,,,,NDC_NOT_FOUND
00009501401,00009-5014-01,,,,,,,NDC_NOT_FOUND
00009470913,00009-4709-13,1000158,G03AC,G03A,G03,G,medroxyprogesterone,OK
00009344801,00009-3448-01,206012,,,,,,NO_ATC
00009513604,00009-5136-04,581614,J01XX,J01X,J01,J,linezolid,OK
00009454402,00009-4544-02,213228,,,,,,NO_ATC
00009514001,00009-5140-01,1662286,J01XX,J01X,J01,J,linezolid,OK
00009035201,00009-0352-01,205877,,,,,,NO_ATC
00009514004,00009-5140-04,1662286,J01XX,J01X,J01,J,linezolid,OK
00009519001,00009-5190-01,284523,,,,,,NO_ATC
00009540001,00009-5400-01,1046920,N07BA,N07B,N07,N,nicotine,OK
00009678002,00009-6780-02,,,,,,,NDC_NOT_FOUND
00009513802,00009-5138-02,262091,J01XX,J01X,J01,J,linezolid,OK
00009513601,00009-5136-01,311345,J01XX,J01X,J01,J,linezolid,OK
00009519101,00009-5191-01,284527,,,,,,NO_ATC
00009540101,00009-5401-01,1797888,N07BA,N07B,N07,N,nicotine,OK
00009719901,00009-7199-01,1549456,H01AX,H01A,H01,H,pegvisomant,OK
00009720001,00009-7200-01,1549454,H01AX,H01A,H01,H,pegvisomant,OK
00009716801,00009-7168-01,404458,H01AX,H01A,H01,H,pegvisomant,OK
00009766304,00009-7663-04,261317,L02BG,L02B,L02,L,exemestane,OK
00009766701,00009-7667-01,259233,D10AF,D10A,D10,D,clindamycin,OK
00009076004,00009-0760-04,205951,,,,,,ERROR
00009989001,00009-9890-01,,,,,,,NDC_NOT_FOUND
00009718801,00009-7188-01,404459,H01AX,H01A,H01,H,pegvisomant,OK
00009766705,00009-7667-05,882533,D10AF,D10A,D10,D,clindamycin,OK
00013010201,00013-0102-01,724154,A07EC,A07E,A07,A,sulfasalazine,OK
00013010101,00013-0101-01,198232,A07EC,A07E,A07,A,sulfasalazine,OK
00013010110,00013-0101-10,208437,A07EC,A07E,A07,A,sulfasalazine,OK
00013010250,00013-0102-50,724154,A07EC,A07E,A07,A,sulfasalazine,OK
00009716601,00009-7166-01,404457,H01AX,H01A,H01,H,pegvisomant,OK
00013104201,00013-1042-01,848330,G03CA,G03C,G03,G,estradiol,OK
00009737611,00009-7376-11,1000154,G03AC,G03A,G03,G,medroxyprogesterone,OK
00013264902,00013-2649-02,762830,H01AC,H01A,H01,H,somatropin,OK
00013264681,00013-2646-81,213352,,,,,,NO_ATC
00013013202,00013-0132-02,205562,L01XX,L01X,L01,L,estramustine,OK
00013265202,00013-2652-02,762841,H01AC,H01A,H01,H,somatropin,OK
00013265302,00013-2653-02,762873,H01AC,H01A,H01,H,somatropin,OK
00013265102,00013-2651-02,762837,H01AC,H01A,H01,H,somatropin,OK
00013265402,00013-2654-02,762846,H01AC,H01A,H01,H,somatropin,OK
00013265602,00013-2656-02,762857,H01AC,H01A,H01,H,somatropin,OK
00013265702,00013-2657-02,762866,H01AC,H01A,H01,H,somatropin,OK
00013215036,00013-2150-36,693307,,,,,,ERROR
00013265802,00013-2658-02,762895,H01AC,H01A,H01,H,somatropin,OK
00013262681,00013-2626-81,212025,,,,,,NO_ATC
00015308060,00015-3080-60,,,,,,,NDC_NOT_FOUND
00013265502,00013-2655-02,762850,H01AC,H01A,H01,H,somatropin,OK
00013265002,00013-2650-02,762834,H01AC,H01A,H01,H,somatropin,OK
00023031304,00023-0313-04,,,,,,,NDC_NOT_FOUND
00023031604,00023-0316-04,,,,,,,NDC_NOT_FOUND
00023010605,00023-0106-05,,,,,,,NDC_NOT_FOUND
00013530117,00013-5301-17,103899,J04AB,J04A,J04,J,rifabutin,OK
00023006604,00023-0066-04,,,,,,,NDC_NOT_FOUND
00023361525,00023-3615-25,992399,J01MA,J01M,J01,J,gatifloxacin,OK
00023320503,00023-3205-03,1009341,S01EE,S01E,S01,S,bimatoprost,OK
00023350731,00023-3507-31,858366,M01AB,M01A,M01,M,ketorolac,OK
00023004203,00023-0042-03,212438,D05AX,D05A,D05,D,tazarotene,OK
00023350730,00023-3507-30,858366,M01AB,M01A,M01,M,ketorolac,OK
00023581230,00023-5812-30,,,,,,,NDC_NOT_FOUND
00023429003,00023-4290-03,1000089,S01GX,S01G,S01,S,alcaftadine,OK
00023530105,00023-5301-05,402092,L04AD,L04A,L04,L,cyclosporine,OK
00023530030,00023-5300-30,,,,,,,NDC_NOT_FOUND
00023367060,00023-3670-60,701858,D10AX,D10A,D10,D,dapsone,OK
00023585801,00023-5858-01,1605257,G03AC,G03A,G03,G,levonorgestrel,OK
00023218105,00023-2181-05,152815,,,,,,NO_ATC
00023585318,00023-5853-18,1368960,A07EC,A07E,A07,A,mesalamine,OK
00023587430,00023-5874-30,,,,,,,NDC_NOT_FOUND
00023588512,00023-5885-12,,,,,,,NDC_NOT_FOUND
00023588615,00023-5886-15,,,,,,,NDC_NOT_FOUND
00023438510,00023-4385-10,,,,,,,NDC_NOT_FOUND
00023586111,00023-5861-11,864820,G04BD,G04B,G04,G,oxybutynin,OK
00023588811,00023-5888-11,,,,,,,NDC_NOT_FOUND
00023590118,00023-5901-18,,,,,,,NDC_NOT_FOUND
00023590204,00023-5902-04,,,,,,,NDC_NOT_FOUND
00023599060,00023-5990-60,,,,,,,NDC_NOT_FOUND
00023590412,00023-5904-12,,,,,,,NDC_NOT_FOUND
00023588717,00023-5887-17,,,,,,,NDC_NOT_FOUND
00023590623,00023-5906-23,,,,,,,NDC_NOT_FOUND
00023601360,00023-6013-60,,,,,,,NDC_NOT_FOUND
00023601460,00023-6014-60,,,,,,,NDC_NOT_FOUND
00023601260,00023-6012-60,,,,,,,NDC_NOT_FOUND
00023600201,00023-6002-01,,,,,,,NDC_NOT_FOUND
00023601660,00023-6016-60,,,,,,,NDC_NOT_FOUND
00023602201,00023-6022-01,,,,,,,NDC_NOT_FOUND
00023602205,00023-6022-05,,,,,,,NDC_NOT_FOUND
00023601560,00023-6015-60,,,,,,,NDC_NOT_FOUND
00023603003,00023-6030-03,,,,,,,NDC_NOT_FOUND
00023587080,00023-5870-80,797697,D07AC,D07A,D07,D,flurandrenolide,OK
00023602101,00023-6021-01,,,,,,,NDC_NOT_FOUND
00023601960,00023-6019-60,,,,,,,NDC_NOT_FOUND
00023611401,00023-6114-01,,,,,,,NDC_NOT_FOUND
00013830304,00013-8303-04,314072,S01EE,S01E,S01,S,latanoprost,OK
00023611001,00023-6110-01,1595462,A09AA,A09A,A09,A,amylase,OK
00023611101,00023-6111-01,1595473,A09AA,A09A,A09,A,amylase,OK
00023611501,00023-6115-01,1595457,A09AA,A09A,A09,A,amylase,OK
00023599230,00023-5992-30,,,,,,,NDC_NOT_FOUND
00023614290,00023-6142-90,,,,,,,NDC_NOT_FOUND
00023614501,00023-6145-01,,,,,,,NDC_NOT_FOUND
00023614230,00023-6142-30,809481,G04CA,G04C,G04,G,silodosin,OK
00023614601,00023-6146-01,,,,,,,NDC_NOT_FOUND
00023614730,00023-6147-30,826614,G04CA,G04C,G04,G,silodosin,OK
00023611201,00023-6112-01,1595478,A09AA,A09A,A09,A,amylase,OK
00023611601,00023-6116-01,1594673,A09AA,A09A,A09,A,amylase,OK
00023611301,00023-6113-01,1595292,A09AA,A09A,A09,A,amylase,OK
00023782410,00023-7824-10,,,,,,,NDC_NOT_FOUND
00023833503,00023-8335-03,212437,D05AX,D05A,D05,D,tazarotene,OK
00023611803,00023-6118-03,351750,D06BB,D06B,D06,D,podofilox,OK
00023615108,00023-6151-08,153580,G03DA,G03D,G03,G,progesterone,OK
00023615004,00023-6150-04,153579,G03DA,G03D,G03,G,progesterone,OK
00023615308,00023-6153-08,404448,G04BD,G04B,G04,G,oxybutynin,OK
00023884205,00023-8842-05,261341,,,,,,NO_ATC
00023869430,00023-8694-30,1043753,D10AX,D10A,D10,D,azelaic acid,OK
00023650110,00023-6501-10,2268227,N02CD,N02C,N02,N,ubrogepant,OK
00023915530,00023-9155-30,284496,D05AX,D05A,D05,D,tazarotene,OK
00023927705,00023-9277-05,403848,,,,,,NO_ATC
00023916360,00023-9163-60,2572293,L04AD,L04A,L04,L,cyclosporine,OK
00023921105,00023-9211-05,597144,,,,,,NO_ATC
00023920105,00023-9201-05,,,,,,,NDC_NOT_FOUND
00023932105,00023-9321-05,615199,,,,,,NO_ATC
00023649810,00023-6498-10,2268231,N02CD,N02C,N02,N,ubrogepant,OK
00024117190,00024-1171-90,213169,B01AC,B01A,B01,B,clopidogrel,OK
00024414260,00024-4142-60,854859,C01BD,C01B,C01,C,dronedarone,OK
00024574502,00024-5745-02,,,,,,,NDC_NOT_FOUND
00024540131,00024-5401-31,210749,,,,,,NO_ATC
00024550131,00024-5501-31,577092,,,,,,NO_ATC
00024542131,00024-5421-31,210762,,,,,,NO_ATC
00024159601,00024-1596-01,198149,,,,,,NO_ATC
00024574702,00024-5747-02,,,,,,,NDC_NOT_FOUND
00023917705,00023-9177-05,349236,,,,,,NO_ATC
00024584305,00024-5843-05,,,,,,,NDC_NOT_FOUND
00024583701,00024-5837-01,863671,G04CA,G04C,G04,G,tamsulosin,OK
00024576105,00024-5761-05,1859000,A10BJ,A10B,A10,A,lixisenatide,OK
00024585230,00024-5852-30,153667,C09CA,C09C,C09,C,irbesartan,OK
00024585090,00024-5850-90,153665,C09CA,C09C,C09,C,irbesartan,OK
00023915630,00023-9156-30,284497,D05AX,D05A,D05,D,tazarotene,OK
00024586903,00024-5869-03,1604544,A10AE,A10A,A10,A,insulin glargine,OK
00024585630,00024-5856-30,823938,C03AA,C03A,C03,C,hydrochlorothiazide,OK
00024585530,00024-5855-30,823934,C03AA,C03A,C03,C,hydrochlorothiazide,OK
00024585130,00024-5851-30,153666,C09CA,C09C,C09,C,irbesartan,OK
00024587102,00024-5871-02,2002420,A10AE,A10A,A10,A,insulin glargine,OK
00024590801,00024-5908-01,1923338,L04AC,L04A,L04,L,sarilumab,OK
00024552131,00024-5521-31,577087,,,,,,NO_ATC
00024591102,00024-5911-02,2583635,D11AH,D11A,D11,D,dupilumab,OK
00024590102,00024-5901-02,1659183,C10AX,C10A,C10,C,alirocumab,OK
00024591502,00024-5915-02,2375329,D11AH,D11A,D11,D,dupilumab,OK
00024591401,00024-5914-01,1876406,D11AH,D11A,D11,D,dupilumab,OK
00024590202,00024-5902-02,1659161,C10AX,C10A,C10,C,alirocumab,OK
00024591902,00024-5919-02,2559707,D11AH,D11A,D11,D,dupilumab,OK
00024591801,00024-5918-01,2099302,D11AH,D11A,D11,D,dupilumab,OK
00024592001,00024-5920-01,2003757,L04AC,L04A,L04,L,sarilumab,OK
00024592201,00024-5922-01,2003767,L04AC,L04A,L04,L,sarilumab,OK
00024591001,00024-5910-01,1923347,L04AC,L04A,L04,L,sarilumab,OK
00024592505,00024-5925-05,1992171,A10AB,A10A,A10,A,insulin lispro,OK
00025101131,00025-1011-31,198224,C03AA,C03A,C03,C,hydrochlorothiazide,OK
00025006131,00025-0061-31,1190641,A03BA,A03B,A03,A,atropine,OK
00025102131,00025-1021-31,,,,,,,NDC_NOT_FOUND
00025100131,00025-1001-31,200820,C03DA,C03D,C03,C,spironolactone,OK
00024592410,00024-5924-10,1992169,A10AB,A10A,A10,A,insulin lispro,OK
00025016608,00025-0166-08,1797880,H01CA,H01C,H01,H,nafarelin,OK
00025103131,00025-1031-31,198222,C03DA,C03D,C03,C,spironolactone,OK
00025138131,00025-1381-31,207243,M01AE,M01A,M01,M,oxaprozin,OK
00025141160,00025-1411-60,1359107,D11AX,D11A,D11,D,diclofenac,OK
00025151501,00025-1515-01,686379,L01XX,L01X,L01,L,celecoxib,OK
00025104131,00025-1041-31,198223,C03DA,C03D,C03,C,spironolactone,OK
00025152031,00025-1520-31,205322,L01XX,L01X,L01,L,celecoxib,OK
00025145160,00025-1451-60,209177,A02BB,A02B,A02,A,misoprostol,OK
00025142160,00025-1421-60,1359109,D11AX,D11A,D11,D,diclofenac,OK
00025146160,00025-1461-60,104098,A02BB,A02B,A02,A,misoprostol,OK
00025182150,00025-1821-50,,,,,,,NDC_NOT_FOUND
00025171001,00025-1710-01,351256,C03DA,C03D,C03,C,eplerenone,OK
00025171002,00025-1710-02,351256,C03DA,C03D,C03,C,eplerenone,OK
00025153002,00025-1530-02,349514,L01XX,L01X,L01,L,celecoxib,OK
00025183131,00025-1831-31,,,,,,,NDC_NOT_FOUND
00025185131,00025-1851-31,,,,,,,NDC_NOT_FOUND
00025172003,00025-1720-03,351257,C03DA,C03D,C03,C,eplerenone,OK
00025186131,00025-1861-31,,,,,,,NDC_NOT_FOUND
00025190131,00025-1901-31,,,,,,,NDC_NOT_FOUND
00025152531,00025-1525-31,205323,L01XX,L01X,L01,L,celecoxib,OK
00025172001,00025-1720-01,351257,C03DA,C03D,C03,C,eplerenone,OK
00025189131,00025-1891-31,,,,,,,NDC_NOT_FOUND
00025194250,00025-1942-50,199055,A01AB,A01A,A01,A,metronidazole,OK
00025274231,00025-2742-31,210242,,,,,,NO_ATC
00025281831,00025-2818-31,897676,C08DA,C08D,C08,C,verapamil,OK
00025271231,00025-2712-31,897661,C08DA,C08D,C08,C,verapamil,OK
00025292431,00025-2924-31,897680,C08DA,C08D,C08,C,verapamil,OK
00025273231,00025-2732-31,209972,,,,,,NO_ATC
00029152611,00029-1526-11,,,,,,,NDC_NOT_FOUND
00029152725,00029-1527-25,,,,,,,NDC_NOT_FOUND
00029152722,00029-1527-22,,,,,,,NDC_NOT_FOUND
00025275231,00025-2752-31,209066,C01BA,C01B,C01,C,disopyramide,OK
00032004770,00032-0047-70,863841,A09AA,A09A,A09,A,amylase,OK
00032120370,00032-1203-70,1113046,A09AA,A09A,A09,A,amylase,OK
00032004670,00032-0046-70,863836,A09AA,A09A,A09,A,amylase,OK
00037006603,00037-0066-03,206798,A07EC,A07E,A07,A,mesalamine,OK
00032301613,00032-3016-13,1373327,A09AA,A09A,A09,A,amylase,OK
00037011360,00037-0113-60,,,,,,,NDC_NOT_FOUND
00032121201,00032-1212-01,855505,,,,,,NO_ATC
00032122401,00032-1224-01,,,,,,,ERROR
00037024523,00037-0245-23,1291866,,,,,,NO_ATC
00037044267,00037-0442-67,209028,N03AX,N03A,N03,N,felbamate,OK
00025276231,00025-2762-31,209692,C01BA,C01B,C01,C,disopyramide,OK
00037067896,00037-0678-96,1653303,,,,,,NO_ATC
00037043101,00037-0431-01,198359,N03AX,N03A,N03,N,felbamate,OK
00032120601,00032-1206-01,855501,,,,,,NO_ATC
00037024330,00037-0243-30,,,,,,,NDC_NOT_FOUND
00037225030,00037-2250-30,730918,M03BA,M03B,M03,M,carisoprodol,OK
00037480170,00037-4801-70,706467,G03CA,G03C,G03,G,estradiol,OK
00037043001,00037-0430-01,198358,N03AX,N03A,N03,N,felbamate,OK
00037225010,00037-2250-10,730794,M03BA,M03B,M03,M,carisoprodol,OK
00037440101,00037-4401-01,198071,M01CC,M01C,M01,M,penicillamine,OK
00037663104,00037-6631-04,,,,,,,NDC_NOT_FOUND
00037605030,00037-6050-30,836649,N05CF,N05C,N05,N,zolpidem,OK
00037682004,00037-6820-04,,,,,,,NDC_NOT_FOUND
00037006605,00037-0066-05,206798,A07EC,A07E,A07,A,mesalamine,OK
00037605093,00037-6050-93,836649,N05CF,N05C,N05,N,zolpidem,OK
00037122150,00037-1221-50,,,,,,,NDC_NOT_FOUND
00037200101,00037-2001-01,197446,M03BA,M03B,M03,M,carisoprodol,OK
00039022110,00039-0221-10,153843,A10BB,A10B,A10,A,glimepiride,OK
00037601030,00037-6010-30,836645,N05CF,N05C,N05,N,zolpidem,OK
00037682210,00037-6822-10,828364,C05AD,C05A,C05,C,pramoxine,OK
00037686010,00037-6860-10,905164,A07EC,A07E,A07,A,olsalazine,OK
00046106505,00046-1065-05,,,,,,,NDC_NOT_FOUND
00046087221,00046-0872-21,688242,G03CA,G03C,G03,G,"estrogens, conjugated (USP)",OK
00039022210,00039-0222-10,153591,A10BB,A10B,A10,A,glimepiride,OK
00037601093,00037-6010-93,836645,N05CF,N05C,N05,N,zolpidem,OK
00046110081,00046-1100-81,197660,G03CA,G03C,G03,G,"estrogens, conjugated (USP)",OK
00039022310,00039-0223-10,153845,A10BB,A10B,A10,A,glimepiride,OK
00046110281,00046-1102-81,150840,G03CA,G03C,G03,G,"estrogens, conjugated (USP)",OK
00046110291,00046-1102-91,150840,G03CA,G03C,G03,G,"estrogens, conjugated (USP)",OK
00046110091,00046-1100-91,197660,G03CA,G03C,G03,G,"estrogens, conjugated (USP)",OK
00046110611,00046-1106-11,1000497,G03CA,G03C,G03,G,"estrogens, conjugated (USP)",OK
00046110511,00046-1105-11,1000491,G03CA,G03C,G03,G,"estrogens, conjugated (USP)",OK
00046110381,00046-1103-81,197661,G03CA,G03C,G03,G,"estrogens, conjugated (USP)",OK
00046110181,00046-1101-81,403849,G03CA,G03C,G03,G,"estrogens, conjugated (USP)",OK
00046110481,00046-1104-81,197662,G03CA,G03C,G03,G,"estrogens, conjugated (USP)",OK
00049005001,00049-0050-01,861066,N06AB,N06A,N06,N,sertraline,OK
00049001483,00049-0014-83,1659600,J01CR,J01C,J01,J,ampicillin / sulbactam,OK
00046257512,00046-2575-12,1000487,G03CA,G03C,G03,G,"estrogens, conjugated (USP)",OK
00049005460,00049-0054-60,284548,N05AE,N05A,N05,N,ziprasidone,OK
00046110711,00046-1107-11,1000499,G03CA,G03C,G03,G,"estrogens, conjugated (USP)",OK
00046110491,00046-1104-91,197662,G03CA,G03C,G03,G,"estrogens, conjugated (USP)",OK
00049002428,00049-0024-28,205843,J01CR,J01C,J01,J,ampicillin / sulbactam,OK
00046110811,00046-1108-11,1000500,G03CA,G03C,G03,G,"estrogens, conjugated (USP)",OK
00049001481,00049-0014-81,1659600,J01CR,J01C,J01,J,ampicillin / sulbactam,OK
00049005860,00049-0058-60,284550,N05AE,N05A,N05,N,ziprasidone,OK
00049011428,00049-0114-28,1804746,J02AX,J02A,J02,J,anidulafungin,OK
00049017807,00049-0178-07,865568,A10BB,A10B,A10,A,glipizide,OK
00049017402,00049-0174-02,865573,A10BB,A10B,A10,A,glipizide,OK
00049035460,00049-0354-60,284548,N05AE,N05A,N05,N,ziprasidone,OK
00049035260,00049-0352-60,285127,N05AE,N05A,N05,N,ziprasidone,OK
00049011628,00049-0116-28,1804750,J02AX,J02A,J02,J,anidulafungin,OK
00049017001,00049-0170-01,865571,A10BB,A10B,A10,A,glipizide,OK
00049035660,00049-0356-60,284549,N05AE,N05A,N05,N,ziprasidone,OK
00049204010,00049-2040-10,1242404,C02CA,C02C,C02,C,doxazosin,OK
00049005660,00049-0056-60,284549,N05AE,N05A,N05,N,ziprasidone,OK
00049233045,00049-2330-45,359493,N02CC,N02C,N02,N,eletriptan,OK
00049208010,00049-2080-10,1242408,C02CA,C02C,C02,C,doxazosin,OK
00049005260,00049-0052-60,285127,N05AE,N05A,N05,N,ziprasidone,OK
00049241010,00049-2410-10,104367,C02CA,C02C,C02,C,doxazosin,OK
00049234045,00049-2340-45,359494,N02CC,N02C,N02,N,eletriptan,OK
00049261410,00049-2614-10,104369,C02CA,C02C,C02,C,doxazosin,OK
00049251210,00049-2512-10,104368,C02CA,C02C,C02,C,doxazosin,OK
00049275066,00049-2750-66,104367,C02CA,C02C,C02,C,doxazosin,OK
00049271030,00049-2710-30,1242404,C02CA,C02C,C02,C,doxazosin,OK
00049278066,00049-2780-66,,,,,,,NDC_NOT_FOUND
00049276066,00049-2760-66,104368,C02CA,C02C,C02,C,doxazosin,OK
00049277066,00049-2770-66,104369,C02CA,C02C,C02,C,doxazosin,OK
00049318030,00049-3180-30,349434,J02AC,J02A,J02,J,voriconazole,OK
00049271610,00049-2716-10,205544,C02CA,C02C,C02,C,doxazosin,OK
00049317030,00049-3170-30,349435,J02AC,J02A,J02,J,voriconazole,OK
00049272030,00049-2720-30,1242408,C02CA,C02C,C02,C,doxazosin,OK
00049316044,00049-3160-44,465355,J02AC,J02A,J02,J,voriconazole,OK
00049035860,00049-0358-60,284550,N05AE,N05A,N05,N,ziprasidone,OK
00049343030,00049-3430-30,197700,D01AC,D01A,D01,D,fluconazole,OK
00049342030,00049-3420-30,197698,D01AC,D01A,D01,D,fluconazole,OK
00049319028,00049-3190-28,351209,J02AC,J02A,J02,J,voriconazole,OK
00049396060,00049-3960-60,,,,,,,NDC_NOT_FOUND
00049341030,00049-3410-30,,,,,,,ERROR
00049345019,00049-3450-19,201901,D01AC,D01A,D01,D,fluconazole,OK
00049392010,00049-3920-10,352228,N05AE,N05A,N05,N,ziprasidone,OK
00049350079,00049-3500-79,197699,D01AC,D01A,D01,D,fluconazole,OK
00049412066,00049-4120-66,,,,,,,NDC_NOT_FOUND
00049392083,00049-3920-83,351223,N05AE,N05A,N05,N,ziprasidone,OK
00049344019,00049-3440-19,201900,D01AC,D01A,D01,D,fluconazole,OK
00049491030,00049-4910-30,208149,N06AB,N06A,N06,N,sertraline,OK
00051002121,00051-0021-21,,,,,,,NDC_NOT_FOUND
00051002221,00051-0022-21,,,,,,,NDC_NOT_FOUND
00049398060,00049-3980-60,284549,N05AE,N05A,N05,N,ziprasidone,OK
00049490030,00049-4900-30,208161,N06AB,N06A,N06,N,sertraline,OK
00049411066,00049-4110-66,,,,,,,NDC_NOT_FOUND
00051002321,00051-0023-21,,,,,,,NDC_NOT_FOUND
00051846212,00051-8462-12,,,,,,,NDC_NOT_FOUND
00051846231,00051-8462-31,,,,,,,NDC_NOT_FOUND
00049399060,00049-3990-60,284550,N05AE,N05A,N05,N,ziprasidone,OK
00049496030,00049-4960-30,212233,N06AB,N06A,N06,N,sertraline,OK
00052010530,00052-0105-30,,,,,,,NDC_NOT_FOUND
00051845030,00051-8450-30,,,,,,,NDC_NOT_FOUND
00052010730,00052-0107-30,,,,,,,NDC_NOT_FOUND
00051846201,00051-8462-01,,,,,,,NDC_NOT_FOUND
00051846230,00051-8462-30,,,,,,,NDC_NOT_FOUND
00052027303,00052-0273-03,,,,,,,NDC_NOT_FOUND
00051846233,00051-8462-33,1100711,,,,,,NO_ATC
00052011030,00052-0110-30,283485,N06AX,N06A,N06,N,mirtazapine,OK
00052060302,00052-0603-02,1653579,,,,,,NO_ATC
00051842530,00051-8425-30,,,,,,,NDC_NOT_FOUND
00052436401,00052-4364-01,211322,N06AX,N06A,N06,N,mirtazapine,OK
00053687100,00053-6871-00,,,,,,,NDC_NOT_FOUND
00052436501,00052-4365-01,211323,N06AX,N06A,N06,N,mirtazapine,OK
00053720102,00053-7201-02,404247,,,,,,NO_ATC
00052010630,00052-0106-30,211322,N06AX,N06A,N06,N,mirtazapine,OK
00054000725,00054-0007-25,308867,A11CC,A11C,A11,A,calcitriol,OK
00054001925,00054-0019-25,198148,A07EA,A07E,A07,A,prednisone,OK
00054006258,00054-0062-58,309313,N06AB,N06A,N06,N,citalopram,OK
00054004544,00054-0045-44,1797833,R01AX,R01A,R01,R,ipratropium bromide,OK
00054001829,00054-0018-29,312615,A07EA,A07E,A07,A,prednisone,OK
00054006447,00054-0064-47,312085,A04AA,A04A,A04,A,ondansetron,OK
00054004641,00054-0046-41,1797844,R01AX,R01A,R01,R,ipratropium bromide,OK
00054007928,00054-0079-28,153719,,,,,,NO_ATC
00054008826,00054-0088-26,197433,V03AE,V03A,V03,V,calcium acetate,OK
00054013749,00054-0137-49,860901,N06DA,N06D,N06,N,galantamine,OK
00054014125,00054-0141-25,199149,A10BF,A10B,A10,A,acarbose,OK
00054016325,00054-0163-25,199058,,,,,,NO_ATC
00054016625,00054-0166-25,200060,,,,,,NO_ATC
00054014308,00054-0143-08,310599,A04AA,A04A,A04,A,granisetron,OK
00054017613,00054-0176-13,351264,N02AE,N02A,N02,N,buprenorphine,OK
00054017713,00054-0177-13,351265,N02AE,N02A,N02,N,buprenorphine,OK
00054018913,00054-0189-13,351267,N02AE,N02A,N02,N,buprenorphine,OK
00054005746,00054-0057-46,393245,C01AA,C01A,C01,C,digoxin,OK
00054023525,00054-0235-25,197994,,,,,,NO_ATC
00054021025,00054-0210-25,,,,,,,ERROR
00054014225,00054-0142-25,199150,A10BF,A10B,A10,A,acarbose,OK
00054023625,00054-0236-25,197997,,,,,,NO_ATC
00054021125,00054-0211-25,198176,,,,,,NO_ATC
00052010830,00052-0108-30,283407,N06AX,N06A,N06,N,mirtazapine,OK
00054023763,00054-0237-63,311766,,,,,,NO_ATC
00054023863,00054-0238-63,311775,,,,,,NO_ATC
00054018813,00054-0188-13,351266,N02AE,N02A,N02,N,buprenorphine,OK
00054024425,00054-0244-25,197538,,,,,,NO_ATC
00054025422,00054-0254-22,310792,C03AA,C03A,C03,C,hydrochlorothiazide,OK
00054025513,00054-0255-13,310793,C03AA,C03A,C03,C,hydrochlorothiazide,OK
00054027413,00054-0274-13,835591,N06AA,N06A,N06,N,imipramine,OK
00054027513,00054-0275-13,835589,N06AA,N06A,N06,N,imipramine,OK
00054025522,00054-0255-22,310793,C03AA,C03A,C03,C,hydrochlorothiazide,OK
00054027313,00054-0273-13,835572,N06AA,N06A,N06,N,imipramine,OK
00054028259,00054-0282-59,904447,M05BA,M05B,M05,M,alendronic acid,OK
00054027613,00054-0276-13,835577,N06AA,N06A,N06,N,imipramine,OK
00054024324,00054-0243-24,197537,,,,,,NO_ATC
00054029613,00054-0296-13,259306,A03AE,A03A,A03,A,alosetron,OK
00054029513,00054-0295-13,403975,A03AE,A03A,A03,A,alosetron,OK
00054033425,00054-0334-25,309140,N07AX,N07A,N07,N,cevimeline,OK
00054028425,00054-0284-25,977874,N02AA,N02A,N02,N,oxymorphone,OK
00054032856,00054-0328-56,896228,R03AK,R03A,R03,R,fluticasone / salmeterol,OK
00054033819,00054-0338-19,406503,H05BX,H05B,H05,H,doxercalciferol,OK
00054034716,00054-0347-16,477234,G01AF,G01A,G01,G,tinidazole,OK
00054024525,00054-0245-25,197539,,,,,,NO_ATC
00054037963,00054-0379-63,313072,,,,,,NO_ATC
00054035725,00054-0357-25,197624,N07BB,N07B,N07,N,disulfiram,OK
00054034807,00054-0348-07,199519,G01AF,G01A,G01,G,tinidazole,OK
00054033919,00054-0339-19,310023,H05BX,H05B,H05,H,doxercalciferol,OK
00054038925,00054-0389-25,977860,N06BA,N06B,N06,N,methamphetamine,OK
00054031950,00054-0319-50,311345,J01XX,J01X,J01,J,linezolid,OK
00054034925,00054-0349-25,861402,C04AX,C04A,C04,C,phenoxybenzamine,OK
00054038819,00054-0388-19,858262,H05BX,H05B,H05,H,doxercalciferol,OK
00054038325,00054-0383-25,1437969,L01AA,L01A,L01,L,cyclophosphamide,OK
00054039063,00054-0390-63,1049604,N02AA,N02A,N02,N,oxycodone,OK
00054040013,00054-0400-13,1874559,N06AX,N06A,N06,N,desvenlafaxine,OK
00054041413,00054-0414-13,834241,M04AA,M04A,M04,M,febuxostat,OK
00054040113,00054-0401-13,1874553,N06AX,N06A,N06,N,desvenlafaxine,OK
00054042725,00054-0427-25,197702,D01AE,D01A,D01,D,flucytosine,OK
00054042523,00054-0425-23,824295,N03AF,N03A,N03,N,rufinamide,OK
00054038225,00054-0382-25,1437968,L01AA,L01A,L01,L,cyclophosphamide,OK
00054040713,00054-0407-13,900575,J05AE,J05A,J05,J,ritonavir,OK
00054042825,00054-0428-25,197703,D01AE,D01A,D01,D,flucytosine,OK
00054044949,00054-0449-49,665019,J02AC,J02A,J02,J,posaconazole,OK
00054047221,00054-0472-21,977438,L01EG,L01E,L01,L,everolimus,OK
00054050823,00054-0508-23,1304979,,,,,,NO_ATC
00054047021,00054-0470-21,977427,L01EG,L01E,L01,L,everolimus,OK
00054042623,00054-0426-23,824301,N03AF,N03A,N03,N,rufinamide,OK
00054049714,00054-0497-14,1119400,L01EG,L01E,L01,L,everolimus,OK
00054051744,00054-0517-44,892625,N02AA,N02A,N02,N,morphine,OK
00054047121,00054-0471-21,977434,L01EG,L01E,L01,L,everolimus,OK
00054052863,00054-0528-63,1092357,N03AF,N03A,N03,N,rufinamide,OK
00054038663,00054-0386-63,897657,N02AA,N02A,N02,N,hydromorphone,OK
00054060313,00054-0603-13,1607617,N06AX,N06A,N06,N,desvenlafaxine,OK
00054252625,00054-2526-25,,,,,,,ERROR
00054084363,00054-0843-63,1044427,N02BE,N02B,N02,N,acetaminophen,OK
00054060421,00054-0604-21,2056895,L01EG,L01E,L01,L,everolimus,OK
00054071119,00054-0711-19,2180997,V03AC,V03A,V03,V,deferiprone,OK
00054317644,00054-3176-44,205702,,,,,,NO_ATC
00054318544,00054-3185-44,309844,N05BA,N05B,N05,N,diazepam,OK
00054309036,00054-3090-36,308838,,,,,,NO_ATC
00054317763,00054-3177-63,309686,A01AC,A01A,A01,A,dexamethasone,OK
00054312041,00054-3120-41,313932,A11CC,A11C,A11,A,calcitriol,OK
00054318863,00054-3188-63,309843,N05BA,N05B,N05,N,diazepam,OK
00054253125,00054-2531-25,197893,,,,,,NO_ATC
00054051750,00054-0517-50,892625,N02AA,N02A,N02,N,morphine,OK
00054352763,00054-3527-63,,,,,,,NDC_NOT_FOUND
00054306844,00054-3068-44,308050,N05BA,N05B,N05,N,alprazolam,OK
00054327099,00054-3270-99,1797907,D07AC,D07A,D07,D,fluticasone,OK
00054353244,00054-3532-44,311376,N05BA,N05B,N05,N,lorazepam,OK
00054329863,00054-3298-63,197731,C03CA,C03C,C03,C,furosemide,OK
00054350547,00054-3505-47,1010878,C01BB,C01B,C01,C,lidocaine,OK
00054329446,00054-3294-46,197730,C03CA,C03C,C03,C,furosemide,OK
00054372144,00054-3721-44,205301,A07EA,A07E,A07,A,prednisone,OK
00054355663,00054-3556-63,311581,,,,,,NO_ATC
00054372763,00054-3727-63,312685,,,,,,NO_ATC
00054373063,00054-3730-63,312687,,,,,,NO_ATC
00054414622,00054-4146-22,309371,A01AB,A01A,A01,A,clotrimazole,OK
00054354563,00054-3545-63,608009,,,,,,NO_ATC
00054355563,00054-3555-63,311585,,,,,,NO_ATC
00054319446,00054-3194-46,1190568,A03BA,A03B,A03,A,atropine,OK
00054417925,00054-4179-25,197577,A01AC,A01A,A01,A,dexamethasone,OK
00054418325,00054-4183-25,197581,A01AC,A01A,A01,A,dexamethasone,OK
00054418125,00054-4181-25,197579,A01AC,A01A,A01,A,dexamethasone,OK
00054418625,00054-4186-25,197583,A01AC,A01A,A01,A,dexamethasone,OK
00054363063,00054-3630-63,311913,G02CC,G02C,G02,G,naproxen,OK
00054372250,00054-3722-50,315187,A07EA,A07E,A07,A,prednisone,OK
00054421925,00054-4219-25,206867,,,,,,NO_ATC
00054418025,00054-4180-25,343033,A01AC,A01A,A01,A,dexamethasone,OK
00054429725,00054-4297-25,310429,C03CA,C03C,C03,C,furosemide,OK
00054429731,00054-4297-31,310429,C03CA,C03C,C03,C,furosemide,OK
00054421825,00054-4218-25,206865,,,,,,NO_ATC
00054449810,00054-4498-10,197861,,,,,,NO_ATC
00054449911,00054-4499-11,197862,,,,,,NO_ATC
00054418425,00054-4184-25,197582,A01AC,A01A,A01,A,dexamethasone,OK
00054455025,00054-4550-25,105585,L01BA,L01B,L01,L,methotrexate,OK
00054452725,00054-4527-25,197890,,,,,,NO_ATC
00054458249,00054-4582-49,1536484,L01BB,L01B,L01,L,mercaptopurine,OK
00054458111,00054-4581-11,197931,L01BB,L01B,L01,L,mercaptopurine,OK
00054472125,00054-4721-25,,,,,,,NDC_NOT_FOUND
00054472831,00054-4728-31,312617,A07EA,A07E,A07,A,prednisone,OK
00054418225,00054-4182-25,197580,A01AC,A01A,A01,A,dexamethasone,OK
00054449613,00054-4496-13,197863,,,,,,NO_ATC
00054962857,00054-9628-57,349482,N01AX,N01A,N01,N,sodium oxybate,OK
00056017270,00056-0172-70,,,,,,,NDC_NOT_FOUND
00056016870,00056-0168-70,,,,,,,NDC_NOT_FOUND
00054449710,00054-4497-10,197860,,,,,,NO_ATC
00054474225,00054-4742-25,198146,A07EA,A07E,A07,A,prednisone,OK
00056017070,00056-0170-70,,,,,,,NDC_NOT_FOUND
00056017690,00056-0176-90,,,,,,,NDC_NOT_FOUND
00056017470,00056-0174-70,,,,,,,NDC_NOT_FOUND
00056016970,00056-0169-70,,,,,,,NDC_NOT_FOUND
00056018970,00056-0189-70,,,,,,,NDC_NOT_FOUND
00056017670,00056-0176-70,,,,,,,NDC_NOT_FOUND
00056051030,00056-0510-30,,,,,,,NDC_NOT_FOUND
00056018870,00056-0188-70,,,,,,,NDC_NOT_FOUND
00056047492,00056-0474-92,,,,,,,NDC_NOT_FOUND
00054457025,00054-4570-25,314100,,,,,,NO_ATC
00065000203,00065-0002-03,,,,,,,NDC_NOT_FOUND
00065026025,00065-0260-25,,,,,,,NDC_NOT_FOUND
00056017370,00056-0173-70,,,,,,,NDC_NOT_FOUND
00065024610,00065-0246-10,,,,,,,NDC_NOT_FOUND
00065027105,00065-0271-05,,,,,,,NDC_NOT_FOUND
00065033230,00065-0332-30,,,,,,,NDC_NOT_FOUND
00065000603,00065-0006-03,,,,,,,NDC_NOT_FOUND
00065032505,00065-0325-05,,,,,,,NDC_NOT_FOUND
00065027225,00065-0272-25,,,,,,,NDC_NOT_FOUND
00065034510,00065-0345-10,,,,,,,NDC_NOT_FOUND
00054474125,00054-4741-25,198144,A07EA,A07E,A07,A,prednisone,OK
00065027510,00065-0275-10,,,,,,,NDC_NOT_FOUND
00065063136,00065-0631-36,,,,,,,NDC_NOT_FOUND
00065064305,00065-0643-05,,,,,,,NDC_NOT_FOUND
00065009605,00065-0096-05,1249631,C05AA,C05A,C05,C,fluorometholone,OK
00065064435,00065-0644-35,,,,,,,NDC_NOT_FOUND
00056047030,00056-0470-30,,,,,,,NDC_NOT_FOUND
00065063825,00065-0638-25,,,,,,,NDC_NOT_FOUND
00065064835,00065-0648-35,,,,,,,NDC_NOT_FOUND
00065065605,00065-0656-05,,,,,,,NDC_NOT_FOUND
00065064515,00065-0645-15,204451,A01AB,A01A,A01,A,natamycin,OK
00065065435,00065-0654-35,,,,,,,NDC_NOT_FOUND
00065064705,00065-0647-05,,,,,,,NDC_NOT_FOUND
00065401303,00065-4013-03,,,,,,,NDC_NOT_FOUND
00065175007,00065-1750-07,,,,,,,NDC_NOT_FOUND
00065066505,00065-0665-05,,,,,,,NDC_NOT_FOUND
00065853110,00065-8531-10,,,,,,,NDC_NOT_FOUND
00065924007,00065-9240-07,,,,,,,NDC_NOT_FOUND
00065066010,00065-0660-10,211020,S01EA,S01E,S01,S,apraclonidine,OK
00065065205,00065-0652-05,1011080,J01GB,J01G,J01,J,tobramycin,OK
00068050960,00068-0509-60,,,,,,,NDC_NOT_FOUND
00068051030,00068-0510-30,,,,,,,NDC_NOT_FOUND
00067434604,00067-4346-04,,,,,,,NDC_NOT_FOUND
00065414727,00065-4147-27,1421456,D11AX,D11A,D11,D,brimonidine,OK
00069018721,00069-0187-21,1601394,L01EF,L01E,L01,L,palbociclib,OK
00065853302,00065-8533-02,403908,J01MA,J01M,J01,J,ciprofloxacin,OK
00069018821,00069-0188-21,1601386,L01EF,L01E,L01,L,palbociclib,OK
00069013501,00069-0135-01,1307630,L01EA,L01E,L01,L,bosutinib,OK
00065427325,00065-4273-25,,,,,,,NDC_NOT_FOUND
00069019301,00069-0193-01,1987734,L01EA,L01E,L01,L,bosutinib,OK
00069019502,00069-0195-02,978727,B01AB,B01A,B01,B,dalteparin,OK
00069015111,00069-0151-11,1243014,L01EK,L01E,L01,L,axitinib,OK
00069019730,00069-0197-30,2058922,L01EB,L01E,L01,L,dacomitinib,OK
00069018921,00069-0189-21,1601390,L01EF,L01E,L01,L,palbociclib,OK
00069013601,00069-0136-01,1307635,L01EA,L01E,L01,L,bosutinib,OK
00069020602,00069-0206-02,978737,B01AB,B01A,B01,B,dalteparin,OK
00069019602,00069-0196-02,978735,B01AB,B01A,B01,B,dalteparin,OK
00069014501,00069-0145-01,1243010,L01EK,L01E,L01,L,axitinib,OK
00069022802,00069-0228-02,978747,B01AB,B01A,B01,B,dalteparin,OK
00069021702,00069-0217-02,978757,B01AB,B01A,B01,B,dalteparin,OK
00069023101,00069-0231-01,2103179,L01ED,L01E,L01,L,lorlatinib,OK
00069022701,00069-0227-01,2103175,L01ED,L01E,L01,L,lorlatinib,OK
00069023201,00069-0232-01,978778,B01AB,B01A,B01,B,dalteparin,OK
00069027430,00069-0274-30,2668057,L04AE,L04A,L04,L,etrasimod,OK
00069022002,00069-0220-02,978741,B01AB,B01A,B01,B,dalteparin,OK
00069024230,00069-0242-30,810071,G04BD,G04B,G04,G,fesoterodine,OK
00069025160,00069-0251-60,2670174,L01ED,L01E,L01,L,crizotinib,OK
00069024430,00069-0244-30,810077,G04BD,G04B,G04,G,fesoterodine,OK
00069025230,00069-0252-30,2639962,L01XK,L01X,L01,L,talazoparib,OK
00069029201,00069-0292-01,2057216,L03AA,L03A,L03,L,filgrastim,OK
00069028403,00069-0284-03,2284108,L01EF,L01E,L01,L,palbociclib,OK
00069022302,00069-0223-02,978745,B01AB,B01A,B01,B,dalteparin,OK
00069029101,00069-0291-01,2057205,L03AA,L03A,L03,L,filgrastim,OK
00069029310,00069-0293-10,2057212,L03AA,L03A,L03,L,filgrastim,OK
00069031310,00069-0313-10,,,,,,,NDC_NOT_FOUND
00069029630,00069-0296-30,2099952,L01XK,L01X,L01,L,talazoparib,OK
00069029860,00069-0298-60,2105860,L01XJ,L01X,L01,L,glasdegib,OK
00069029702,00069-0297-02,2583647,,,,,,NO_ATC
00069023530,00069-0235-30,2591495,D11AH,D11A,D11,D,abrocitinib,OK
00069031301,00069-0313-01,,,,,,,NDC_NOT_FOUND
00069029410,00069-0294-10,2057219,L03AA,L03A,L03,L,filgrastim,OK
00069033428,00069-0334-28,2641607,L04AF,L04A,L04,L,ritlecitinib,OK
00069032501,00069-0325-01,2668071,L04AB,L04A,L04,L,adalimumab,OK
00069032802,00069-0328-02,2668078,L04AB,L04A,L04,L,adalimumab,OK
00069033530,00069-0335-30,2591487,D11AH,D11A,D11,D,abrocitinib,OK
00069035330,00069-0353-30,2099952,L01XK,L01X,L01,L,talazoparib,OK
00069045430,00069-0454-30,2639966,L01XK,L01X,L01,L,talazoparib,OK
00069032401,00069-0324-01,2469340,L03AA,L03A,L03,L,pegfilgrastim,OK
00069041102,00069-0411-02,2583650,,,,,,NO_ATC
00069034401,00069-0344-01,2642148,,,,,,NO_ATC
00069046956,00069-0469-56,636676,N07BA,N07B,N07,N,varenicline,OK
00069046903,00069-0469-03,795735,N07BA,N07B,N07,N,varenicline,OK
00069047103,00069-0471-03,795737,N07BA,N07B,N07,N,varenicline,OK
00069048603,00069-0486-03,2284104,L01EF,L01E,L01,L,palbociclib,OK
00069050130,00069-0501-30,1741049,L04AF,L04A,L04,L,tofacitinib,OK
00069033302,00069-0333-02,2668096,L04AB,L04A,L04,L,adalimumab,OK
00069033621,00069-0336-21,1307431,G04BE,G04B,G04,G,sildenafil,OK
00069050430,00069-0504-30,2672328,L01EA,L01E,L01,L,bosutinib,OK
00069052001,00069-0520-01,2644529,H01AC,H01A,H01,H,somatrogon,OK
00069050760,00069-0507-60,2670178,L01ED,L01E,L01,L,crizotinib,OK
00069050501,00069-0505-01,2644523,H01AC,H01A,H01,H,somatrogon,OK
00069050230,00069-0502-30,2273115,L04AF,L04A,L04,L,tofacitinib,OK
00069046856,00069-0468-56,636671,N07BA,N07B,N07,N,varenicline,OK
00069060001,00069-0600-01,2670566,,,,,,NO_ATC
00069043530,00069-0435-30,2591491,D11AH,D11A,D11,D,abrocitinib,OK
00069068803,00069-0688-03,2284106,L01EF,L01E,L01,L,palbociclib,OK
00069077038,00069-0770-38,616285,L01EX,L01E,L01,L,sunitinib,OK
00069055038,00069-0550-38,616279,L01EX,L01E,L01,L,sunitinib,OK
00069054630,00069-0546-30,2591512,L01XK,L01X,L01,L,talazoparib,OK
00069075730,00069-0757-30,2099956,L01XK,L01X,L01,L,talazoparib,OK
00069097065,00069-0970-65,205623,,,,,,NO_ATC
00069083038,00069-0830-38,1541928,L01EX,L01E,L01,L,sunitinib,OK
00069097193,00069-0971-93,,,,,,,NDC_NOT_FOUND
00069065530,00069-0655-30,2591521,L01XK,L01X,L01,L,talazoparib,OK
00069100101,00069-1001-01,1357547,L04AF,L04A,L04,L,tofacitinib,OK
00069052111,00069-0521-11,2704987,J05AE,J05A,J05,J,ritonavir,OK
00069098038,00069-0980-38,616289,L01EX,L01E,L01,L,sunitinib,OK
00069100201,00069-1002-01,2048568,L04AF,L04A,L04,L,tofacitinib,OK
00069095050,00069-0950-50,199026,,,,,,NO_ATC
00069101101,00069-1011-01,2102440,,,,,,NO_ATC
00069097195,00069-0971-95,,,,,,,NDC_NOT_FOUND
00069103130,00069-1031-30,2639962,L01XK,L01X,L01,L,talazoparib,OK
00069110902,00069-1109-02,2102456,,,,,,NO_ATC
00069102902,00069-1029-02,2478437,L04AF,L04A,L04,L,tofacitinib,OK
00069122401,00069-1224-01,2102460,,,,,,NO_ATC
00069122402,00069-1224-02,2102460,,,,,,NO_ATC
00069110901,00069-1109-01,2102456,,,,,,NO_ATC
00069123530,00069-1235-30,2639966,L01XK,L01X,L01,L,talazoparib,OK
00069130510,00069-1305-10,2047602,,,,,,NO_ATC
00069101415,00069-1014-15,2672326,L01EA,L01E,L01,L,bosutinib,OK
00069130610,00069-1306-10,2047608,,,,,,NO_ATC
00069130810,00069-1308-10,2047596,,,,,,NO_ATC
00069130904,00069-1309-04,2047623,,,,,,NO_ATC
00069131201,00069-1312-01,2102464,,,,,,NO_ATC
00069130710,00069-1307-10,2047614,,,,,,NO_ATC
00069141501,00069-1415-01,2102470,,,,,,NO_ATC
00069131110,00069-1311-10,2463737,,,,,,NO_ATC
00069131202,00069-1312-02,2102464,,,,,,NO_ATC
00069150060,00069-1500-60,2670170,L01ED,L01E,L01,L,crizotinib,OK
00069141502,00069-1415-02,2102470,,,,,,NO_ATC
00069152068,00069-1520-68,212542,C08CA,C08C,C08,C,amlodipine,OK
00069131810,00069-1318-10,2463733,,,,,,NO_ATC
00069119530,00069-1195-30,2099956,L01XK,L01X,L01,L,talazoparib,OK
00069153068,00069-1530-68,197361,C08CA,C08C,C08,C,amlodipine,OK
00069119830,00069-1198-30,2058926,L01EB,L01E,L01,L,dacomitinib,OK
00069155801,00069-1558-01,2102472,,,,,,NO_ATC
00069150130,00069-1501-30,2591512,L01XK,L01X,L01,L,talazoparib,OK
00069155802,00069-1558-02,2102472,,,,,,NO_ATC
00069153130,00069-1531-30,2105856,L01XJ,L01X,L01,L,glasdegib,OK
00069197540,00069-1975-40,2168548,N07XX,N07X,N07,N,tafamidis,OK
00069215030,00069-2150-30,597977,C08CA,C08C,C08,C,amlodipine,OK
00069225030,00069-2250-30,597990,C08CA,C08C,C08,C,amlodipine,OK
00069154068,00069-1540-68,212575,C08CA,C08C,C08,C,amlodipine,OK
00069217030,00069-2170-30,597980,C08CA,C08C,C08,C,amlodipine,OK
00069175130,00069-1751-30,2591521,L01XK,L01X,L01,L,talazoparib,OK
00069219030,00069-2190-30,597984,C08CA,C08C,C08,C,amlodipine,OK
00069218030,00069-2180-30,597967,C08CA,C08C,C08,C,amlodipine,OK
00069216030,00069-2160-30,597987,C08CA,C08C,C08,C,amlodipine,OK
00069227030,00069-2270-30,404013,C08CA,C08C,C08,C,amlodipine,OK
00069226030,00069-2260-30,404011,C08CA,C08C,C08,C,amlodipine,OK
00069260066,00069-2600-66,,,,,,,NDC_NOT_FOUND
00069265066,00069-2650-66,198034,C08CA,C08C,C08,C,nifedipine,OK
00069266066,00069-2660-66,198035,C08CA,C08C,C08,C,nifedipine,OK
00069267066,00069-2670-66,198036,C08CA,C08C,C08,C,nifedipine,OK
00069305175,00069-3051-75,211307,J01FA,J01F,J01,J,azithromycin,OK
00069308030,00069-3080-30,,,,,,,NDC_NOT_FOUND
00069307075,00069-3070-75,226827,J01FA,J01F,J01,J,azithromycin,OK
00069306075,00069-3060-75,212446,J01FA,J01F,J01,J,azithromycin,OK
00069311019,00069-3110-19,211307,J01FA,J01F,J01,J,azithromycin,OK
00069306030,00069-3060-30,212446,J01FA,J01F,J01,J,azithromycin,OK
00069314019,00069-3140-19,105260,J01FA,J01F,J01,J,azithromycin,OK
00069307030,00069-3070-30,226827,J01FA,J01F,J01,J,azithromycin,OK
00069315083,00069-3150-83,1668240,J01FA,J01F,J01,J,azithromycin,OK
00069350002,00069-3500-02,2637980,N02CD,N02C,N02,N,zavegepant,OK
00069323066,00069-3230-66,105930,M01AC,M01A,M01,M,piroxicam,OK
00069437071,00069-4370-71,208980,C02CA,C02C,C02,C,prazosin,OK
00069406101,00069-4061-01,212446,J01FA,J01F,J01,J,azithromycin,OK
00069419068,00069-4190-68,577033,G04BE,G04B,G04,G,sildenafil,OK
00069431071,00069-4310-71,208979,C02CA,C02C,C02,C,prazosin,OK
00069229930,00069-2299-30,2058932,L01EB,L01E,L01,L,dacomitinib,OK
00069531720,00069-5317-20,2599543,J05AE,J05A,J05,J,ritonavir,OK
00069438071,00069-4380-71,198141,C02CA,C02C,C02,C,prazosin,OK
00069581060,00069-5810-60,284405,C01BD,C01B,C01,C,dofetilide,OK
00069532130,00069-5321-30,2587899,J05AE,J05A,J05,J,ritonavir,OK
00069582060,00069-5820-60,285016,C01BD,C01B,C01,C,dofetilide,OK
00069580060,00069-5800-60,284404,C01BD,C01B,C01,C,dofetilide,OK
00069322066,00069-3220-66,105929,M01AC,M01A,M01,M,piroxicam,OK
00069541066,00069-5410-66,206704,,,,,,NO_ATC
00069632330,00069-6323-30,750231,C08CA,C08C,C08,C,amlodipine,OK
00069618030,00069-6180-30,750227,C08CA,C08C,C08,C,amlodipine,OK
00069723230,00069-7232-30,750203,C08CA,C08C,C08,C,amlodipine,OK
00069542066,00069-5420-66,206705,,,,,,NO_ATC
00069656530,00069-6565-30,750235,C08CA,C08C,C08,C,amlodipine,OK
00069674730,00069-6747-30,750239,C08CA,C08C,C08,C,amlodipine,OK
00069814020,00069-8140-20,1148506,L01ED,L01E,L01,L,crizotinib,OK
00071015523,00071-0155-23,617312,C10AA,C10A,C10,C,atorvastatin,OK
00069873030,00069-8730-30,2168540,N07XX,N07X,N07,N,tafamidis,OK
00069781030,00069-7810-30,750199,C08CA,C08C,C08,C,amlodipine,OK
00071000724,00071-0007-24,1313887,N03AB,N03A,N03,N,phenytoin,OK
00071015723,00071-0157-23,617311,C10AA,C10A,C10,C,atorvastatin,OK
00071022023,00071-0220-23,,,,,,,NDC_NOT_FOUND
00069814120,00069-8141-20,1148502,L01ED,L01E,L01,L,crizotinib,OK
00071015623,00071-0156-23,617310,C10AA,C10A,C10,C,atorvastatin,OK
00071022223,00071-0222-23,,,,,,,NDC_NOT_FOUND
00071022323,00071-0223-23,261348,,,,,,NO_ATC
00071035060,00071-0350-60,104836,N06AF,N06A,N06,N,phenelzine,OK
00069765430,00069-7654-30,750207,C08CA,C08C,C08,C,amlodipine,OK
00071023724,00071-0237-24,197682,N03AD,N03A,N03,N,ethosuximide,OK
00071036924,00071-0369-24,312407,,,,,,NO_ATC
00071040124,00071-0401-24,261281,N02BF,N02B,N02,N,gabapentin,OK
00069747630,00069-7476-30,750211,C08CA,C08C,C08,C,amlodipine,OK
00071041813,00071-0418-13,198039,C01DA,C01D,C01,C,nitroglycerin,OK
00071041924,00071-0419-24,198040,C01DA,C01D,C01,C,nitroglycerin,OK
00071015823,00071-0158-23,259255,C10AA,C10A,C10,C,atorvastatin,OK
00071053023,00071-0530-23,207892,C09AA,C09A,C09,C,quinapril,OK
00071051324,00071-0513-24,261280,N02BF,N02B,N02,N,gabapentin,OK
00071052524,00071-0525-24,197949,N03AD,N03A,N03,N,methsuximide,OK
00071053223,00071-0532-23,207893,C09AA,C09A,C09,C,quinapril,OK
00071073720,00071-0737-20,205751,C10AB,C10A,C10,C,gemfibrozil,OK
00071041724,00071-0417-24,198038,C01DA,C01D,C01,C,nitroglycerin,OK
00071052723,00071-0527-23,207891,C09AA,C09A,C09,C,quinapril,OK
00071080624,00071-0806-24,105030,N02BF,N02B,N02,N,gabapentin,OK
00071101268,00071-1012-68,483442,N02BF,N02B,N02,N,pregabalin,OK
00071101468,00071-1014-68,483450,N02BF,N02B,N02,N,pregabalin,OK
00071101668,00071-1016-68,483440,N02BF,N02B,N02,N,pregabalin,OK
00071080324,00071-0803-24,105028,N02BF,N02B,N02,N,gabapentin,OK
00071101368,00071-1013-68,483448,N02BF,N02B,N02,N,pregabalin,OK
00071080524,00071-0805-24,105029,N02BF,N02B,N02,N,gabapentin,OK
00071101768,00071-1017-68,483446,N02BF,N02B,N02,N,pregabalin,OK
00071101968,00071-1019-68,577127,N02BF,N02B,N02,N,pregabalin,OK
00071101568,00071-1015-68,483438,N02BF,N02B,N02,N,pregabalin,OK
00071102601,00071-1026-01,1994395,N02BF,N02B,N02,N,pregabalin,OK
00071053523,00071-0535-23,207895,C09AA,C09A,C09,C,quinapril,OK
00071101868,00071-1018-68,483444,N02BF,N02B,N02,N,pregabalin,OK
00071201223,00071-2012-23,283523,N02BF,N02B,N02,N,gabapentin,OK
00071102701,00071-1027-01,1994389,N02BF,N02B,N02,N,pregabalin,OK
00071221420,00071-2214-20,1313884,N03AB,N03A,N03,N,phenytoin,OK
00071241823,00071-2418-23,,,,,,,NDC_NOT_FOUND
00071241835,00071-2418-35,,,,,,,NDC_NOT_FOUND
00071201247,00071-2012-47,351973,N02BF,N02B,N02,N,gabapentin,OK
00071201244,00071-2012-44,351973,N02BF,N02B,N02,N,gabapentin,OK
00071221435,00071-2214-35,1313884,N03AB,N03A,N03,N,phenytoin,OK
00071241819,00071-2418-19,755357,N03AD,N03A,N03,N,ethosuximide,OK
00074006328,00074-0063-28,,,,,,,NDC_NOT_FOUND
00071102001,00071-1020-01,898718,N02BF,N02B,N02,N,pregabalin,OK
00074003828,00074-0038-28,2049858,H01CC,H01C,H01,H,elagolix,OK
00074003956,00074-0039-56,2049862,H01CC,H01C,H01,H,elagolix,OK
00074012402,00074-0124-02,1921240,L04AB,L04A,L04,L,adalimumab,OK
00071521223,00071-5212-23,809858,C09AA,C09A,C09,C,quinapril,OK
00071102901,00071-1029-01,1994392,N02BF,N02B,N02,N,pregabalin,OK
00071374066,00071-3740-66,855871,N03AB,N03A,N03,N,phenytoin,OK
00074012403,00074-0124-03,1921245,L04AB,L04A,L04,L,adalimumab,OK
00074012404,00074-0124-04,2531134,L04AB,L04A,L04,L,adalimumab,OK
00074006702,00074-0067-02,1855527,L04AB,L04A,L04,L,adalimumab,OK
00074055402,00074-0554-02,1872980,L04AB,L04A,L04,L,adalimumab,OK
00074024302,00074-0243-02,1726846,L04AB,L04A,L04,L,adalimumab,OK
00071311223,00071-3112-23,809854,C09AA,C09A,C09,C,quinapril,OK
00074057622,00074-0576-22,1747567,L01XX,L01X,L01,L,venetoclax,OK
00074056607,00074-0566-07,1747579,L01XX,L01X,L01,L,venetoclax,OK
00074056114,00074-0561-14,1747577,L01XX,L01X,L01,L,venetoclax,OK
00074061602,00074-0616-02,1551888,,,,,,NO_ATC
00074081702,00074-0817-02,1921010,L04AB,L04A,L04,L,adalimumab,OK
00074105305,00074-1053-05,,,,,,,NDC_NOT_FOUND
00074104328,00074-1043-28,2596960,L04AF,L04A,L04,L,upadacitinib,OK
00074052260,00074-0522-60,746645,J05AR,J05A,J05,J,lopinavir / ritonavir,OK
00074105205,00074-1052-05,,,,,,,NDC_NOT_FOUND
00074101756,00074-1017-56,2371768,H01CC,H01C,H01,H,elagolix,OK
00074194063,00074-1940-63,,,,,,,NDC_NOT_FOUND
00074106501,00074-1065-01,2613759,L04AC,L04A,L04,L,risankizumab,OK
00074204202,00074-2042-02,,,,,,,NDC_NOT_FOUND
00074107001,00074-1070-01,2604628,L04AC,L04A,L04,L,risankizumab,OK
00074105001,00074-1050-01,2540699,L04AC,L04A,L04,L,risankizumab,OK
00074210001,00074-2100-01,2540695,L04AC,L04A,L04,L,risankizumab,OK
00074153903,00074-1539-03,1921468,L04AB,L04A,L04,L,adalimumab,OK
00074057928,00074-0579-28,1747580,L01XX,L01X,L01,L,venetoclax,OK
00074210803,00074-2108-03,1115464,L02AE,L02A,L02,L,leuprolide,OK
00074230630,00074-2306-30,2196900,L04AF,L04A,L04,L,upadacitinib,OK
00074232001,00074-2320-01,2681019,L04AF,L04A,L04,L,upadacitinib,OK
00074234030,00074-2340-30,900577,J05AE,J05A,J05,J,ritonavir,OK
00074302313,00074-3023-13,,,,,,,NDC_NOT_FOUND
00074260028,00074-2600-28,2557910,J05AP,J05A,J05,J,glecaprevir / pibrentasvir,OK
00074300860,00074-3008-60,847745,J05AR,J05A,J05,J,lopinavir / ritonavir,OK
00074231030,00074-2310-30,2590054,L04AF,L04A,L04,L,upadacitinib,OK
00074304153,00074-3041-53,,,,,,,NDC_NOT_FOUND
00074304353,00074-3043-53,,,,,,,NDC_NOT_FOUND
00074305413,00074-3054-13,,,,,,,NDC_NOT_FOUND
00074305453,00074-3054-53,,,,,,,NDC_NOT_FOUND
00074309328,00074-3093-28,,,,,,,NDC_NOT_FOUND
00074308228,00074-3082-28,,,,,,,NDC_NOT_FOUND
00074310832,00074-3108-32,835896,L04AD,L04A,L04,L,cyclosporine,OK
00074262528,00074-2625-28,1940709,J05AP,J05A,J05,J,glecaprevir / pibrentasvir,OK
00074310932,00074-3109-32,835835,L04AD,L04A,L04,L,cyclosporine,OK
00074319716,00074-3197-16,,,,,,,NDC_NOT_FOUND
00074316190,00074-3161-90,828381,C10AB,C10A,C10,C,fenofibrate,OK
00074318990,00074-3189-90,540281,C10AB,C10A,C10,C,fenofibrate,OK
00074323956,00074-3239-56,,,,,,,NDC_NOT_FOUND
00074326590,00074-3265-90,,,,,,,NDC_NOT_FOUND
00074254003,00074-2540-03,1594358,L04AB,L04A,L04,L,adalimumab,OK
00074327813,00074-3278-13,,,,,,,NDC_NOT_FOUND
00074317390,00074-3173-90,544518,C10AB,C10A,C10,C,fenofibrate,OK
00074301207,00074-3012-07,1599852,N04BA,N04B,N04,N,levodopa,OK
00074327590,00074-3275-90,,,,,,,NDC_NOT_FOUND
00074316290,00074-3162-90,828377,C10AB,C10A,C10,C,fenofibrate,OK
00074305846,00074-3058-46,,,,,,,NDC_NOT_FOUND
00074328913,00074-3289-13,,,,,,,NDC_NOT_FOUND
00074327490,00074-3274-90,,,,,,,NDC_NOT_FOUND
00074333330,00074-3333-30,,,,,,,NDC_NOT_FOUND
00074328713,00074-3287-13,,,,,,,NDC_NOT_FOUND
00074328256,00074-3282-56,,,,,,,NDC_NOT_FOUND
00074347303,00074-3473-03,1115259,L02AE,L02A,L02,L,leuprolide,OK
00074339930,00074-3399-30,1926069,J05AE,J05A,J05,J,ritonavir,OK
00074329013,00074-3290-13,,,,,,,NDC_NOT_FOUND
00074364103,00074-3641-03,1115459,L02AE,L02A,L02,L,leuprolide,OK
00074327819,00074-3278-19,,,,,,,NDC_NOT_FOUND
00074357501,00074-3575-01,1115259,L02AE,L02A,L02,L,leuprolide,OK
00074368303,00074-3683-03,1115471,,,,,,NO_ATC
00074364203,00074-3642-03,1115464,L02AE,L02A,L02,L,leuprolide,OK
00074372790,00074-3727-90,966271,H03AA,H03A,H03,H,levothyroxine sodium,OK
00074366303,00074-3663-03,1115473,L02AE,L02A,L02,L,leuprolide,OK
00074377903,00074-3779-03,1115473,L02AE,L02A,L02,L,leuprolide,OK
00074382613,00074-3826-13,,,,,,,NDC_NOT_FOUND
00074401412,00074-4014-12,847741,J05AR,J05A,J05,J,lopinavir / ritonavir,OK
00074395646,00074-3956-46,284477,,,,,,NO_ATC
00074431430,00074-4314-30,,,,,,,NDC_NOT_FOUND
00074379903,00074-3799-03,1594358,L04AB,L04A,L04,L,adalimumab,OK
00074433902,00074-4339-02,1655728,L04AB,L04A,L04,L,adalimumab,OK
00074433906,00074-4339-06,727703,L04AB,L04A,L04,L,adalimumab,OK
00074379906,00074-3799-06,1594352,L04AB,L04A,L04,L,adalimumab,OK
00074433907,00074-4339-07,1655728,L04AB,L04A,L04,L,adalimumab,OK
00074334603,00074-3346-03,1115468,L02AE,L02A,L02,L,leuprolide,OK
00074568113,00074-5681-13,,,,,,,NDC_NOT_FOUND
00074621213,00074-6212-13,,,,,,,NDC_NOT_FOUND
00074518290,00074-5182-90,966171,H03AA,H03A,H03,H,levothyroxine sodium,OK
00074621513,00074-6215-13,,,,,,,NDC_NOT_FOUND
00074568216,00074-5682-16,,,,,,,NDC_NOT_FOUND
00074634702,00074-6347-02,,,,,,,NDC_NOT_FOUND
00074611413,00074-6114-13,1099598,,,,,,NO_ATC
00074434190,00074-4341-90,966158,H03AA,H03A,H03,H,levothyroxine sodium,OK
00074379902,00074-3799-02,727703,L04AB,L04A,L04,L,adalimumab,OK
00074455290,00074-4552-90,966247,H03AA,H03A,H03,H,levothyroxine sodium,OK
00074659490,00074-6594-90,966282,H03AA,H03A,H03,H,levothyroxine sodium,OK
00074706890,00074-7068-90,966191,H03AA,H03A,H03,H,levothyroxine sodium,OK
00074679922,00074-6799-22,597730,J05AR,J05A,J05,J,lopinavir / ritonavir,OK
00074621413,00074-6214-13,1099679,,,,,,NO_ATC
00074707090,00074-7070-90,966205,H03AA,H03A,H03,H,levothyroxine sodium,OK
00074662490,00074-6624-90,966250,H03AA,H03A,H03,H,levothyroxine sodium,OK
00074709630,00074-7096-30,2571846,N02CD,N02C,N02,N,atogepant,OK
00074714890,00074-7148-90,966251,H03AA,H03A,H03,H,levothyroxine sodium,OK
00074712613,00074-7126-13,,,,,,,NDC_NOT_FOUND
00074726950,00074-7269-50,309632,L04AD,L04A,L04,L,cyclosporine,OK
00074706990,00074-7069-90,966201,H03AA,H03A,H03,H,levothyroxine sodium,OK
00074709430,00074-7094-30,2571850,N02CD,N02C,N02,N,atogepant,OK
00074709530,00074-7095-30,2571842,N02CD,N02C,N02,N,atogepant,OK
00074740113,00074-7401-13,1099565,,,,,,NO_ATC
00074780413,00074-7804-13,,,,,,,NDC_NOT_FOUND
00074740213,00074-7402-13,1099571,,,,,,NO_ATC
00074732613,00074-7326-13,1099679,,,,,,NO_ATC
00074780419,00074-7804-19,,,,,,,NDC_NOT_FOUND
00074709804,00074-7098-04,2584557,N07AX,N07A,N07,N,pilocarpine,OK
00074903630,00074-9036-30,606854,H05BX,H05B,H05,H,paricalcitol,OK
00074732713,00074-7327-13,1099871,,,,,,NO_ATC
00074937402,00074-9374-02,,,,,,,NDC_NOT_FOUND
00074714990,00074-7149-90,966218,H03AA,H03A,H03,H,levothyroxine sodium,OK
00075062280,00075-0622-80,727729,,,,,,NO_ATC
00075062160,00075-0621-60,727728,,,,,,NO_ATC
00074903730,00074-9037-30,606859,H05BX,H05B,H05,H,paricalcitol,OK
00075062300,00075-0623-00,727723,,,,,,NO_ATC
00075062430,00075-0624-30,727726,,,,,,NO_ATC
00074929690,00074-9296-90,966185,H03AA,H03A,H03,H,levothyroxine sodium,OK
00075062040,00075-0620-40,727727,,,,,,NO_ATC
00075802010,00075-8020-10,854249,B01AB,B01A,B01,B,enoxaparin,OK
00075291201,00075-2912-01,727724,,,,,,NO_ATC
00074732513,00074-7325-13,1099626,,,,,,NO_ATC
00075291501,00075-2915-01,727725,,,,,,NO_ATC
00078018001,00078-0180-01,207194,H01CB,H01C,H01,H,octreotide,OK
00078024815,00078-0248-15,108843,,,,,,NO_ATC
00078018201,00078-0182-01,207200,H01CB,H01C,H01,H,octreotide,OK
00078024015,00078-0240-15,197553,L04AD,L04A,L04,L,cyclosporine,OK
00078011022,00078-0110-22,212957,L04AD,L04A,L04,L,cyclosporine,OK
00078032705,00078-0327-05,,,,,,,NDC_NOT_FOUND
00078024115,00078-0241-15,197552,L04AD,L04A,L04,L,cyclosporine,OK
00078024915,00078-0249-15,153124,L02BG,L02B,L02,L,letrozole,OK
00078027422,00078-0274-22,212956,,,,,,NO_ATC
00078031534,00078-0315-34,200285,C03AA,C03A,C03,C,hydrochlorothiazide,OK
00078031434,00078-0314-34,200284,C03AA,C03A,C03,C,hydrochlorothiazide,OK
00078034642,00078-0346-42,242892,G03CA,G03C,G03,G,estradiol,OK
00078035105,00078-0351-05,,,,,,,NDC_NOT_FOUND
00078018101,00078-0181-01,207198,H01CB,H01C,H01,H,octreotide,OK
00078035415,00078-0354-15,360507,C10AA,C10A,C10,C,fluvastatin,OK
00078034342,00078-0343-42,241946,G03CA,G03C,G03,G,estradiol,OK
00078035205,00078-0352-05,,,,,,,NDC_NOT_FOUND
00078033705,00078-0337-05,261360,N03AF,N03A,N03,N,oxcarbazepine,OK
00078035934,00078-0359-34,349201,C09CA,C09C,C09,C,valsartan,OK
00078035752,00078-0357-52,283536,N03AF,N03A,N03,N,oxcarbazepine,OK
00078036034,00078-0360-34,349200,C09CA,C09C,C09,C,valsartan,OK
00078034542,00078-0345-42,1149634,G03CA,G03C,G03,G,estradiol,OK
00078034442,00078-0344-42,242891,G03CA,G03C,G03,G,estradiol,OK
00078036405,00078-0364-05,349442,,,,,,NO_ATC
00078024615,00078-0246-15,108845,,,,,,NO_ATC
00078036542,00078-0365-42,248478,G03CA,G03C,G03,G,estradiol,OK
00078035834,00078-0358-34,349199,C09CA,C09C,C09,C,valsartan,OK
00078038005,00078-0380-05,351143,,,,,,NO_ATC
00078037205,00078-0372-05,1091197,N06BA,N06B,N06,N,methylphenidate,OK
00078037105,00078-0371-05,1091182,N06BA,N06B,N06,N,methylphenidate,OK
00078037905,00078-0379-05,629569,,,,,,NO_ATC
00078038105,00078-0381-05,351144,,,,,,NO_ATC
00078038334,00078-0383-34,349353,C03AA,C03A,C03,C,hydrochlorothiazide,OK
00078038666,00078-0386-66,485023,L04AA,L04A,L04,L,mycophenolic acid,OK
00078040705,00078-0407-05,,,,,,,NDC_NOT_FOUND
00078038566,00078-0385-66,485020,L04AA,L04A,L04,L,mycophenolic acid,OK
00078040505,00078-0405-05,212704,,,,,,NO_ATC
00078038205,00078-0382-05,351145,,,,,,NO_ATC
00078040134,00078-0401-34,403878,L01EA,L01E,L01,L,imatinib,OK
00078040905,00078-0409-05,,,,,,,NDC_NOT_FOUND
00078040805,00078-0408-05,,,,,,,NDC_NOT_FOUND
00078037005,00078-0370-05,1091167,N06BA,N06B,N06,N,methylphenidate,OK
00078040605,00078-0406-05,212714,,,,,,NO_ATC
00078041520,00078-0415-20,977440,L01EG,L01E,L01,L,everolimus,OK
00078042405,00078-0424-05,1091143,N06BA,N06B,N06,N,methylphenidate,OK
00078041420,00078-0414-20,977436,L01EG,L01E,L01,L,everolimus,OK
00078042220,00078-0422-20,2056897,L01EG,L01E,L01,L,everolimus,OK
00078041720,00078-0417-20,977431,L01EG,L01E,L01,L,everolimus,OK
00078042261,00078-0422-61,2056897,L01EG,L01E,L01,L,everolimus,OK
00078043105,00078-0431-05,577228,,,,,,NO_ATC
00078044005,00078-0440-05,108799,,,,,,NO_ATC
00078043905,00078-0439-05,1091500,N06BA,N06B,N06,N,methylphenidate,OK
00078043205,00078-0432-05,577234,,,,,,NO_ATC
00078043405,00078-0434-05,1006610,N06BA,N06B,N06,N,dexmethylphenidate,OK
00078044105,00078-0441-05,1091395,N06BA,N06B,N06,N,methylphenidate,OK
00078042315,00078-0423-15,349483,C09CA,C09C,C09,C,valsartan,OK
00078043305,00078-0433-05,892231,,,,,,NO_ATC
00078045705,00078-0457-05,262090,N03AF,N03A,N03,N,oxcarbazepine,OK
00078046815,00078-0468-15,597768,V03AC,V03A,V03,V,deferasirox,OK
00078043005,00078-0430-05,577235,,,,,,NO_ATC
00078047015,00078-0470-15,597772,V03AC,V03A,V03,V,deferasirox,OK
00078047234,00078-0472-34,636045,C03AA,C03A,C03,C,hydrochlorothiazide,OK
00078046915,00078-0469-15,597770,V03AC,V03A,V03,V,deferasirox,OK
00078047134,00078-0471-34,636042,C03AA,C03A,C03,C,hydrochlorothiazide,OK
00078048815,00078-0488-15,722134,C08CA,C08C,C08,C,amlodipine,OK
00078048915,00078-0489-15,722126,C08CA,C08C,C08,C,amlodipine,OK
00078049015,00078-0490-15,722137,C08CA,C08C,C08,C,amlodipine,OK
00078049471,00078-0494-71,213194,J01GB,J01G,J01,J,tobramycin,OK
00078050215,00078-0502-15,725023,N06DA,N06D,N06,N,rivastigmine,OK
00078045605,00078-0456-05,261356,N03AF,N03A,N03,N,oxcarbazepine,OK
00078049115,00078-0491-15,722131,C08CA,C08C,C08,C,amlodipine,OK
00078050115,00078-0501-15,725021,N06DA,N06D,N06,N,rivastigmine,OK
00078050905,00078-0509-05,308972,N03AF,N03A,N03,N,carbamazepine,OK
00078049305,00078-0493-05,647106,,,,,,NO_ATC
00078051005,00078-0510-05,199378,N03AF,N03A,N03,N,carbamazepine,OK
00078050315,00078-0503-15,1308571,N06DA,N06D,N06,N,rivastigmine,OK
00078054505,00078-0545-05,,,,,,,NDC_NOT_FOUND
00078052705,00078-0527-05,,,,,,,NDC_NOT_FOUND
00078051105,00078-0511-05,308978,,,,,,NO_ATC
00078051205,00078-0512-05,308980,,,,,,NO_ATC
00078050883,00078-0508-83,308971,N03AF,N03A,N03,N,carbamazepine,OK
00078056115,00078-0561-15,848134,C08CA,C08C,C08,C,amlodipine,OK
00078056015,00078-0560-15,848149,C08CA,C08C,C08,C,amlodipine,OK
00078056751,00078-0567-51,845512,L01EG,L01E,L01,L,everolimus,OK
00078056315,00078-0563-15,848139,C08CA,C08C,C08,C,amlodipine,OK
00078056215,00078-0562-15,848155,C08CA,C08C,C08,C,amlodipine,OK
00078056845,00078-0568-45,847734,P01BE,P01B,P01,P,artemether,OK
00078056651,00078-0566-51,845518,L01EG,L01E,L01,L,everolimus,OK
00078056912,00078-0569-12,860244,L03AB,L03A,L03,L,interferon beta-1b,OK
00078054405,00078-0544-05,,,,,,,NDC_NOT_FOUND
00078052687,00078-0526-87,746606,L01EA,L01E,L01,L,nilotinib,OK
00078059287,00078-0592-87,1002300,L01EA,L01E,L01,L,nilotinib,OK
00078055915,00078-0559-15,848144,C08CA,C08C,C08,C,amlodipine,OK
00078056961,00078-0569-61,860244,L03AB,L03A,L03,L,interferon beta-1b,OK
00078060805,00078-0608-05,1101928,N06BA,N06B,N06,N,dexmethylphenidate,OK
00078062051,00078-0620-51,1119402,L01EG,L01E,L01,L,everolimus,OK
00078060905,00078-0609-05,1101934,N06BA,N06B,N06,N,dexmethylphenidate,OK
00078062851,00078-0628-51,1310147,L01EG,L01E,L01,L,everolimus,OK
00078060715,00078-0607-15,1012899,L04AE,L04A,L04,L,fingolimod,OK
00078062751,00078-0627-51,1310144,L01EG,L01E,L01,L,everolimus,OK
00078063035,00078-0630-35,1374574,J01GB,J01G,J01,J,tobramycin,OK
00078062651,00078-0626-51,1310138,L01EG,L01E,L01,L,everolimus,OK
00078059451,00078-0594-51,998191,L01EG,L01E,L01,L,everolimus,OK
00078063998,00078-0639-98,1599797,L04AC,L04A,L04,L,secukinumab,OK
00078063420,00078-0634-20,1364118,H01CB,H01C,H01,H,pasireotide,OK
00078064070,00078-0640-70,,,,,,,NDC_NOT_FOUND
00078063520,00078-0635-20,1364122,H01CB,H01C,H01,H,pasireotide,OK
00078065106,00078-0651-06,,,,,,,NDC_NOT_FOUND
00078063941,00078-0639-41,1599797,L04AC,L04A,L04,L,secukinumab,OK
00078063320,00078-0633-20,1364114,H01CB,H01C,H01,H,pasireotide,OK
00078064913,00078-0649-13,404589,L01EA,L01E,L01,L,imatinib,OK
00078065006,00078-0650-06,,,,,,,NDC_NOT_FOUND
00078065415,00078-0654-15,1607798,V03AC,V03A,V03,V,deferasirox,OK
00078066815,00078-0668-15,,,,,,,NDC_NOT_FOUND
00078065615,00078-0656-15,1607794,V03AC,V03A,V03,V,deferasirox,OK
00078066615,00078-0666-15,,,,,,,NDC_NOT_FOUND
00078064930,00078-0649-30,404589,L01EA,L01E,L01,L,imatinib,OK
00078067919,00078-0679-19,,,,,,,NDC_NOT_FOUND
00078067066,00078-0670-66,,,,,,,NDC_NOT_FOUND
00078065206,00078-0652-06,,,,,,,NDC_NOT_FOUND
00078068019,00078-0680-19,,,,,,,NDC_NOT_FOUND
00078065515,00078-0655-15,1607790,V03AC,V03A,V03,V,deferasirox,OK
00078067119,00078-0671-19,672152,L01EH,L01E,L01,L,lapatinib,OK
00078067615,00078-0676-15,,,,,,,NDC_NOT_FOUND
00078068166,00078-0681-66,1425230,L01EC,L01E,L01,L,dabrafenib,OK
00078068266,00078-0682-66,1425228,L01EC,L01E,L01,L,dabrafenib,OK
00078068515,00078-0685-15,825425,B02BX,B02B,B02,B,eltrombopag,OK
00078068715,00078-0687-15,884619,B02BX,B02B,B02,B,eltrombopag,OK
00078069484,00078-0694-84,2121061,L01ED,L01E,L01,L,ceritinib,OK
00078069899,00078-0698-99,1919094,L01EX,L01E,L01,L,midostaurin,OK
00078069761,00078-0697-61,1859501,B02BX,B02B,B02,B,eltrombopag,OK
00078065920,00078-0659-20,1656346,C09DX,C09D,C09,C,sacubitril / valsartan,OK
00078070184,00078-0701-84,2169314,L01EM,L01E,L01,L,alpelisib,OK
00078069620,00078-0696-20,1656356,C09DX,C09D,C09,C,sacubitril / valsartan,OK
00078070802,00078-0708-02,2169322,L01EM,L01E,L01,L,alpelisib,OK
00078071315,00078-0713-15,1923829,V03AC,V03A,V03,V,deferasirox,OK
00078068415,00078-0684-15,1245003,B02BX,B02B,B02,B,eltrombopag,OK
00078070956,00078-0709-56,2362240,L01EP,L01E,L01,L,capmatinib,OK
00078071656,00078-0716-56,2362244,L01EP,L01E,L01,L,capmatinib,OK
00078071502,00078-0715-02,2169320,L01EM,L01E,L01,L,alpelisib,OK
00078072715,00078-0727-15,1923825,V03AC,V03A,V03,V,deferasirox,OK
00078072210,00078-0722-10,213272,S01EC,S01E,S01,S,brinzolamide,OK
00078072910,00078-0729-10,213729,C07AB,C07A,C07,C,betaxolol,OK
00078074303,00078-0743-03,1365866,S01BC,S01B,S01,S,nepafenac,OK
00078072015,00078-0720-15,1923827,V03AC,V03A,V03,V,deferasirox,OK
00078077101,00078-0771-01,208601,A01AC,A01A,A01,A,dexamethasone,OK
00078073610,00078-0736-10,206792,S01GX,S01G,S01,S,lodoxamide,OK
00078079975,00078-0799-75,404630,J01MA,J01M,J01,J,ciprofloxacin,OK
00078068615,00078-0686-15,825429,B02BX,B02B,B02,B,eltrombopag,OK
00078077720,00078-0777-20,1656351,C09DX,C09D,C09,C,sacubitril / valsartan,OK
00078077803,00078-0778-03,603978,S01BC,S01B,S01,S,nepafenac,OK
00078083430,00078-0834-30,1797898,R01AC,R01A,R01,R,olopatadine,OK
00078084101,00078-0841-01,213307,J01MA,J01M,J01,J,ciprofloxacin,OK
00078086225,00078-0862-25,804547,D07AC,D07A,D07,D,difluprednate,OK
00078086742,00078-0867-42,1873993,L01EF,L01E,L01,L,ribociclib,OK
00078081301,00078-0813-01,207850,J01GB,J01G,J01,J,tobramycin,OK
00078087463,00078-0874-63,1873995,L01EF,L01E,L01,L,ribociclib,OK
00078085526,00078-0855-26,213320,J01MA,J01M,J01,J,ciprofloxacin,OK
00078086001,00078-0860-01,1873991,L01EF,L01E,L01,L,ribociclib,OK
00078079205,00078-0792-05,208591,A01AC,A01A,A01,A,dexamethasone,OK
00078091112,00078-0911-12,1801840,S01XA,S01X,S01,S,lifitegrast,OK
00078090961,00078-0909-61,1923054,L01EF,L01E,L01,L,ribociclib,OK
00078087601,00078-0876-01,208821,J01GB,J01G,J01,J,tobramycin,OK
00078091661,00078-0916-61,1923056,L01EF,L01E,L01,L,ribociclib,OK
00078093926,00078-0939-26,404473,J01MA,J01M,J01,J,moxifloxacin,OK
00078094640,00078-0946-40,285032,S01EE,S01E,S01,S,travoprost,OK
00078095166,00078-0951-66,2002719,L01EA,L01E,L01,L,nilotinib,OK
00078092525,00078-0925-25,205669,A01AC,A01A,A01,A,dexamethasone,OK
00078090438,00078-0904-38,1421456,D11AX,D11A,D11,D,brimonidine,OK
00078096589,00078-0965-89,2045493,L04AE,L04A,L04,L,fingolimod,OK
00078097912,00078-0979-12,2123314,L04AE,L04A,L04,L,siponimod,OK
00078098615,00078-0986-15,2121100,L04AE,L04A,L04,L,siponimod,OK
00078092361,00078-0923-61,1923058,L01EF,L01E,L01,L,ribociclib,OK
00078097989,00078-0979-89,2594797,L04AE,L04A,L04,L,siponimod,OK
00078102184,00078-1021-84,2598467,L01EM,L01E,L01,L,alpelisib,OK
00078101415,00078-1014-15,2594608,L04AE,L04A,L04,L,siponimod,OK
00078097950,00078-0979-50,2121096,L04AE,L04A,L04,L,siponimod,OK
00078100768,00078-1007-68,2390954,L01FA,L01F,L01,L,ofatumumab,OK
00078095325,00078-0953-25,208813,J01GB,J01G,J01,J,tobramycin,OK
00078097261,00078-0972-61,2058981,B02BX,B02B,B02,B,eltrombopag,OK
00078102884,00078-1028-84,2598465,L01EM,L01E,L01,L,alpelisib,OK
00078107766,00078-1077-66,867506,L01EX,L01E,L01,L,pazopanib,OK
00078103502,00078-1035-02,2598470,L01EM,L01E,L01,L,alpelisib,OK
00078109820,00078-1098-20,2584330,L01EA,L01E,L01,L,asciminib,OK
00078109120,00078-1091-20,2584326,L01EA,L01E,L01,L,asciminib,OK
00078107068,00078-1070-68,2637348,L04AC,L04A,L04,L,secukinumab,OK
00078115421,00078-1154-21,2632556,L01EC,L01E,L01,L,dabrafenib,OK
00078105697,00078-1056-97,2550713,L04AC,L04A,L04,L,secukinumab,OK
00078110515,00078-1105-15,1425110,L01EE,L01E,L01,L,trametinib,OK
00078116147,00078-1161-47,2632564,L01EE,L01E,L01,L,trametinib,OK
00078111215,00078-1112-15,1425118,L01EE,L01E,L01,L,trametinib,OK
00085037002,00085-0370-02,,,,,,,NDC_NOT_FOUND
00085049201,00085-0492-01,,,,,,,NDC_NOT_FOUND
00078119620,00078-1196-20,2680280,L01EA,L01E,L01,L,asciminib,OK
00078118920,00078-1189-20,2671080,L04AJ,L04A,L04,L,iptacopan,OK
00078142015,00078-1420-15,2710460,,,,,,NO_ATC
00078123820,00078-1238-20,2679797,C09DX,C09D,C09,C,sacubitril / valsartan,OK
00085113201,00085-1132-01,,,,,,,NDC_NOT_FOUND
00085092402,00085-0924-02,,,,,,,NDC_NOT_FOUND
00085116801,00085-1168-01,,,,,,,NDC_NOT_FOUND
00085113204,00085-1132-04,,,,,,,NDC_NOT_FOUND
00085128801,00085-1288-01,,,,,,,NDC_NOT_FOUND
00085113301,00085-1133-01,,,,,,,NDC_NOT_FOUND
00085131801,00085-1318-01,,,,,,,NDC_NOT_FOUND
00085057505,00085-0575-05,197405,A07EA,A07E,A07,A,betamethasone,OK
00085132201,00085-1322-01,,,,,,,NDC_NOT_FOUND
00085126401,00085-1264-01,,,,,,,NDC_NOT_FOUND
00085132801,00085-1328-01,665019,J02AC,J02A,J02,J,posaconazole,OK
00085134101,00085-1341-01,,,,,,,ERROR
00085133401,00085-1334-01,,,,,,,NDC_NOT_FOUND
00078123120,00078-1231-20,2679802,C09DX,C09D,C09,C,sacubitril / valsartan,OK
00085146102,00085-1461-02,,,,,,,NDC_NOT_FOUND
00085134107,00085-1341-07,746813,D07AC,D07A,D07,D,mometasone,OK
00085173302,00085-1733-02,,,,,,,NDC_NOT_FOUND
00085134102,00085-1341-02,,,,,,,NDC_NOT_FOUND
00085433401,00085-4334-01,,,,,,,NDC_NOT_FOUND
00085314903,00085-3149-03,,,,,,,NDC_NOT_FOUND
00078117551,00078-1175-51,2680140,L01EM,L01E,L01,L,alpelisib,OK
00085434701,00085-4347-01,,,,,,,NDC_NOT_FOUND
00085222402,00085-2224-02,2558607,J02AC,J02A,J02,J,posaconazole,OK
00085433301,00085-4333-01,,,,,,,NDC_NOT_FOUND
00085432402,00085-4324-02,1482912,J02AC,J02A,J02,J,posaconazole,OK
00085435201,00085-4352-01,,,,,,,ERROR
00085435001,00085-4350-01,,,,,,,NDC_NOT_FOUND
00085434901,00085-4349-01,,,,,,,NDC_NOT_FOUND
00085222301,00085-2223-01,,,,,,,NDC_NOT_FOUND
00085435101,00085-4351-01,,,,,,,NDC_NOT_FOUND
00085434801,00085-4348-01,,,,,,,NDC_NOT_FOUND
00087606005,00087-6060-05,,,,,,,NDC_NOT_FOUND
00085720601,00085-7206-01,,,,,,,NDC_NOT_FOUND
00087663241,00087-6632-41,,,,,,,NDC_NOT_FOUND
00085222201,00085-2222-01,,,,,,,NDC_NOT_FOUND
00087606413,00087-6064-13,403819,,,,,,NO_ATC
00087663341,00087-6633-41,,,,,,,NDC_NOT_FOUND
00087606313,00087-6063-13,284467,,,,,,NO_ATC
00087667317,00087-6673-17,,,,,,,NDC_NOT_FOUND
00088057641,00088-0576-41,,,,,,,NDC_NOT_FOUND
00087667417,00087-6674-17,,,,,,,NDC_NOT_FOUND
00087667117,00087-6671-17,,,,,,,NDC_NOT_FOUND
00087607111,00087-6071-11,213454,,,,,,NO_ATC
00085461001,00085-4610-01,,,,,,,NDC_NOT_FOUND
00087607005,00087-6070-05,204048,,,,,,NO_ATC
00088216130,00088-2161-30,205285,L04AK,L04A,L04,L,leflunomide,OK
00088221905,00088-2219-05,285018,A10AE,A10A,A10,A,insulin glargine,OK
00088222033,00088-2220-33,285018,A10AE,A10A,A10,A,insulin glargine,OK
00088250033,00088-2500-33,485210,A10AB,A10A,A10,A,"insulin glulisine, human",OK
00087667217,00087-6672-17,,,,,,,NDC_NOT_FOUND
00088250205,00088-2502-05,803194,A10AB,A10A,A10,A,"insulin glulisine, human",OK
00093001806,00093-0018-06,855194,G04BD,G04B,G04,G,tolterodine,OK
00093003901,00093-0039-01,,,,,,,NDC_NOT_FOUND
00093006456,00093-0064-56,,,,,,,NDC_NOT_FOUND
00088216030,00088-2160-30,205284,L04AK,L04A,L04,L,leflunomide,OK
00093005105,00093-0051-05,686924,C07AG,C07A,C07,C,carvedilol,OK
00093001006,00093-0010-06,855178,G04BD,G04B,G04,G,tolterodine,OK
00093007301,00093-0073-01,313780,,,,,,NO_ATC
00093005401,00093-0054-01,197420,,,,,,NO_ATC
00093015010,00093-0150-10,,,,,,,NDC_NOT_FOUND
00088210224,00088-2102-24,261101,J04AB,J04A,J04,J,rifapentine,OK
00093009001,00093-0090-01,211817,N03AF,N03A,N03,N,carbamazepine,OK
00093005301,00093-0053-01,197421,,,,,,NO_ATC
00093013505,00093-0135-05,200031,C07AG,C07A,C07,C,carvedilol,OK
00093007401,00093-0074-01,313779,,,,,,NO_ATC
00093019901,00093-0199-01,,,,,,,NDC_NOT_FOUND
00093031101,00093-0311-01,197897,,,,,,NO_ATC
00093026492,00093-0264-92,103457,C05AA,C05A,C05,C,fluocinonide,OK
00093031401,00093-0314-01,197857,,,,,,NO_ATC
00093031801,00093-0318-01,197613,,,,,,NO_ATC
00093031901,00093-0319-01,197614,,,,,,NO_ATC
00093032101,00093-0321-01,197612,,,,,,NO_ATC
00093032001,00093-0320-01,197616,,,,,,NO_ATC
00093046301,00093-0463-01,,,,,,,NDC_NOT_FOUND
00093026392,00093-0263-92,103456,C05AA,C05A,C05,C,fluocinonide,OK
00093071101,00093-0711-01,197724,M01AE,M01A,M01,M,flurbiprofen,OK
00093075506,00093-0755-06,197603,N02BA,N02B,N02,N,diflunisal,OK
00093077198,00093-0771-98,312586,,,,,,NO_ATC
00093075305,00093-0753-05,197379,C07AB,C07A,C07,C,atenolol,OK
00093081001,00093-0810-01,198045,N06AA,N06A,N06,N,nortriptyline,OK
00093078710,00093-0787-10,197380,C07AB,C07A,C07,C,atenolol,OK
00093081301,00093-0813-01,198047,N06AA,N06A,N06,N,nortriptyline,OK
00093075601,00093-0756-01,198107,M01AC,M01A,M01,M,piroxicam,OK
00093081201,00093-0812-01,198046,N06AA,N06A,N06,N,nortriptyline,OK
00093075210,00093-0752-10,197381,C07AB,C07A,C07,C,atenolol,OK
00093030801,00093-0308-01,598029,,,,,,NO_ATC
00093100301,00093-1003-01,199397,,,,,,NO_ATC
00093092810,00093-0928-10,197905,C10AA,C10A,C10,C,lovastatin,OK
00093100501,00093-1005-01,603103,G02CC,G02C,G02,G,naproxen,OK
00093094801,00093-0948-01,198364,,,,,,NO_ATC
00093100601,00093-1006-01,311915,G02CC,G02C,G02,G,naproxen,OK
00093102406,00093-1024-06,1098649,N06AX,N06A,N06,N,nefazodone,OK
00093106001,00093-1060-01,1923422,C07AA,C07A,C07,C,sotalol,OK
00093101042,00093-1010-42,106346,D06AX,D06A,D06,D,mupirocin,OK
00093102606,00093-1026-06,1098674,N06AX,N06A,N06,N,nefazodone,OK
00093106201,00093-1062-01,1923424,C07AA,C07A,C07,C,sotalol,OK
00093081101,00093-0811-01,317136,N06AA,N06A,N06,N,nortriptyline,OK
00093112201,00093-1122-01,285004,,,,,,NO_ATC
00093106301,00093-1063-01,260349,,,,,,NO_ATC
00093102506,00093-1025-06,1098670,N06AX,N06A,N06,N,nefazodone,OK
00093171201,00093-1712-01,855288,B01AA,B01A,B01,B,warfarin,OK
00093098301,00093-0983-01,312059,A07AA,A07A,A07,A,nystatin,OK
00093106101,00093-1061-01,1923426,C07AA,C07A,C07,C,sotalol,OK
00093117410,00093-1174-10,198073,,,,,,NO_ATC
00093117701,00093-1177-01,198020,,,,,,NO_ATC
00093108701,00093-1087-01,309043,J01DC,J01D,J01,J,cefaclor,OK
00093171501,00093-1715-01,855318,B01AA,B01A,B01,B,warfarin,OK
00093171601,00093-1716-01,855324,B01AA,B01A,B01,B,warfarin,OK
00093171301,00093-1713-01,855302,B01AA,B01A,B01,B,warfarin,OK
00093171401,00093-1714-01,855312,B01AA,B01A,B01,B,warfarin,OK
00093171801,00093-1718-01,855338,B01AA,B01A,B01,B,warfarin,OK
00093172001,00093-1720-01,855296,B01AA,B01A,B01,B,warfarin,OK
00093113856,00093-1138-56,894859,D05BB,D05B,D05,D,acitretin,OK
00093213356,00093-2133-56,,,,,,,NDC_NOT_FOUND
00093201312,00093-2013-12,1793916,N02CC,N02C,N02,N,sumatriptan,OK
00093206406,00093-2064-06,242461,B01AC,B01A,B01,B,cilostazol,OK
00093172101,00093-1721-01,855332,B01AA,B01A,B01,B,warfarin,OK
00093206506,00093-2065-06,242462,B01AC,B01A,B01,B,cilostazol,OK
00093202631,00093-2026-31,141963,J01FA,J01F,J01,J,azithromycin,OK
00093172301,00093-1723-01,855344,B01AA,B01A,B01,B,warfarin,OK
00093202723,00093-2027-23,308459,J01FA,J01F,J01,J,azithromycin,OK
00093214062,00093-2140-62,856467,G03AA,G03A,G03,G,ethinyl estradiol / norgestimate,OK
00093223801,00093-2238-01,309115,J01DB,J01D,J01,J,cephalexin,OK
00093213456,00093-2134-56,,,,,,,NDC_NOT_FOUND
00093216568,00093-2165-68,1725059,A06AH,A06A,A06,A,naloxone,OK
00093220401,00093-2204-01,311668,A03FA,A03F,A03,A,metoclopramide,OK
00093224001,00093-2240-01,197454,J01DB,J01D,J01,J,cephalexin,OK
00093220305,00093-2203-05,311666,A03FA,A03F,A03,A,metoclopramide,OK
00093221005,00093-2210-05,314234,A02BX,A02B,A02,A,sucralfate,OK
00093227034,00093-2270-34,617309,J01CA,J01C,J01,J,amoxicillin,OK
00093226701,00093-2267-01,308177,J01CA,J01C,J01,J,amoxicillin,OK
00093300993,00093-3009-93,351260,A02BC,A02B,A02,A,lansoprazole,OK
00093300256,00093-3002-56,997010,P01BC,P01B,P01,P,quinine,OK
00093227234,00093-2272-34,617316,J01CA,J01C,J01,J,amoxicillin,OK
00093226801,00093-2268-01,598025,J01CA,J01C,J01,J,amoxicillin,OK
00093227434,00093-2274-34,617296,J01CA,J01C,J01,J,amoxicillin,OK
00093300893,00093-3008-93,351261,A02BC,A02B,A02,A,lansoprazole,OK
00093306056,00093-3060-56,636664,N04BD,N04B,N04,N,rasagiline,OK
00093306156,00093-3061-56,608328,N04BD,N04B,N04,N,rasagiline,OK
00093301665,00093-3016-65,757707,G04BE,G04B,G04,G,tadalafil,OK
00093308601,00093-3086-01,,,,,,,NDC_NOT_FOUND
00093306693,00093-3066-93,1148141,B06AC,B06A,B06,B,icatibant,OK
00093308701,00093-3087-01,,,,,,,NDC_NOT_FOUND
00093309829,00093-3098-29,905100,,,,,,NO_ATC
00093301756,00093-3017-56,403957,G04BE,G04B,G04,G,tadalafil,OK
00093309844,00093-3098-44,,,,,,,ERROR
00093310056,00093-3100-56,905032,,,,,,NO_ATC
00093310705,00093-3107-05,308182,J01CA,J01C,J01,J,amoxicillin,OK
00093309956,00093-3099-56,905041,,,,,,NO_ATC
00093312501,00093-3125-01,197596,J01CF,J01C,J01,J,dicloxacillin,OK
00093317431,00093-3174-31,2123072,R03AC,R03A,R03,R,albuterol,OK
00093310905,00093-3109-05,308191,J01CA,J01C,J01,J,amoxicillin,OK
00093309356,00093-3093-56,861960,N06BA,N06B,N06,N,armodafinil,OK
00093312242,00093-3122-42,1090996,G03AA,G03A,G03,G,ethinyl estradiol / norethindrone,OK
00093312301,00093-3123-01,197595,J01CF,J01C,J01,J,dicloxacillin,OK
00093322555,00093-3225-55,,,,,,,NDC_NOT_FOUND
00093312701,00093-3127-01,309958,C01BA,C01B,C01,C,disopyramide,OK
00093312901,00093-3129-01,309960,C01BA,C01B,C01,C,disopyramide,OK
00093321992,00093-3219-92,203088,D01AC,D01A,D01,D,ketoconazole,OK
00093323001,00093-3230-01,,,,,,,NDC_NOT_FOUND
00093323101,00093-3231-01,,,,,,,NDC_NOT_FOUND
00093323401,00093-3234-01,198232,A07EC,A07E,A07,A,sulfasalazine,OK
00093333406,00093-3334-06,2110455,G04BE,G04B,G04,G,tadalafil,OK
00093354143,00093-3541-43,310169,G03CA,G03C,G03,G,estradiol,OK
00093322308,00093-3223-08,884707,G03CA,G03C,G03,G,estradiol,OK
00093330416,00093-3304-16,753543,G03AC,G03A,G03,G,desogestrel,OK
00093354456,00093-3544-56,349593,N06BA,N06B,N06,N,atomoxetine,OK
00093360982,00093-3609-82,1918203,R03AK,R03A,R03,R,fluticasone / salmeterol,OK
00093360882,00093-3608-82,1918194,R03AK,R03A,R03,R,fluticasone / salmeterol,OK
00093360782,00093-3607-82,1918209,R03AK,R03A,R03,R,fluticasone / salmeterol,OK
00093354256,00093-3542-56,349591,N06BA,N06B,N06,N,atomoxetine,OK
00093365640,00093-3656-40,904880,N02AE,N02A,N02,N,buprenorphine,OK
00093356026,00093-3560-26,800915,A11GA,A11G,A11,A,ascorbic acid,OK
00093365740,00093-3657-40,904870,N02AE,N02A,N02,N,buprenorphine,OK
00093375063,00093-3750-63,1314763,J01GB,J01G,J01,J,tobramycin,OK
00093365940,00093-3659-40,904876,N02AE,N02A,N02,N,buprenorphine,OK
00093351656,00093-3516-56,,,,,,,NDC_NOT_FOUND
00093375028,00093-3750-28,1314763,J01GB,J01G,J01,J,tobramycin,OK
00093400028,00093-4000-28,1233850,G03AC,G03A,G03,G,drospirenone,OK
00093405953,00093-4059-53,309047,J01DB,J01D,J01,J,cefadroxil,OK
00093406801,00093-4068-01,312594,C02CA,C02C,C02,C,prazosin,OK
00093365840,00093-3658-40,1432969,N02AE,N02A,N02,N,buprenorphine,OK
00093412573,00093-4125-73,348759,,,,,,NO_ATC
00093414664,00093-4146-64,,,,,,,NDC_NOT_FOUND
00093406106,00093-4061-06,1246319,R03AC,R03A,R03,R,formoterol,OK
00093414864,00093-4148-64,,,,,,,NDC_NOT_FOUND
00093414756,00093-4147-56,1855389,,,,,,NO_ATC
00093416173,00093-4161-73,308189,J01CA,J01C,J01,J,amoxicillin,OK
00093406901,00093-4069-01,198141,C02CA,C02C,C02,C,prazosin,OK
00093416073,00093-4160-73,313850,J01CA,J01C,J01,J,amoxicillin,OK
00093400062,00093-4000-62,1233850,G03AC,G03A,G03,G,drospirenone,OK
00093412773,00093-4127-73,346502,,,,,,NO_ATC
00093423601,00093-4236-01,,,,,,,NDC_NOT_FOUND
00093417573,00093-4175-73,309110,J01DB,J01D,J01,J,cephalexin,OK
00093440505,00093-4405-05,,,,,,,NDC_NOT_FOUND
00093440401,00093-4404-01,,,,,,,NDC_NOT_FOUND
00093415580,00093-4155-80,239191,J01CA,J01C,J01,J,amoxicillin,OK
00093500356,00093-5003-56,999986,C09CA,C09C,C09,C,olmesartan medoxomil,OK
00093500456,00093-5004-56,1000001,C09CA,C09C,C09,C,olmesartan medoxomil,OK
00093500656,00093-5006-56,999996,C09CA,C09C,C09,C,olmesartan medoxomil,OK
00093503056,00093-5030-56,1299911,N03AG,N03A,N03,N,tiagabine,OK
00093414564,00093-4145-64,,,,,,,NDC_NOT_FOUND
00093435901,00093-4359-01,,,,,,,NDC_NOT_FOUND
00093503601,00093-5036-01,,,,,,,NDC_NOT_FOUND
00093503156,00093-5031-56,1299917,N03AG,N03A,N03,N,tiagabine,OK
00093500556,00093-5005-56,999967,C09CA,C09C,C09,C,olmesartan medoxomil,OK
00093521301,00093-5213-01,,,,,,,NDC_NOT_FOUND
00093504501,00093-5045-01,1101926,N06BA,N06B,N06,N,dexmethylphenidate,OK
00093521401,00093-5214-01,,,,,,,NDC_NOT_FOUND
00093521501,00093-5215-01,,,,,,,NDC_NOT_FOUND
00093515001,00093-5150-01,1299896,C09AA,C09A,C09,C,moexipril,OK
00093506001,00093-5060-01,995218,N05BB,N05B,N05,N,hydroxyzine,OK
00093526356,00093-5263-56,,,,,,,NDC_NOT_FOUND
00093526801,00093-5268-01,,,,,,,NDC_NOT_FOUND
00093526456,00093-5264-56,,,,,,,NDC_NOT_FOUND
00093527701,00093-5277-01,,,,,,,NDC_NOT_FOUND
00093527601,00093-5276-01,,,,,,,NDC_NOT_FOUND
00093523456,00093-5234-56,643066,J05AR,J05A,J05,J,efavirenz / emtricitabine / tenofovir disoproxil,OK
00093527501,00093-5275-01,,,,,,,NDC_NOT_FOUND
00093417773,00093-4177-73,309113,J01DB,J01D,J01,J,cephalexin,OK
00093528956,00093-5289-56,,,,,,,NDC_NOT_FOUND
00093520701,00093-5207-01,,,,,,,NDC_NOT_FOUND
00093529201,00093-5292-01,1091202,,,,,,NO_ATC
00093526901,00093-5269-01,,,,,,,NDC_NOT_FOUND
00093520006,00093-5200-06,259794,,,,,,NO_ATC
00093529301,00093-5293-01,1091218,,,,,,NO_ATC
00093529701,00093-5297-01,1091176,,,,,,NO_ATC
00093529601,00093-5296-01,1091161,,,,,,NO_ATC
00093538256,00093-5382-56,,,,,,,NDC_NOT_FOUND
00093529501,00093-5295-01,1091137,,,,,,NO_ATC
00093529801,00093-5298-01,1091191,,,,,,NO_ATC
00093532862,00093-5328-62,1652084,B03AA,B03A,B03,B,ferrous fumarate,OK
00093537701,00093-5377-01,996921,N05AH,N05A,N05,N,clozapine,OK
00093537601,00093-5376-01,1006801,N05AH,N05A,N05,N,clozapine,OK
00093541901,00093-5419-01,476177,N05AH,N05A,N05,N,clozapine,OK
00093545462,00093-5454-62,,,,,,,NDC_NOT_FOUND
00093541701,00093-5417-01,476179,N05AH,N05A,N05,N,clozapine,OK
00093542088,00093-5420-88,199703,G02CB,G02C,G02,G,cabergoline,OK
00093552606,00093-5526-06,402246,J05AE,J05A,J05,J,atazanavir,OK
00093552706,00093-5527-06,402247,J05AE,J05A,J05,J,atazanavir,OK
00093542362,00093-5423-62,993804,G03AC,G03A,G03,G,drospirenone,OK
00093551798,00093-5517-98,577033,G04BE,G04B,G04,G,sildenafil,OK
00093541601,00093-5416-01,721773,N05AH,N05A,N05,N,clozapine,OK
00093545528,00093-5455-28,1359129,G03CA,G03C,G03,G,estradiol,OK
00093553901,00093-5539-01,485465,N05CF,N05C,N05,N,eszopiclone,OK
00093555101,00093-5551-01,899439,N06BA,N06B,N06,N,dexmethylphenidate,OK
00093555301,00093-5553-01,899485,N06BA,N06B,N06,N,dexmethylphenidate,OK
00093555001,00093-5550-01,899511,N06BA,N06B,N06,N,dexmethylphenidate,OK
00093552856,00093-5528-56,664741,J05AE,J05A,J05,J,atazanavir,OK
00093553756,00093-5537-56,485440,N05CF,N05C,N05,N,eszopiclone,OK
00093553801,00093-5538-01,485442,N05CF,N05C,N05,N,eszopiclone,OK
00093556201,00093-5562-01,1006608,N06BA,N06B,N06,N,dexmethylphenidate,OK
00093557201,00093-5572-01,197650,D10AF,D10A,D10,D,erythromycin,OK
00093573101,00093-5731-01,1049502,N02AA,N02A,N02,N,oxycodone,OK
00093557101,00093-5571-01,598006,D10AF,D10A,D10,D,erythromycin,OK
00093574165,00093-5741-65,,,,,,,NDC_NOT_FOUND
00093573301,00093-5733-01,,,,,,,NDC_NOT_FOUND
00093574265,00093-5742-65,,,,,,,NDC_NOT_FOUND
00093574065,00093-5740-65,835894,L04AD,L04A,L04,L,cyclosporine,OK
00093578756,00093-5787-56,,,,,,,NDC_NOT_FOUND
00093573201,00093-5732-01,1049563,N02AA,N02A,N02,N,oxycodone,OK
00093598627,00093-5986-27,1870207,A01AD,A01A,A01,A,epinephrine,OK
00093573401,00093-5734-01,1049599,N02AA,N02A,N02,N,oxycodone,OK
00093702756,00093-7027-56,,,,,,,NDC_NOT_FOUND
00093598527,00093-5985-27,727316,A01AD,A01A,A01,A,epinephrine,OK
00093614882,00093-6148-82,1235267,G03AA,G03A,G03,G,ethinyl estradiol / levonorgestrel,OK
00093702898,00093-7028-98,,,,,,,NDC_NOT_FOUND
00093630195,00093-6301-95,,,,,,,NDC_NOT_FOUND
00093715298,00093-7152-98,,,,,,,NDC_NOT_FOUND
00093702956,00093-7029-56,,,,,,,NDC_NOT_FOUND
00093711306,00093-7113-06,1098666,N06AX,N06A,N06,N,nefazodone,OK
00093590786,00093-5907-86,1368954,A07EC,A07E,A07,A,mesalamine,OK
00093716456,00093-7164-56,855189,G04BD,G04B,G04,G,tolterodine,OK
00093716356,00093-7163-56,855182,G04BD,G04B,G04,G,tolterodine,OK
00093681573,00093-6815-73,349094,A07EA,A07E,A07,A,budesonide,OK
00093603182,00093-6031-82,1876397,G03AA,G03A,G03,G,ethinyl estradiol / levonorgestrel,OK
00093717201,00093-7172-01,310246,,,,,,NO_ATC
00093718856,00093-7188-56,,,,,,,NDC_NOT_FOUND
00093717006,00093-7170-06,349514,L01XX,L01X,L01,L,celecoxib,OK
00093720210,00093-7202-10,312588,,,,,,NO_ATC
00093720198,00093-7201-98,312587,,,,,,NO_ATC
00093716956,00093-7169-56,,,,,,,NDC_NOT_FOUND
00093720656,00093-7206-56,,,,,,,NDC_NOT_FOUND
00093720298,00093-7202-98,312588,,,,,,NO_ATC
00093703098,00093-7030-98,,,,,,,NDC_NOT_FOUND
00093724706,00093-7247-06,,,,,,,NDC_NOT_FOUND
00093724806,00093-7248-06,,,,,,,NDC_NOT_FOUND
00093681673,00093-6816-73,351109,A07EA,A07E,A07,A,budesonide,OK
00093727156,00093-7271-56,317573,A10BG,A10B,A10,A,pioglitazone,OK
00093727356,00093-7273-56,312441,A10BG,A10B,A10,A,pioglitazone,OK
00093727256,00093-7272-56,312440,A10BG,A10B,A10,A,pioglitazone,OK
00093727198,00093-7271-98,317573,A10BG,A10B,A10,A,pioglitazone,OK
00093727398,00093-7273-98,312441,A10BG,A10B,A10,A,pioglitazone,OK
00093720756,00093-7207-56,,,,,,,NDC_NOT_FOUND
00093729605,00093-7296-05,200033,C07AG,C07A,C07,C,carvedilol,OK
00093729505,00093-7295-05,200032,C07AG,C07A,C07,C,carvedilol,OK
00093727298,00093-7272-98,312440,A10BG,A10B,A10,A,pioglitazone,OK
00093733401,00093-7334-01,199058,,,,,,NO_ATC
00093737201,00093-7372-01,,,,,,,NDC_NOT_FOUND
00093737301,00093-7373-01,,,,,,,NDC_NOT_FOUND
00093735301,00093-7353-01,308868,A11CC,A11C,A11,A,calcitriol,OK
00093735156,00093-7351-56,311277,A02BC,A02B,A02,A,lansoprazole,OK
00093729001,00093-7290-01,1490065,G03XC,G03X,G03,G,raloxifene,OK
00093735056,00093-7350-56,596843,A02BC,A02B,A02,A,lansoprazole,OK
00093738101,00093-7381-01,,,,,,,NDC_NOT_FOUND
00093738201,00093-7382-01,,,,,,,NDC_NOT_FOUND
00093738301,00093-7383-01,,,,,,,NDC_NOT_FOUND
00093717801,00093-7178-01,1098678,N06AX,N06A,N06,N,nefazodone,OK
00093738001,00093-7380-01,,,,,,,NDC_NOT_FOUND
00093738498,00093-7384-98,313583,N06AX,N06A,N06,N,venlafaxine,OK
00093738598,00093-7385-98,313585,N06AX,N06A,N06,N,venlafaxine,OK
00093738698,00093-7386-98,313581,N06AX,N06A,N06,N,venlafaxine,OK
00093738456,00093-7384-56,313583,N06AX,N06A,N06,N,venlafaxine,OK
00093744601,00093-7446-01,360507,C10AA,C10A,C10,C,fluvastatin,OK
00093751631,00093-7516-31,896228,R03AK,R03A,R03,R,fluticasone / salmeterol,OK
00093745601,00093-7456-01,351273,,,,,,NO_ATC
00093737101,00093-7371-01,,,,,,,NDC_NOT_FOUND
00093745701,00093-7457-01,351274,,,,,,NO_ATC
00093751731,00093-7517-31,896184,R03AK,R03A,R03,R,fluticasone / salmeterol,OK
00093735201,00093-7352-01,308867,A11CC,A11C,A11,A,calcitriol,OK
00093751831,00093-7518-31,896209,R03AK,R03A,R03,R,fluticasone / salmeterol,OK
00093762998,00093-7629-98,403878,L01EA,L01E,L01,L,imatinib,OK
00093762056,00093-7620-56,200064,L02BG,L02B,L02,L,letrozole,OK
00093766456,00093-7664-56,603206,L01EB,L01E,L01,L,erlotinib,OK
00093768432,00093-7684-32,,,,,,,NDC_NOT_FOUND
00093774256,00093-7742-56,,,,,,,NDC_NOT_FOUND
00093763056,00093-7630-56,403879,L01EA,L01E,L01,L,imatinib,OK
00093766356,00093-7663-56,603203,L01EB,L01E,L01,L,erlotinib,OK
00093774356,00093-7743-56,,,,,,,NDC_NOT_FOUND
00093770456,00093-7704-56,476556,J05AR,J05A,J05,J,emtricitabine / tenofovir disoproxil,OK
00093777205,00093-7772-05,,,,,,,NDC_NOT_FOUND
00093745501,00093-7455-01,351275,,,,,,NO_ATC
00093777179,00093-7771-79,905028,,,,,,NO_ATC
00093786865,00093-7868-65,313993,N01AH,N01A,N01,N,fentanyl,OK
00093786765,00093-7867-65,313992,N01AH,N01A,N01,N,fentanyl,OK
00093786665,00093-7866-65,310297,N01AH,N01A,N01,N,fentanyl,OK
00093760756,00093-7607-56,476556,J05AR,J05A,J05,J,emtricitabine / tenofovir disoproxil,OK
00093803401,00093-8034-01,314000,A10BB,A10B,A10,A,glyburide,OK
00093787065,00093-7870-65,310294,N01AH,N01A,N01,N,fentanyl,OK
00093786565,00093-7865-65,310295,N01AH,N01A,N01,N,fentanyl,OK
00093767902,00093-7679-02,1367436,G03AC,G03A,G03,G,etonogestrel,OK
00093790901,00093-7909-01,198287,G04BX,G04B,G04,G,tiopronin,OK
00093803501,00093-8035-01,310536,A10BB,A10B,A10,A,glyburide,OK
00093811856,00093-8118-56,199193,J05AB,J05A,J05,J,famciclovir,OK
00093738556,00093-7385-56,313585,N06AX,N06A,N06,N,venlafaxine,OK
00093807656,00093-8076-56,1299909,N03AG,N03A,N03,N,tiagabine,OK
00093811956,00093-8119-56,198382,J05AB,J05A,J05,J,famciclovir,OK
00093807316,00093-8073-16,2000695,G03DC,G03D,G03,G,ethynodiol,OK
00093807256,00093-8072-56,1299903,N03AG,N03A,N03,N,tiagabine,OK
00093821028,00093-8210-28,2608695,B03AA,B03A,B03,B,ferrous fumarate,OK
00093831018,00093-8310-18,359493,N02CC,N02C,N02,N,eletriptan,OK
00093834201,00093-8342-01,197737,A10BB,A10B,A10,A,glyburide,OK
00093786965,00093-7869-65,310293,N01AH,N01A,N01,N,fentanyl,OK
00093823298,00093-8232-98,310793,C03AA,C03A,C03,C,hydrochlorothiazide,OK
00093803601,00093-8036-01,310539,A10BB,A10B,A10,A,glyburide,OK
00093874001,00093-8740-01,1362712,C01BB,C01B,C01,C,mexiletine,OK
00093831118,00093-8311-18,359494,N02CC,N02C,N02,N,eletriptan,OK
00093874101,00093-8741-01,1362720,C01BB,C01B,C01,C,mexiletine,OK
00093834410,00093-8344-10,310537,A10BB,A10B,A10,A,glyburide,OK
00093820401,00093-8204-01,197507,A02BA,A02B,A02,A,cimetidine,OK
00093902065,00093-9020-65,241834,L04AD,L04A,L04,L,cyclosporine,OK
00093914701,00093-9147-01,313582,N06AX,N06A,N06,N,venlafaxine,OK
00093901965,00093-9019-65,835925,L04AD,L04A,L04,L,cyclosporine,OK
00093873901,00093-8739-01,1362706,C01BB,C01B,C01,C,mexiletine,OK
00093914801,00093-9148-01,313584,N06AX,N06A,N06,N,venlafaxine,OK
00093834301,00093-8343-01,310534,A10BB,A10B,A10,A,glyburide,OK
00093915701,00093-9157-01,313586,N06AX,N06A,N06,N,venlafaxine,OK
00093970201,00093-9702-01,197444,N04BA,N04B,N04,N,levodopa,OK
00093970101,00093-9701-01,197443,N04BA,N04B,N04,N,levodopa,OK
00093916301,00093-9163-01,313580,N06AX,N06A,N06,N,venlafaxine,OK
00093914901,00093-9149-01,314277,N06AX,N06A,N06,N,venlafaxine,OK
00093960995,00093-9609-95,1000091,D04AX,D04A,D04,D,doxepin,OK
00093901865,00093-9018-65,835894,L04AD,L04A,L04,L,cyclosporine,OK
00115053301,00115-0533-01,,,,,,,NDC_NOT_FOUND
00093819201,00093-8192-01,197506,A02BA,A02B,A02,A,cimetidine,OK
00095300001,00095-3000-01,1428622,N02BE,N02B,N02,N,acetaminophen,OK
00095008851,00095-0088-51,,,,,,,NDC_NOT_FOUND
00115123101,00115-1231-01,977923,N02AA,N02A,N02,N,oxymorphone,OK
00115051101,00115-0511-01,,,,,,,NDC_NOT_FOUND
00115123201,00115-1232-01,977874,N02AA,N02A,N02,N,oxymorphone,OK
00115123301,00115-1233-01,977902,N02AA,N02A,N02,N,oxymorphone,OK
00115123401,00115-1234-01,977915,N02AA,N02A,N02,N,oxymorphone,OK
00115138508,00115-1385-08,,,,,,,NDC_NOT_FOUND
00115131501,00115-1315-01,977929,N02AA,N02A,N02,N,oxymorphone,OK
00115052201,00115-0522-01,,,,,,,NDC_NOT_FOUND
00115138708,00115-1387-08,,,,,,,NDC_NOT_FOUND
00115131701,00115-1317-01,977909,N02AA,N02A,N02,N,oxymorphone,OK
00115131601,00115-1316-01,977894,N02AA,N02A,N02,N,oxymorphone,OK
00115138608,00115-1386-08,,,,,,,NDC_NOT_FOUND
00115140801,00115-1408-01,197975,G03BA,G03B,G03,G,methyltestosterone,OK
00115147555,00115-1475-55,,,,,,,NDC_NOT_FOUND
00115143713,00115-1437-13,828353,M03BX,M03B,M03,M,cyclobenzaprine,OK
00115143613,00115-1436-13,828358,M03BX,M03B,M03,M,cyclobenzaprine,OK
00115147901,00115-1479-01,1303736,N02AA,N02A,N02,N,morphine,OK
00115151258,00115-1512-58,,,,,,,NDC_NOT_FOUND
00115138808,00115-1388-08,,,,,,,NDC_NOT_FOUND
00115148361,00115-1483-61,855642,D11AX,D11A,D11,D,diclofenac,OK
00115152310,00115-1523-10,749802,C10AB,C10A,C10,C,fenofibrate,OK
00115152708,00115-1527-08,252478,N03AX,N03A,N03,N,lamotrigine,OK
00115152808,00115-1528-08,103968,N03AX,N03A,N03,N,lamotrigine,OK
00115152210,00115-1522-10,749804,C10AB,C10A,C10,C,fenofibrate,OK
00115162456,00115-1624-56,,,,,,,NDC_NOT_FOUND
00115146845,00115-1468-45,,,,,,,NDC_NOT_FOUND
00115132019,00115-1320-19,866910,C10AC,C10A,C10,C,colesevelam,OK
00115155701,00115-1557-01,,,,,,,NDC_NOT_FOUND
00115156101,00115-1561-01,,,,,,,NDC_NOT_FOUND
00115166003,00115-1660-03,856457,C07AA,C07A,C07,C,propranolol,OK
00115165903,00115-1659-03,856448,C07AA,C07A,C07,C,propranolol,OK
00115155901,00115-1559-01,,,,,,,NDC_NOT_FOUND
00115152908,00115-1529-08,252479,N03AX,N03A,N03,N,lamotrigine,OK
00115164301,00115-1643-01,311995,J01XE,J01X,J01,J,nitrofurantoin,OK
00115166103,00115-1661-03,856519,C07AA,C07A,C07,C,propranolol,OK
00115167808,00115-1678-08,,,,,,,NDC_NOT_FOUND
00115166202,00115-1662-02,856578,C07AA,C07A,C07,C,propranolol,OK
00115167608,00115-1676-08,,,,,,,NDC_NOT_FOUND
00115168008,00115-1680-08,,,,,,,NDC_NOT_FOUND
00115166101,00115-1661-01,856519,C07AA,C07A,C07,C,propranolol,OK
00115167934,00115-1679-34,,,,,,,NDC_NOT_FOUND
00115155410,00115-1554-10,828379,C10AB,C10A,C10,C,fenofibrate,OK
00115166001,00115-1660-01,856457,C07AA,C07A,C07,C,propranolol,OK
00115166201,00115-1662-01,856578,C07AA,C07A,C07,C,propranolol,OK
00115172501,00115-1725-01,239239,D01AA,D01A,D01,D,griseofulvin,OK
00115169449,00115-1694-49,1870230,A01AD,A01A,A01,A,epinephrine,OK
00115174501,00115-1745-01,197935,,,,,,NO_ATC
00115180402,00115-1804-02,995278,N05BB,N05B,N05,N,hydroxyzine,OK
00115201101,00115-2011-01,,,,,,,NDC_NOT_FOUND
00115191101,00115-1911-01,312822,,,,,,NO_ATC
00115261101,00115-2611-01,313225,,,,,,NO_ATC
00115441101,00115-4411-01,309647,,,,,,NO_ATC
00115169301,00115-1693-01,856556,C07AA,C07A,C07,C,propranolol,OK
00115172401,00115-1724-01,242831,D01AA,D01A,D01,D,griseofulvin,OK
00115169549,00115-1695-49,1870225,A01AD,A01A,A01,A,epinephrine,OK
00115180301,00115-1803-01,995253,N05BB,N05B,N05,N,hydroxyzine,OK
00115442201,00115-4422-01,309648,,,,,,NO_ATC
00115443301,00115-4433-01,313942,,,,,,NO_ATC
00115531101,00115-5311-01,,,,,,,NDC_NOT_FOUND
00115532201,00115-5322-01,,,,,,,NDC_NOT_FOUND
00115521116,00115-5211-16,1048445,C10AC,C10A,C10,C,colestipol,OK
00115552210,00115-5522-10,349287,C10AB,C10A,C10,C,fenofibrate,OK
00115982201,00115-9822-01,197606,C01AA,C01A,C01,C,digoxin,OK
00115551110,00115-5511-10,351133,C10AB,C10A,C10,C,fenofibrate,OK
00115262201,00115-2622-01,198244,,,,,,NO_ATC
00115703701,00115-7037-01,197976,G03BA,G03B,G03,G,methyltestosterone,OK
00115703301,00115-7033-01,313979,H02AA,H02A,H02,H,fludrocortisone,OK
00115992101,00115-9921-01,899485,N06BA,N06B,N06,N,dexmethylphenidate,OK
00115993178,00115-9931-78,311286,,,,,,NO_ATC
00115993608,00115-9936-08,,,,,,,NDC_NOT_FOUND
00115993176,00115-9931-76,311286,,,,,,NO_ATC
00115991901,00115-9919-01,899439,N06BA,N06B,N06,N,dexmethylphenidate,OK
00115994008,00115-9940-08,,,,,,,NDC_NOT_FOUND
00115994108,00115-9941-08,,,,,,,NDC_NOT_FOUND
00115993076,00115-9930-76,349590,,,,,,NO_ATC
00115521218,00115-5212-18,1048450,C10AC,C10A,C10,C,colestipol,OK
00121058104,00121-0581-04,141935,N05AD,N05A,N05,N,haloperidol,OK
00121050416,00121-0504-16,249313,,,,,,NO_ATC
00121057616,00121-0576-16,104884,A03FA,A03F,A03,A,metoclopramide,OK
00115351101,00115-3511-01,312734,,,,,,NO_ATC
00121065304,00121-0653-04,310391,,,,,,NO_ATC
00121064616,00121-0646-16,197326,,,,,,NO_ATC
00115993276,00115-9932-76,242754,,,,,,NO_ATC
00116200116,00116-2001-16,834127,A01AB,A01A,A01,A,chlorhexidine,OK
00115994208,00115-9942-08,,,,,,,NDC_NOT_FOUND
00121065416,00121-0654-16,310387,,,,,,NO_ATC
00121065816,00121-0658-16,108373,,,,,,NO_ATC
00121065402,00121-0654-02,310387,,,,,,NO_ATC
00121067516,00121-0675-16,1099687,N03AG,N03A,N03,N,valproic acid,OK
00121072716,00121-0727-16,,,,,,,NDC_NOT_FOUND
00121064908,00121-0649-08,212787,A02BA,A02B,A02,A,cimetidine,OK
00121067585,00121-0675-85,1099687,N03AG,N03A,N03,N,valproic acid,OK
00121077216,00121-0772-16,,,,,,,ERROR
00121067816,00121-0678-16,312036,N06AA,N06A,N06,N,nortriptyline,OK
00121082501,00121-0825-01,892625,N02AA,N02A,N02,N,morphine,OK
00121168016,00121-1680-16,,,,,,,NDC_NOT_FOUND
00121077708,00121-0777-08,702306,A01AC,A01A,A01,A,prednisolone,OK
00121067016,00121-0670-16,251322,N03AD,N03A,N03,N,ethosuximide,OK
00121092616,00121-0926-16,1248057,C01CA,C01C,C01,C,phenylephrine,OK
00121193030,00121-1930-30,1251194,A06AD,A06A,A06,A,lactulose,OK
00121087316,00121-0873-16,391937,A06AD,A06A,A06,A,lactulose,OK
00121072104,00121-0721-04,310386,N06AB,N06A,N06,N,fluoxetine,OK
00131247835,00131-2478-35,809990,N03AX,N03A,N03,N,lacosamide,OK
00126027216,00126-0272-16,834137,A01AB,A01A,A01,A,chlorhexidine,OK
00121087416,00121-0874-16,1014673,R06AE,R06A,R06,R,cetirizine,OK
00131247935,00131-2479-35,809994,N03AX,N03A,N03,N,lacosamide,OK
00131248035,00131-2480-35,809998,N03AX,N03A,N03,N,lacosamide,OK
00131541070,00131-5410-70,995156,N03AX,N03A,N03,N,lacosamide,OK
00131541072,00131-5410-72,995156,N03AX,N03A,N03,N,lacosamide,OK
00140000401,00140-0004-01,104699,N05BA,N05B,N05,N,diazepam,OK
00143117101,00143-1171-01,308963,C09AA,C09A,C09,C,captopril,OK
00143117301,00143-1173-01,308964,C09AA,C09A,C09,C,captopril,OK
00143122701,00143-1227-01,197599,,,,,,NO_ATC
00140000601,00140-0006-01,104701,N05BA,N05B,N05,N,diazepam,OK
00131247735,00131-2477-35,810002,N03AX,N03A,N03,N,lacosamide,OK
00121094216,00121-0942-16,702519,N03AA,N03A,N03,N,phenobarbital,OK
00143124101,00143-1241-01,197606,C01AA,C01A,C01,C,digoxin,OK
00143144505,00143-1445-05,,,,,,,NDC_NOT_FOUND
00143145005,00143-1450-05,,,,,,,NDC_NOT_FOUND
00143124001,00143-1240-01,197604,C01AA,C01A,C01,C,digoxin,OK
00143149505,00143-1495-05,312357,N03AA,N03A,N03,N,phenobarbital,OK
00140000501,00140-0005-01,104700,N05BA,N05B,N05,N,diazepam,OK
00143124010,00143-1240-10,197604,C01AA,C01A,C01,C,digoxin,OK
00143133301,00143-1333-01,,,,,,,NDC_NOT_FOUND
00143145805,00143-1458-05,198083,N03AA,N03A,N03,N,phenobarbital,OK
00143177101,00143-1771-01,381056,C01DA,C01D,C01,C,isosorbide dinitrate,OK
00143145505,00143-1455-05,198089,N03AA,N03A,N03,N,phenobarbital,OK
00143178705,00143-1787-05,238154,N02BE,N02B,N02,N,acetaminophen,OK
00143314205,00143-3142-05,1649988,A01AB,A01A,A01,A,doxycycline,OK
00143177201,00143-1772-01,206842,C01DA,C01D,C01,C,isosorbide dinitrate,OK
00143176901,00143-1769-01,314055,C01DA,C01D,C01,C,isosorbide dinitrate,OK
00143301801,00143-3018-01,1550940,M04AC,M04A,M04,M,colchicine,OK
00143117201,00143-1172-01,317173,C09AA,C09A,C09,C,captopril,OK
00143914403,00143-9144-03,897122,A10BJ,A10B,A10,A,liraglutide,OK
00143970001,00143-9700-01,828248,H02AB,H02A,H02,H,cortisone,OK
00143952901,00143-9529-01,859824,N05AB,N05A,N05,N,fluphenazine,OK
00143928901,00143-9289-01,310189,G03CA,G03C,G03,G,estradiol,OK
00143956901,00143-9569-01,309101,J01DC,J01D,J01,J,cefuroxime,OK
00143959721,00143-9597-21,1100075,L02BX,L02B,L02,L,abiraterone,OK
00143972601,00143-9726-01,835840,G03BA,G03B,G03,G,testosterone,OK
00143150005,00143-1500-05,312362,N03AA,N03A,N03,N,phenobarbital,OK
00143973805,00143-9738-05,,,,,,,NDC_NOT_FOUND
00143975001,00143-9750-01,835809,G03BA,G03B,G03,G,testosterone,OK
00143988815,00143-9888-15,313797,J01CA,J01C,J01,J,amoxicillin,OK
00143951910,00143-9519-10,1655960,L01BA,L01B,L01,L,methotrexate,OK
00143973910,00143-9739-10,,,,,,,NDC_NOT_FOUND
00143988601,00143-9886-01,313850,J01CA,J01C,J01,J,amoxicillin,OK
00143988701,00143-9887-01,308189,J01CA,J01C,J01,J,amoxicillin,OK
00143992001,00143-9920-01,310539,A10BB,A10B,A10,A,glyburide,OK
00143980305,00143-9803-05,1649988,A01AB,A01A,A01,A,doxycycline,OK
00143965901,00143-9659-01,2047882,G03BA,G03B,G03,G,testosterone,OK
00143992390,00143-9923-90,1665052,J01DB,J01D,J01,J,cefazolin,OK
00143992801,00143-9928-01,309309,J01MA,J01M,J01,J,ciprofloxacin,OK
00143992701,00143-9927-01,197511,J01MA,J01M,J01,J,ciprofloxacin,OK
00143988915,00143-9889-15,239191,J01CA,J01C,J01,J,amoxicillin,OK
00143992950,00143-9929-50,197512,J01MA,J01M,J01,J,ciprofloxacin,OK
00143991901,00143-9919-01,310536,A10BB,A10B,A10,A,glyburide,OK
00143997603,00143-9976-03,309101,J01DC,J01D,J01,J,cefuroxime,OK
00143993125,00143-9931-25,1656313,J01DD,J01D,J01,J,cefotaxime,OK
00143993010,00143-9930-10,309068,J01DD,J01D,J01,J,cefotaxime,OK
00143997922,00143-9979-22,1665449,J01DC,J01D,J01,J,cefuroxime,OK
00143991801,00143-9918-01,314000,A10BB,A10B,A10,A,glyburide,OK
00143998601,00143-9986-01,197449,J01DC,J01D,J01,J,cefaclor,OK
00143998303,00143-9983-03,313920,J01DB,J01D,J01,J,cefazolin,OK
00145009125,00145-0091-25,,,,,,,NDC_NOT_FOUND
00143997722,00143-9977-22,1665444,J01DC,J01D,J01,J,cefuroxime,OK
00143998501,00143-9985-01,309045,J01DC,J01D,J01,J,cefaclor,OK
00145237105,00145-2371-05,,,,,,,NDC_NOT_FOUND
00168000415,00168-0004-15,1014314,A01AC,A01A,A01,A,triamcinolone,OK
00145009025,00145-0090-25,,,,,,,NDC_NOT_FOUND
00168000615,00168-0006-15,106255,,,,,,NO_ATC
00168000730,00168-0007-30,312051,,,,,,NO_ATC
00168001531,00168-0015-31,1043690,A01AC,A01A,A01,A,hydrocortisone,OK
00168002031,00168-0020-31,203105,A01AC,A01A,A01,A,hydrocortisone,OK
00168005960,00168-0059-60,1191310,C05AA,C05A,C05,C,fluocinolone acetonide,OK
00168004160,00168-0041-60,197408,A07EA,A07E,A07,A,betamethasone,OK
00168005646,00168-0056-46,197405,A07EA,A07E,A07,A,betamethasone,OK
00168008031,00168-0080-31,310891,A01AC,A01A,A01,A,hydrocortisone,OK
00143994850,00143-9948-50,309047,J01DB,J01D,J01,J,cefadroxil,OK
00168008915,00168-0089-15,1053697,A01AC,A01A,A01,A,triamcinolone,OK
00168014630,00168-0146-30,103401,A01AC,A01A,A01,A,hydrocortisone,OK
00168020360,00168-0203-60,197519,D10AF,D10A,D10,D,clindamycin,OK
00168026415,00168-0264-15,307784,,,,,,NO_ATC
00168008130,00168-0081-30,1053753,A01AC,A01A,A01,A,triamcinolone,OK
00168020230,00168-0202-30,2676585,D10AF,D10A,D10,D,clindamycin,OK
00168027740,00168-0277-40,309337,D10AF,D10A,D10,D,clindamycin,OK
00168026850,00168-0268-50,197405,A07EA,A07E,A07,A,betamethasone,OK
00168027860,00168-0278-60,197327,D07AC,D07A,D07,D,amcinonide,OK
00168025846,00168-0258-46,308714,A07EA,A07E,A07,A,betamethasone,OK
00168027260,00168-0272-60,151030,D07AC,D07A,D07,D,mometasone,OK
00168026950,00168-0269-50,562272,,,,,,NO_ATC
00168003346,00168-0033-46,197409,A07EA,A07E,A07,A,betamethasone,OK
00168028060,00168-0280-60,199041,D07AC,D07A,D07,D,amcinonide,OK
00168032346,00168-0323-46,311678,A01AB,A01A,A01,A,metronidazole,OK
00168030160,00168-0301-60,1992281,D07AD,D07A,D07,D,clobetasol,OK
00168030915,00168-0309-15,204135,D07AB,D07A,D07,D,desonide,OK
00168041015,00168-0410-15,706546,D07AC,D07A,D07,D,prednicarbate,OK
00168016330,00168-0163-30,562032,,,,,,NO_ATC
00168041730,00168-0417-30,313189,D11AH,D11A,D11,D,tacrolimus,OK
00168041060,00168-0410-60,706546,D07AC,D07A,D07,D,prednicarbate,OK
00168041630,00168-0416-30,314266,D11AH,D11A,D11,D,tacrolimus,OK
00169183311,00169-1833-11,311033,A10AB,A10A,A10,A,"insulin, regular, human",OK
00168038360,00168-0383-60,242736,A01AB,A01A,A01,A,metronidazole,OK
00168042446,00168-0424-46,313852,D10AD,D10A,D10,D,adapalene,OK
00168027960,00168-0279-60,197328,D07AC,D07A,D07,D,amcinonide,OK
00169203511,00169-2035-11,2571805,H01AC,H01A,H01,H,somapacitan,OK
00169203711,00169-2037-11,2636954,H01AC,H01A,H01,H,somapacitan,OK
00169191202,00169-1912-02,2535249,H04AA,H04A,H04,H,dasiglucagon,OK
00169191302,00169-1913-02,2535243,H04AA,H04A,H04,H,dasiglucagon,OK
00169203011,00169-2030-11,2557403,H01AC,H01A,H01,H,somapacitan,OK
00169291115,00169-2911-15,1860172,A10AE,A10A,A10,A,insulin degludec,OK
00169266015,00169-2660-15,1670016,A10AE,A10A,A10,A,insulin degludec,OK
00169255013,00169-2550-13,1670023,A10AE,A10A,A10,A,insulin degludec,OK
00169300315,00169-3003-15,2206092,A10AB,A10A,A10,A,"insulin, regular, human",OK
00169183711,00169-1837-11,213442,A10AB,A10A,A10,A,"insulin, regular, human",OK
00169300415,00169-3004-15,2206099,,,,,,NO_ATC
00169266211,00169-2662-11,2107522,A10AE,A10A,A10,A,insulin degludec,OK
00169300715,00169-3007-15,2049380,A10AB,A10A,A10,A,"insulin, regular, human",OK
00169320111,00169-3201-11,1986354,A10AB,A10A,A10,A,"insulin aspart, human",OK
00169183411,00169-1834-11,311027,,,,,,NO_ATC
00169368512,00169-3685-12,351297,A10AB,A10A,A10,A,"insulin aspart, human",OK
00169413212,00169-4132-12,,,,,,,NDC_NOT_FOUND
00169413013,00169-4130-13,2398842,A10BJ,A10B,A10,A,semaglutide,OK
00169330312,00169-3303-12,1653198,A10AB,A10A,A10,A,"insulin aspart, human",OK
00169413602,00169-4136-02,,,,,,,NDC_NOT_FOUND
00169320415,00169-3204-15,1986356,A10AB,A10A,A10,A,"insulin aspart, human",OK
00169406013,00169-4060-13,897126,A10BJ,A10B,A10,A,liraglutide,OK
00169418113,00169-4181-13,2619154,A10BJ,A10B,A10,A,semaglutide,OK
00169320515,00169-3205-15,1986356,A10AB,A10A,A10,A,"insulin aspart, human",OK
00169430313,00169-4303-13,2200654,A10BJ,A10B,A10,A,semaglutide,OK
00169431413,00169-4314-13,2200650,A10BJ,A10B,A10,A,semaglutide,OK
00169369619,00169-3696-19,351297,A10AB,A10A,A10,A,"insulin aspart, human",OK
00169430330,00169-4303-30,2200654,A10BJ,A10B,A10,A,semaglutide,OK
00169450114,00169-4501-14,2553803,A10BJ,A10B,A10,A,semaglutide,OK
00169431430,00169-4314-30,2200650,A10BJ,A10B,A10,A,semaglutide,OK
00169450514,00169-4505-14,2553603,A10BJ,A10B,A10,A,semaglutide,OK
00169451714,00169-4517-14,2553903,A10BJ,A10B,A10,A,semaglutide,OK
00169368712,00169-3687-12,484322,A10AE,A10A,A10,A,insulin detemir,OK
00169452514,00169-4525-14,2553506,A10BJ,A10B,A10,A,semaglutide,OK
00169517603,00169-5176-03,884709,G03CA,G03C,G03,G,estradiol,OK
00169452414,00169-4524-14,2554104,A10BJ,A10B,A10,A,semaglutide,OK
00169530801,00169-5308-01,2675309,A16AX,A16A,A16,A,nedosiran,OK
00169430730,00169-4307-30,2200658,A10BJ,A10B,A10,A,semaglutide,OK
00169530610,00169-5306-10,2675318,A16AX,A16A,A16,A,nedosiran,OK
00169430713,00169-4307-13,2200658,A10BJ,A10B,A10,A,semaglutide,OK
00169530708,00169-5307-08,2675315,A16AX,A16A,A16,A,nedosiran,OK
00169643810,00169-6438-10,,,,,,,NDC_NOT_FOUND
00169643210,00169-6432-10,847241,A10AE,A10A,A10,A,insulin detemir,OK
00169633910,00169-6339-10,1653204,A10AB,A10A,A10,A,"insulin aspart, human",OK
00169770321,00169-7703-21,849851,H01AC,H01A,H01,H,somatropin,OK
00169770421,00169-7704-21,847247,H01AC,H01A,H01,H,somatropin,OK
00169477212,00169-4772-12,2599365,A10BJ,A10B,A10,A,semaglutide,OK
00169770521,00169-7705-21,847348,H01AC,H01A,H01,H,somatropin,OK
00169706515,00169-7065-15,153095,H04AA,H04A,H04,H,glucagon,OK
00169517604,00169-5176-04,884709,G03CA,G03C,G03,G,estradiol,OK
00169770821,00169-7708-21,847245,H01AC,H01A,H01,H,somatropin,OK
00172392570,00172-3925-70,197590,N05BA,N05B,N05,N,diazepam,OK
00169750111,00169-7501-11,311040,A10AB,A10A,A10,A,"insulin aspart, human",OK
00172392670,00172-3926-70,197591,N05BA,N05B,N05,N,diazepam,OK
00172541046,00172-5410-46,,,,,,,NDC_NOT_FOUND
00172524060,00172-5240-60,597852,L01XX,L01X,L01,L,anagrelide,OK
00172572960,00172-5729-60,284245,A02BA,A02B,A02,A,famotidine,OK
00172524160,00172-5241-60,597850,L01XX,L01X,L01,L,anagrelide,OK
00172409680,00172-4096-80,197391,M03BX,M03B,M03,M,baclofen,OK
00172208980,00172-2089-80,197770,C03AA,C03A,C03,C,hydrochlorothiazide,OK
00172409780,00172-4097-80,197392,M03BX,M03B,M03,M,baclofen,OK
00173039340,00173-0393-40,,,,,,,NDC_NOT_FOUND
00172731320,00172-7313-20,309632,L04AD,L04A,L04,L,cyclosporine,OK
00172640649,00172-6406-49,347163,,,,,,NO_ATC
00172572860,00172-5728-60,310273,A02BA,A02B,A02,A,famotidine,OK
00173044902,00173-0449-02,208452,N02CC,N02C,N02,N,sumatriptan,OK
00173013555,00173-0135-55,636353,,,,,,NO_ATC
00173052300,00173-0523-00,314227,N02CC,N02C,N02,N,sumatriptan,OK
00173052400,00173-0524-00,313159,N02CC,N02C,N02,N,sumatriptan,OK
00173047800,00173-0478-00,208452,N02CC,N02C,N02,N,sumatriptan,OK
00173052600,00173-0526-00,201239,N03AX,N03A,N03,N,lamotrigine,OK
00173055601,00173-0556-01,,,,,,,NDC_NOT_FOUND
00173052100,00173-0521-00,104532,,,,,,NO_ATC
00172392770,00172-3927-70,197589,N05BA,N05B,N05,N,diazepam,OK
00173052700,00173-0527-00,201240,N03AX,N03A,N03,N,lamotrigine,OK
00173056100,00173-0561-00,,,,,,,NDC_NOT_FOUND
00173056200,00173-0562-00,,,,,,,NDC_NOT_FOUND
00173060102,00173-0601-02,213266,,,,,,NO_ATC
00173060202,00173-0602-02,213265,,,,,,NO_ATC
00173059402,00173-0594-02,751563,N03AX,N03A,N03,N,lamotrigine,OK
00173038879,00173-0388-79,1797917,A07EA,A07E,A07,A,beclomethasone,OK
00173056504,00173-0565-04,212448,J05AB,J05A,J05,J,valacyclovir,OK
00173064255,00173-0642-55,105018,N03AX,N03A,N03,N,lamotrigine,OK
00173060002,00173-0600-02,213264,,,,,,NO_ATC
00173063302,00173-0633-02,105019,N03AX,N03A,N03,N,lamotrigine,OK
00173063310,00173-0633-10,105019,N03AX,N03A,N03,N,lamotrigine,OK
00173067502,00173-0675-02,284443,,,,,,NO_ATC
00173064460,00173-0644-60,108782,N03AX,N03A,N03,N,lamotrigine,OK
00173066300,00173-0663-00,,,,,,,NDC_NOT_FOUND
00173066200,00173-0662-00,,,,,,,NDC_NOT_FOUND
00173067601,00173-0676-01,284444,,,,,,NO_ATC
00173066518,00173-0665-18,211947,P01AX,P01A,P01,P,atovaquone,OK
00173069700,00173-0697-00,284451,,,,,,NO_ATC
00173069600,00173-0696-00,284450,,,,,,NO_ATC
00173064360,00173-0643-60,198428,N03AX,N03A,N03,N,lamotrigine,OK
00173067501,00173-0675-01,284443,,,,,,NO_ATC
00173071215,00173-0712-15,,,,,,,NDC_NOT_FOUND
00173071520,00173-0715-20,745623,,,,,,NO_ATC
00173069500,00173-0695-00,284448,,,,,,NO_ATC
00173068101,00173-0681-01,582581,,,,,,NO_ATC
00173071720,00173-0717-20,668650,,,,,,NO_ATC
00173072020,00173-0720-20,211533,,,,,,NO_ATC
00173071820,00173-0718-20,211534,,,,,,NO_ATC
00173072200,00173-0722-00,636354,,,,,,NO_ATC
00173071620,00173-0716-20,668648,,,,,,NO_ATC
00173073701,00173-0737-01,284460,N02CC,N02C,N02,N,sumatriptan,OK
00173075400,00173-0754-00,850078,,,,,,NO_ATC
00173068220,00173-0682-20,745679,,,,,,NO_ATC
00173075600,00173-0756-00,850088,,,,,,NO_ATC
00173071920,00173-0719-20,211532,,,,,,NO_ATC
00173073900,00173-0739-00,706930,,,,,,NO_ATC
00173073601,00173-0736-01,209169,N02CC,N02C,N02,N,sumatriptan,OK
00173075900,00173-0759-00,850204,,,,,,NO_ATC
00173075800,00173-0758-00,850103,,,,,,NO_ATC
00173077602,00173-0776-02,849049,N03AX,N03A,N03,N,lamotrigine,OK
00173077402,00173-0774-02,849052,N03AX,N03A,N03,N,lamotrigine,OK
00173077202,00173-0772-02,849051,N03AX,N03A,N03,N,lamotrigine,OK
00173076100,00173-0761-00,1098610,N03AX,N03A,N03,N,lamotrigine,OK
00173073500,00173-0735-00,208450,N02CC,N02C,N02,N,sumatriptan,OK
00173080913,00173-0809-13,996101,G04CA,G04C,G04,G,dutasteride / tamsulosin,OK
00173075700,00173-0757-00,850200,,,,,,NO_ATC
00173075500,00173-0755-00,850092,,,,,,NO_ATC
00173081728,00173-0817-28,795778,N03AX,N03A,N03,N,lamotrigine,OK
00173077702,00173-0777-02,849050,N03AX,N03A,N03,N,lamotrigine,OK
00173082618,00173-0826-18,861173,C01BC,C01B,C01,C,propafenone,OK
00173086118,00173-0861-18,,,,,,,NDC_NOT_FOUND
00173086313,00173-0863-13,,,,,,,NDC_NOT_FOUND
00173082318,00173-0823-18,861159,C01BC,C01B,C01,C,propafenone,OK
00173082418,00173-0824-18,861167,C01BC,C01B,C01,C,propafenone,OK
00173076000,00173-0760-00,850101,,,,,,NO_ATC
00173086910,00173-0869-10,1487528,,,,,,NO_ATC
00173087610,00173-0876-10,1547672,D07AC,D07A,D07,D,fluticasone,OK
00173088408,00173-0884-08,,,,,,,NDC_NOT_FOUND
00173087310,00173-0873-10,1539885,,,,,,NO_ATC
00173085910,00173-0859-10,1424894,,,,,,NO_ATC
00173087410,00173-0874-10,1547660,D07AC,D07A,D07,D,fluticasone,OK
00173088939,00173-0889-39,2109239,P01BA,P01B,P01,P,tafenoquine,OK
00173088101,00173-0881-01,1720606,R03DX,R03D,R03,R,mepolizumab,OK
00173089201,00173-0892-01,2170993,R03DX,R03D,R03,R,mepolizumab,OK
00173089310,00173-0893-10,2395775,D07AC,D07A,D07,D,fluticasone,OK
00173089242,00173-0892-42,2173822,R03DX,R03D,R03,R,mepolizumab,OK
00173088710,00173-0887-10,1945048,D07AC,D07A,D07,D,fluticasone,OK
00173090442,00173-0904-42,2596445,R03DX,R03D,R03,R,mepolizumab,OK
00173090913,00173-0909-13,2640210,L01XK,L01X,L01,L,niraparib,OK
00173091610,00173-0916-10,2637476,D07AC,D07A,D07,D,fluticasone,OK
00173091513,00173-0915-13,2640214,L01XK,L01X,L01,L,niraparib,OK
00173091213,00173-0912-13,2640212,L01XK,L01X,L01,L,niraparib,OK
00173094755,00173-0947-55,484425,,,,,,NO_ATC
00173093308,00173-0933-08,108780,J05AB,J05A,J05,J,valacyclovir,OK
00173088210,00173-0882-10,1648789,D07AC,D07A,D07,D,fluticasone,OK
00173088810,00173-0888-10,2045382,D07AC,D07A,D07,D,fluticasone,OK
00178045501,00178-0455-01,206336,A01AC,A01A,A01,A,hydrocortisone,OK
00178010102,00178-0101-02,1248083,M05BA,M05B,M05,M,alendronic acid,OK
00178050001,00178-0500-01,197308,G04BX,G04B,G04,G,acetohydroxamic acid,OK
00173078100,00173-0781-00,1146692,N03AX,N03A,N03,N,lamotrigine,OK
00178061001,00178-0610-01,603281,A12BA,A12B,A12,A,potassium citrate,OK
00178090001,00178-0900-01,198287,G04BX,G04B,G04,G,tiopronin,OK
00178090190,00178-0901-90,2178081,G04BX,G04B,G04,G,tiopronin,OK
00178058208,00178-0582-08,249066,A01AC,A01A,A01,A,prednisolone,OK
00178060001,00178-0600-01,199376,A12BA,A12B,A12,A,potassium citrate,OK
00178090201,00178-0902-01,2178077,G04BX,G04B,G04,G,tiopronin,OK
00178061501,00178-0615-01,898517,A12BA,A12B,A12,A,potassium citrate,OK
00185002701,00185-0027-01,313994,,,,,,NO_ATC
00185005501,00185-0055-01,311671,C03BA,C03B,C03,C,metolazone,OK
00185011801,00185-0118-01,311242,,,,,,NO_ATC
00185012801,00185-0128-01,197417,C03CA,C03C,C03,C,bumetanide,OK
00178850020,00178-8500-20,199519,G01AF,G01A,G01,G,tinidazole,OK
00185015705,00185-0157-05,310407,,,,,,NO_ATC
00185011701,00185-0117-01,311241,,,,,,NO_ATC
00185014460,00185-0144-60,197355,,,,,,NO_ATC
00185013001,00185-0130-01,197419,C03CA,C03C,C03,C,bumetanide,OK
00185021101,00185-0211-01,308610,,,,,,NO_ATC
00185021001,00185-0210-01,197941,H03BB,H03B,H03,H,methimazole,OK
00185012901,00185-0129-01,197418,C03CA,C03C,C03,C,bumetanide,OK
00185032501,00185-0325-01,898362,C09AA,C09A,C09,C,benazepril,OK
00185023601,00185-0236-01,898378,C09AA,C09A,C09,C,benazepril,OK
00185044801,00185-0448-01,351254,,,,,,ERROR
00185027701,00185-0277-01,308611,,,,,,NO_ATC
00185041060,00185-0410-60,484425,,,,,,NO_ATC
00185093997,00185-0939-97,1801279,C10AC,C10A,C10,C,cholestyramine resin,OK
00185061501,00185-0615-01,310939,,,,,,NO_ATC
00185067401,00185-0674-01,995253,N05BB,N05B,N05,N,hydroxyzine,OK
00185061505,00185-0615-05,310939,,,,,,NO_ATC
00185075701,00185-0757-01,198228,J01EC,J01E,J01,J,sulfadiazine,OK
00185104701,00185-1047-01,,,,,,,NDC_NOT_FOUND
00185020501,00185-0205-01,197942,H03BB,H03B,H03,H,methimazole,OK
00185014501,00185-0145-01,311892,M01AX,M01A,M01,M,nabumetone,OK
00185434601,00185-4346-01,,,,,,,NDC_NOT_FOUND
00185536909,00185-5369-09,351257,C03DA,C03D,C03,C,eplerenone,OK
00185111160,00185-1111-60,351221,,,,,,NO_ATC
00186077660,00186-0776-60,1666334,B01AC,B01A,B01,B,ticagrelor,OK
00185536809,00185-5368-09,351256,C03DA,C03D,C03,C,eplerenone,OK
00185560001,00185-5600-01,197978,C03BA,C03B,C03,C,metolazone,OK
00186037020,00186-0370-20,,,,,,,ERROR
00185505001,00185-5050-01,197979,C03BA,C03B,C03,C,metolazone,OK
00186037220,00186-0372-20,1232812,,,,,,NO_ATC
00186077760,00186-0777-60,1116639,B01AC,B01A,B01,B,ticagrelor,OK
00186091612,00186-0916-12,692475,,,,,,NO_ATC
00186198804,00186-1988-04,349094,A07EA,A07E,A07,A,budesonide,OK
00186199004,00186-1990-04,252559,A07EA,A07E,A07,A,budesonide,OK
00186091706,00186-0917-06,692477,,,,,,NO_ATC
00186404001,00186-4040-01,700395,,,,,,NO_ATC
00185067501,00185-0675-01,197686,M01AB,M01A,M01,M,etodolac,OK
00186402501,00186-4025-01,1297660,A02BC,A02B,A02,A,esomeprazole,OK
00186402001,00186-4020-01,700391,,,,,,NO_ATC
00186502031,00186-5020-31,606726,A02BC,A02B,A02,A,esomeprazole,OK
00187000400,00187-0004-00,1871413,,,,,,NO_ATC
00187000201,00187-0002-01,2101715,D07AC,D07A,D07,D,halobetasol,OK
00186198904,00186-1989-04,351109,A07EA,A07E,A07,A,budesonide,OK
00187000260,00187-0002-60,2101715,D07AC,D07A,D07,D,halobetasol,OK
00187000625,00187-0006-25,2668204,D10AE,D10A,D10,D,benzoyl peroxide,OK
00187000545,00187-0005-45,2055008,D10AD,D10A,D10,D,tretinoin,OK
00186401001,00186-4010-01,796949,,,,,,NO_ATC
00186504031,00186-5040-31,606730,A02BC,A02B,A02,A,esomeprazole,OK
00187006501,00187-0065-01,206828,N05BA,N05B,N05,N,lorazepam,OK
00187014130,00187-0141-30,858815,C09AA,C09A,C09,C,enalapril,OK
00187014030,00187-0140-30,858806,C09AA,C09A,C09,C,enalapril,OK
00187000402,00187-0004-02,1871413,,,,,,NO_ATC
00186405001,00186-4050-01,1297763,A02BC,A02B,A02,A,esomeprazole,OK
00187014230,00187-0142-30,858819,C09AA,C09A,C09,C,enalapril,OK
00187014330,00187-0143-30,858812,C09AA,C09A,C09,C,enalapril,OK
00187014290,00187-0142-90,858819,C09AA,C09A,C09,C,enalapril,OK
00187014390,00187-0143-90,858812,C09AA,C09A,C09,C,enalapril,OK
00187019201,00187-0192-01,793872,C01DA,C01D,C01,C,isosorbide dinitrate,OK
00187014601,00187-0146-01,858830,C09AA,C09A,C09,C,enalapril,OK
00187065042,00187-0650-42,,,,,,,NDC_NOT_FOUND
00187006301,00187-0063-01,206821,N05BA,N05B,N05,N,lorazepam,OK
00187024503,00187-0245-03,262078,,,,,,NO_ATC
00187014190,00187-0141-90,858815,C09AA,C09A,C09,C,enalapril,OK
00187065301,00187-0653-01,2166094,D07AC,D07A,D07,D,halobetasol,OK
00187045302,00187-0453-02,643053,,,,,,NO_ATC
00187015201,00187-0152-01,793873,C01DA,C01D,C01,C,isosorbide dinitrate,OK
00187065820,00187-0658-20,721659,,,,,,NO_ATC
00187065920,00187-0659-20,721660,,,,,,ERROR
00187073130,00187-0731-30,993564,N06AX,N06A,N06,N,bupropion,OK
00187079247,00187-0792-47,831055,C05AE,C05A,C05,C,diltiazem,OK
00187073030,00187-0730-30,993545,N06AX,N06A,N06,N,bupropion,OK
00187077147,00187-0771-47,833219,C05AE,C05A,C05,C,diltiazem,OK
00187079530,00187-0795-30,830863,C05AE,C05A,C05,C,diltiazem,OK
00187079830,00187-0798-30,830803,C05AE,C05A,C05,C,diltiazem,OK
00187077247,00187-0772-47,834393,C05AE,C05A,C05,C,diltiazem,OK
00187079842,00187-0798-42,830803,C05AE,C05A,C05,C,diltiazem,OK
00187079630,00187-0796-30,830847,C05AE,C05A,C05,C,diltiazem,OK
00187093801,00187-0938-01,153655,N04BX,N04B,N04,N,tolcapone,OK
00187099395,00187-0993-95,209977,D06BB,D06B,D06,D,acyclovir,OK
00187149605,00187-1496-05,1922895,C07AA,C07A,C07,C,timolol,OK
00187006401,00187-0064-01,104719,N05BA,N05B,N05,N,lorazepam,OK
00187149825,00187-1498-25,1922877,C07AA,C07A,C07,C,timolol,OK
00187204890,00187-2048-90,830883,C05AE,C05A,C05,C,diltiazem,OK
00187079942,00187-0799-42,830798,C05AE,C05A,C05,C,diltiazem,OK
00187204690,00187-2046-90,830878,C05AE,C05A,C05,C,diltiazem,OK
00187099445,00187-0994-45,825321,D06BB,D06B,D06,D,acyclovir,OK
00187205090,00187-2050-90,830902,C05AE,C05A,C05,C,diltiazem,OK
00187205030,00187-2050-30,830902,C05AE,C05A,C05,C,diltiazem,OK
00187204790,00187-2047-90,830880,C05AE,C05A,C05,C,diltiazem,OK
00187204530,00187-2045-30,830876,C05AE,C05A,C05,C,diltiazem,OK
00187212010,00187-2120-10,208720,A16AX,A16A,A16,A,trientine,OK
00187209845,00187-2098-45,2267566,D05AX,D05A,D05,D,tazarotene,OK
00187261230,00187-2612-30,831193,C05AE,C05A,C05,C,diltiazem,OK
00187261390,00187-2613-90,831244,C05AE,C05A,C05,C,diltiazem,OK
00187261290,00187-2612-90,831193,C05AE,C05A,C05,C,diltiazem,OK
00187079742,00187-0797-42,830839,C05AE,C05A,C05,C,diltiazem,OK
00187261530,00187-2615-30,831323,C05AE,C05A,C05,C,diltiazem,OK
00187261490,00187-2614-90,831296,C05AE,C05A,C05,C,diltiazem,OK
00187204930,00187-2049-30,830898,C05AE,C05A,C05,C,diltiazem,OK
00187301330,00187-3013-30,314170,,,,,,NO_ATC
00187301220,00187-3012-20,207883,,,,,,NO_ATC
00187301030,00187-3010-30,108262,,,,,,NO_ATC
00187261330,00187-2613-30,831244,C05AE,C05A,C05,C,diltiazem,OK
00187305050,00187-3050-50,1594914,,,,,,NO_ATC
00187261730,00187-2617-30,831360,C05AE,C05A,C05,C,diltiazem,OK
00187320447,00187-3204-47,105583,L01BC,L01B,L01,L,fluorouracil,OK
00187261430,00187-2614-30,831296,C05AE,C05A,C05,C,diltiazem,OK
00187261630,00187-2616-30,831347,C05AE,C05A,C05,C,diltiazem,OK
00187355510,00187-3555-10,197703,D01AE,D01A,D01,D,flucytosine,OK
00187261690,00187-2616-90,831347,C05AE,C05A,C05,C,diltiazem,OK
00187510401,00187-5104-01,998426,D06BB,D06B,D06,D,acyclovir,OK
00187444010,00187-4440-10,104095,A02BA,A02B,A02,A,famotidine,OK
00187510001,00187-5100-01,352085,D11AH,D11A,D11,D,pimecrolimus,OK
00187514045,00187-5140-45,208334,D10AD,D10A,D10,D,tretinoin,OK
00187442030,00187-4420-30,104094,A02BA,A02B,A02,A,famotidine,OK
00187514445,00187-5144-45,805370,D10AD,D10A,D10,D,tretinoin,OK
00187511560,00187-5115-60,580294,D01AC,D01A,D01,D,sertaconazole,OK
00187514650,00187-5146-50,1987646,D10AD,D10A,D10,D,tretinoin,OK
00187514850,00187-5148-50,1488047,D10AD,D10A,D10,D,tretinoin,OK
00187516220,00187-5162-20,208330,D10AD,D10A,D10,D,tretinoin,OK
00187516020,00187-5160-20,208328,D10AD,D10A,D10,D,tretinoin,OK
00187516420,00187-5164-20,208331,D10AD,D10A,D10,D,tretinoin,OK
00187516445,00187-5164-45,208331,D10AD,D10A,D10,D,tretinoin,OK
00187519050,00187-5190-50,,,,,,,NDC_NOT_FOUND
00187410010,00187-4100-10,213098,,,,,,NO_ATC
00187517015,00187-5170-15,701305,D10AD,D10A,D10,D,tretinoin,OK
00187517215,00187-5172-15,208334,D10AD,D10A,D10,D,tretinoin,OK
00187520030,00187-5200-30,284539,L01BC,L01B,L01,L,fluorouracil,OK
00187520546,00187-5205-46,213082,D10AE,D10A,D10,D,benzoyl peroxide,OK
00187355410,00187-3554-10,197702,D01AE,D01A,D01,D,flucytosine,OK
00187517245,00187-5172-45,208334,D10AD,D10A,D10,D,tretinoin,OK
00187552675,00187-5526-75,261349,L01XF,L01X,L01,L,bexarotene,OK
00187519804,00187-5198-04,1006693,D10AF,D10A,D10,D,sulfacetamide,OK
00187581130,00187-5811-30,993569,N06AX,N06A,N06,N,bupropion,OK
00206885910,00206-8859-10,,,,,,,NDC_NOT_FOUND
00187581230,00187-5812-30,993683,N06AX,N06A,N06,N,bupropion,OK
00187520260,00187-5202-60,213120,A01AB,A01A,A01,A,metronidazole,OK
00206886102,00206-8861-02,1659139,J01CG,J01C,J01,J,tazobactam,OK
00187581030,00187-5810-30,993552,N06AX,N06A,N06,N,bupropion,OK
00228141003,00228-1410-03,900164,N03AX,N03A,N03,N,lamotrigine,OK
00187540004,00187-5400-04,1539762,D01AC,D01A,D01,D,efinaconazole,OK
00187552560,00187-5525-60,991233,L01XF,L01X,L01,L,bexarotene,OK
00228202796,00228-2027-96,308047,N05BA,N05B,N05,N,alprazolam,OK
00228158003,00228-1580-03,1098608,N03AX,N03A,N03,N,lamotrigine,OK
00228163803,00228-1638-03,1146690,N03AX,N03A,N03,N,lamotrigine,OK
00206886002,00206-8860-02,1659134,J01CG,J01C,J01,J,tazobactam,OK
00228202996,00228-2029-96,308048,N05BA,N05B,N05,N,alprazolam,OK
00228203910,00228-2039-10,197322,N05BA,N05B,N05,N,alprazolam,OK
00228203150,00228-2031-50,197321,N05BA,N05B,N05,N,alprazolam,OK
00228202750,00228-2027-50,308047,N05BA,N05B,N05,N,alprazolam,OK
00228206710,00228-2067-10,198057,N05BA,N05B,N05,N,oxazepam,OK
00228206910,00228-2069-10,312134,N05BA,N05B,N05,N,oxazepam,OK
00228212750,00228-2127-50,309356,,,,,,NO_ATC
00228212910,00228-2129-10,309359,,,,,,NO_ATC
00228253010,00228-2530-10,198033,C08CA,C08C,C08,C,nifedipine,OK
00228249710,00228-2497-10,198032,C08CA,C08C,C08,C,nifedipine,OK
00228253910,00228-2539-10,197444,N04BA,N04B,N04,N,levodopa,OK
00228254010,00228-2540-10,197445,N04BA,N04B,N04,N,levodopa,OK
00228234810,00228-2348-10,198175,H03BA,H03B,H03,H,propylthiouracil,OK
00228257111,00228-2571-11,197816,C03BA,C03B,C03,C,indapamide,OK
00228262011,00228-2620-11,311197,C01DA,C01D,C01,C,isosorbide mononitrate,OK
00228263111,00228-2631-11,311192,C01DA,C01D,C01,C,isosorbide mononitrate,OK
00228283711,00228-2837-11,1001004,N07AX,N07A,N07,N,pilocarpine,OK
00228285011,00228-2850-11,862006,C02AC,C02A,C02,C,guanfacine,OK
00228284903,00228-2849-03,903879,N06AB,N06A,N06,N,fluvoxamine,OK
00228284803,00228-2848-03,903873,N06AB,N06A,N06,N,fluvoxamine,OK
00228287911,00228-2879-11,,,,,,,NDC_NOT_FOUND
00228287811,00228-2878-11,,,,,,,NDC_NOT_FOUND
00228285311,00228-2853-11,862019,C02AC,C02A,C02,C,guanfacine,OK
00228285511,00228-2855-11,862025,C02AC,C02A,C02,C,guanfacine,OK
00228207310,00228-2073-10,198059,N05BA,N05B,N05,N,oxazepam,OK
00228253810,00228-2538-10,197443,N04BA,N04B,N04,N,levodopa,OK
00228285111,00228-2851-11,862013,C02AC,C02A,C02,C,guanfacine,OK
00228259711,00228-2597-11,197815,C03BA,C03B,C03,C,indapamide,OK
00228306111,00228-3061-11,861232,N06BA,N06B,N06,N,dextroamphetamine,OK
00228306211,00228-3062-11,861237,N06BA,N06B,N06,N,dextroamphetamine,OK
00228298211,00228-2982-11,,,,,,,NDC_NOT_FOUND
00228305911,00228-3059-11,861221,N06BA,N06B,N06,N,dextroamphetamine,OK
00228308406,00228-3084-06,251140,,,,,,NO_ATC
00228306411,00228-3064-11,861227,N06BA,N06B,N06,N,dextroamphetamine,OK
00228306311,00228-3063-11,861223,N06BA,N06B,N06,N,dextroamphetamine,OK
00228306011,00228-3060-11,861225,N06BA,N06B,N06,N,dextroamphetamine,OK
00228309011,00228-3090-11,892342,N02AA,N02A,N02,N,morphine,OK
00228308606,00228-3086-06,403794,,,,,,NO_ATC
00228309111,00228-3091-11,892349,N02AA,N02A,N02,N,morphine,OK
00228311611,00228-3116-11,894942,N02AA,N02A,N02,N,morphine,OK
00228309311,00228-3093-11,892297,N02AA,N02A,N02,N,morphine,OK
00228331503,00228-3315-03,966787,D04AX,D04A,D04,D,doxepin,OK
00228315603,00228-3156-03,351264,N02AE,N02A,N02,N,buprenorphine,OK
00228348111,00228-3481-11,,,,,,,NDC_NOT_FOUND
00228348211,00228-3482-11,,,,,,,NDC_NOT_FOUND
00228309211,00228-3092-11,892355,N02AA,N02A,N02,N,morphine,OK
00228308706,00228-3087-06,251141,,,,,,NO_ATC
00228402211,00228-4022-11,485415,N05BA,N05B,N05,N,alprazolam,OK
00228350206,00228-3502-06,,,,,,,NDC_NOT_FOUND
00228402411,00228-4024-11,485414,N05BA,N05B,N05,N,alprazolam,OK
00228331603,00228-3316-03,966793,D04AX,D04A,D04,D,doxepin,OK
00228311711,00228-3117-11,894970,N02AA,N02A,N02,N,morphine,OK
00228402511,00228-4025-11,485416,N05BA,N05B,N05,N,alprazolam,OK
00245001201,00245-0012-01,260346,,,,,,NO_ATC
00245001301,00245-0013-01,260693,,,,,,NO_ATC
00245014530,00245-0145-30,,,,,,,NDC_NOT_FOUND
00245001501,00245-0015-01,260349,,,,,,NO_ATC
00245003660,00245-0036-60,262192,,,,,,NO_ATC
00228424106,00228-4241-06,1013930,C02AC,C02A,C02,C,clonidine,OK
00245001401,00245-0014-01,260348,,,,,,NO_ATC
00245014760,00245-0147-60,197355,,,,,,NO_ATC
00228402911,00228-4029-11,,,,,,,NDC_NOT_FOUND
00228401911,00228-4019-11,485413,N05BA,N05B,N05,N,alprazolam,OK
00245014715,00245-0147-15,197355,,,,,,NO_ATC
00245021111,00245-0211-11,315150,,,,,,NO_ATC
00245014790,00245-0147-90,197355,,,,,,NO_ATC
00245021311,00245-0213-11,349334,,,,,,NO_ATC
00245036030,00245-0360-30,1867547,A12BA,A12B,A12,A,potassium chloride,OK
00245021211,00245-0212-11,311703,,,,,,NO_ATC
00245080938,00245-0809-38,1738581,N02CC,N02C,N02,N,sumatriptan,OK
00245081261,00245-0812-61,2178073,N02CC,N02C,N02,N,sumatriptan,OK
00245082430,00245-0824-30,2685208,L01EG,L01E,L01,L,everolimus,OK
00245055650,00245-0556-50,2047868,N03AG,N03A,N03,N,vigabatrin,OK
00245082230,00245-0822-30,2685202,L01EG,L01E,L01,L,everolimus,OK
00245082530,00245-0825-30,2685204,L01EG,L01E,L01,L,everolimus,OK
00245014430,00245-0144-30,199597,,,,,,NO_ATC
00245087135,00245-0871-35,1539906,,,,,,NO_ATC
00245082330,00245-0823-30,2685206,L01EG,L01E,L01,L,everolimus,OK
00245087242,00245-0872-42,1539906,,,,,,NO_ATC
00245086070,00245-0860-70,142046,A01AB,A01A,A01,A,metronidazole,OK
00245107130,00245-1071-30,1494778,N03AX,N03A,N03,N,topiramate,OK
00245107430,00245-1074-30,1494766,N03AX,N03A,N03,N,topiramate,OK
00245531615,00245-5316-15,628958,A12BA,A12B,A12,A,potassium chloride,OK
00245087105,00245-0871-05,1539906,,,,,,NO_ATC
00245107330,00245-1073-30,1494775,N03AX,N03A,N03,N,topiramate,OK
00245107230,00245-1072-30,1494781,N03AX,N03A,N03,N,topiramate,OK
00245531511,00245-5315-11,832718,A12BA,A12B,A12,A,potassium chloride,OK
00245531515,00245-5315-15,832718,A12BA,A12B,A12,A,potassium chloride,OK
00245107530,00245-1075-30,1494771,N03AX,N03A,N03,N,topiramate,OK
00245531711,00245-5317-11,1801299,A12BA,A12B,A12,A,potassium chloride,OK
00245531811,00245-5318-11,832731,A12BA,A12B,A12,A,potassium chloride,OK
00245164530,00245-1645-30,834350,C01BD,C01B,C01,C,amiodarone,OK
00254100752,00254-1007-52,,,,,,,NDC_NOT_FOUND
00254200501,00254-2005-01,1088936,M03BB,M03B,M03,M,chlorzoxazone,OK
00254046001,00254-0460-01,1550940,M04AC,M04A,M04,M,colchicine,OK
00254202980,00254-2029-80,,,,,,,NDC_NOT_FOUND
00254200001,00254-2000-01,198071,M01CC,M01C,M01,M,penicillamine,OK
00254203080,00254-2030-80,,,,,,,NDC_NOT_FOUND
00254203280,00254-2032-80,,,,,,,NDC_NOT_FOUND
00245531790,00245-5317-90,1801299,A12BA,A12B,A12,A,potassium chloride,OK
00254203380,00254-2033-80,,,,,,,NDC_NOT_FOUND
00254200801,00254-2008-01,197541,M04AC,M04A,M04,M,colchicine,OK
00254302102,00254-3021-02,351174,A16AX,A16A,A16,A,nitisinone,OK
00254302802,00254-3028-02,794639,A06AX,A06A,A06,A,lubiprostone,OK
00254302202,00254-3022-02,351175,A16AX,A16A,A16,A,nitisinone,OK
00245531990,00245-5319-90,1801295,A12BA,A12B,A12,A,potassium chloride,OK
00264190955,00264-1909-55,,,,,,,NDC_NOT_FOUND
00264191507,00264-1915-07,,,,,,,NDC_NOT_FOUND
00245531911,00245-5319-11,1801295,A12BA,A12B,A12,A,potassium chloride,OK
00254303430,00254-3034-30,2178075,G04BX,G04B,G04,G,tiopronin,OK
00259050116,00259-0501-16,999965,D11AA,D11A,D11,D,glycopyrronium,OK
00254303509,00254-3035-09,2178079,G04BX,G04B,G04,G,tiopronin,OK
00254302902,00254-3029-02,616578,A06AX,A06A,A06,A,lubiprostone,OK
00264193310,00264-1933-10,1189640,N06AX,N06A,N06,N,tryptophan,OK
00245600111,00245-6001-11,2642353,N03AG,N03A,N03,N,vigabatrin,OK
00264320055,00264-3200-55,,,,,,,NDC_NOT_FOUND
00254302002,00254-3020-02,351173,A16AX,A16A,A16,A,nitisinone,OK
00264450000,00264-4500-00,1601982,N06AX,N06A,N06,N,tryptophan,OK
00264761400,00264-7614-00,1795171,B05CX,B05C,B05,B,glucose,OK
00264761610,00264-7616-10,1794886,B05CX,B05C,B05,B,glucose,OK
00264761210,00264-7612-10,1795252,B05CX,B05C,B05,B,glucose,OK
00264770300,00264-7703-00,800925,B05XA,B05X,B05,B,sodium acetate,OK
00264446010,00264-4460-10,1546587,,,,,,NO_ATC
00264934155,00264-9341-55,1189640,N06AX,N06A,N06,N,tryptophan,OK
00264935055,00264-9350-55,,,,,,,NDC_NOT_FOUND
00264762200,00264-7622-00,244098,B05CX,B05C,B05,B,glucose,OK
00264773010,00264-7730-10,686824,,,,,,NO_ATC
00264770700,00264-7707-00,794837,,,,,,NO_ATC
00276050410,00276-0504-10,197854,M01AE,M01A,M01,M,ketoprofen,OK
00264937155,00264-9371-55,,,,,,,NDC_NOT_FOUND
00264780510,00264-7805-10,237373,,,,,,NO_ATC
00264936155,00264-9361-55,1189645,N06AX,N06A,N06,N,tryptophan,OK
00264763600,00264-7636-00,615099,B05CX,B05C,B05,B,glucose,OK
00264194020,00264-1940-20,,,,,,,ERROR
00281032630,00281-0326-30,207273,C01DA,C01D,C01,C,nitroglycerin,OK
00276051010,00276-0510-10,2611794,M03BA,M03B,M03,M,methocarbamol,OK
00299383802,00299-3838-02,242736,A01AB,A01A,A01,A,metronidazole,OK
00276050610,00276-0506-10,197855,M01AE,M01A,M01,M,ketoprofen,OK
00299383645,00299-3836-45,211666,A01AB,A01A,A01,A,metronidazole,OK
00299384704,00299-3847-04,425730,,,,,,NO_ATC
00299201210,00299-2012-10,831897,,,,,,NO_ATC
00299384902,00299-3849-02,597752,,,,,,NO_ATC
00264762320,00264-7623-20,245220,B05CX,B05C,B05,B,glucose,OK
00299382345,00299-3823-45,1598073,D11AX,D11A,D11,D,ivermectin,OK
00299382230,00299-3822-30,643821,,,,,,NO_ATC
00299384802,00299-3848-02,248793,,,,,,NO_ATC
00299382060,00299-3820-60,577237,A01AB,A01A,A01,A,metronidazole,OK
00299589030,00299-5890-30,2600969,D10AE,D10A,D10,D,benzoyl peroxide,OK
00299576504,00299-5765-04,197572,D07AB,D07A,D07,D,desonide,OK
00299550004,00299-5500-04,1191267,C05AA,C05A,C05,C,fluocinolone acetonide,OK
00299590645,00299-5906-45,1663747,D10AE,D10A,D10,D,benzoyl peroxide,OK
00299384804,00299-3848-04,248793,,,,,,NO_ATC
00299591825,00299-5918-25,722113,D10AD,D10A,D10,D,adapalene,OK
00299577060,00299-5770-60,205529,D07AB,D07A,D07,D,desonide,OK
00299590825,00299-5908-25,830648,D10AE,D10A,D10,D,benzoyl peroxide,OK
00299384904,00299-3849-04,597752,,,,,,NO_ATC
00299591202,00299-5912-02,905387,D10AD,D10A,D10,D,adapalene,OK
00299622015,00299-6220-15,2691328,D11AH,D11A,D11,D,nemolizumab,OK
00299593545,00299-5935-45,2205647,D10AD,D10A,D10,D,trifarotene,OK
00299594530,00299-5945-30,2565812,D10AD,D10A,D10,D,tretinoin,OK
00310008839,00310-0088-39,1091843,D05AX,D05A,D05,D,roflumilast,OK
00310008828,00310-0088-28,1091843,D05AX,D05A,D05,D,roflumilast,OK
00310027110,00310-0271-10,153639,N05AH,N05A,N05,N,quetiapine,OK
00299591545,00299-5915-45,284420,D10AD,D10A,D10,D,adapalene,OK
00299591045,00299-5910-45,,,,,,,NDC_NOT_FOUND
00310027210,00310-0272-10,153640,N05AH,N05A,N05,N,quetiapine,OK
00310027910,00310-0279-10,616483,N05AH,N05A,N05,N,quetiapine,OK
00310028160,00310-0281-60,828289,,,,,,NO_ATC
00310028060,00310-0280-60,833454,,,,,,NO_ATC
00310028360,00310-0283-60,721794,N05AH,N05A,N05,N,quetiapine,OK
00299598035,00299-5980-35,1437709,D11AX,D11A,D11,D,brimonidine,OK
00310027810,00310-0278-10,616487,N05AH,N05A,N05,N,quetiapine,OK
00310028460,00310-0284-60,721796,N05AH,N05A,N05,N,quetiapine,OK
00310028260,00310-0282-60,721791,N05AH,N05A,N05,N,quetiapine,OK
00310009530,00310-0095-30,1091843,D05AX,D05A,D05,D,roflumilast,OK
00310065758,00310-0657-58,,,,,,,NDC_NOT_FOUND
00310061060,00310-0610-60,2289424,L01EE,L01E,L01,L,selumetinib,OK
00310027510,00310-0275-10,153638,N05AH,N05A,N05,N,quetiapine,OK
00310075190,00310-0751-90,,,,,,,NDC_NOT_FOUND
00310075290,00310-0752-90,,,,,,,NDC_NOT_FOUND
00310051260,00310-0512-60,1986819,L01EL,L01E,L01,L,acalabrutinib,OK
00310075430,00310-0754-30,,,,,,,NDC_NOT_FOUND
00310067912,00310-0679-12,1942489,L01XK,L01X,L01,L,olaparib,OK
00310027460,00310-0274-60,284509,N05AH,N05A,N05,N,quetiapine,OK
00310080060,00310-0800-60,1303107,R03BB,R03B,R03,R,aclidinium bromide,OK
00310080039,00310-0800-39,1607112,R03BB,R03B,R03,R,aclidinium bromide,OK
00310110501,00310-1105-01,2047639,V03AE,V03A,V03,V,sodium zirconium cyclosilicate,OK
00310090060,00310-0900-60,2205099,R03BB,R03B,R03,R,aclidinium bromide,OK
00310062560,00310-0625-60,2289428,L01EE,L01E,L01,L,selumetinib,OK
00310066812,00310-0668-12,1942485,L01XK,L01X,L01,L,olaparib,OK
00310110530,00310-1105-30,2047639,V03AE,V03A,V03,V,sodium zirconium cyclosilicate,OK
00310075590,00310-0755-90,,,,,,,NDC_NOT_FOUND
00310048230,00310-0482-30,349472,L01EB,L01E,L01,L,gefitinib,OK
00310135030,00310-1350-30,1721583,L01EB,L01E,L01,L,osimertinib,OK
00310134930,00310-1349-30,1721571,L01EB,L01E,L01,L,osimertinib,OK
00310173030,00310-1730-30,1989109,R03DX,R03D,R03,R,benralizumab,OK
00310196930,00310-1969-30,1551923,A06AH,A06A,A06,A,naloxegol,OK
00310197030,00310-1970-30,1601373,A06AH,A06A,A06,A,naloxegol,OK
00310183030,00310-1830-30,2205634,R03DX,R03D,R03,R,benralizumab,OK
00310461612,00310-4616-12,2387331,D11AA,D11A,D11,D,glycopyrronium,OK
00310174501,00310-1745-01,2679502,R03DX,R03D,R03,R,benralizumab,OK
00310111001,00310-1110-01,2053927,V03AE,V03A,V03,V,sodium zirconium cyclosilicate,OK
00310111030,00310-1110-30,2053927,V03AE,V03A,V03,V,sodium zirconium cyclosilicate,OK
00310613530,00310-6135-30,1043582,A10BD,A10B,A10,A,metformin / saxagliptin,OK
00310610030,00310-6100-30,858044,A10BH,A10B,A10,A,saxagliptin,OK
00310614530,00310-6145-30,1043574,A10BD,A10B,A10,A,metformin / saxagliptin,OK
00310351260,00310-3512-60,2607737,L01EL,L01E,L01,L,acalabrutinib,OK
00310612560,00310-6125-60,1043567,A10BD,A10B,A10,A,metformin / saxagliptin,OK
00310621030,00310-6210-30,1486977,A10BK,A10B,A10,A,dapagliflozin,OK
00310460012,00310-4600-12,1790644,D11AA,D11A,D11,D,glycopyrronium,OK
00310622560,00310-6225-60,1940498,A10BD,A10B,A10,A,dapagliflozin / metformin,OK
00310620530,00310-6205-30,1486981,A10BK,A10B,A10,A,dapagliflozin,OK
00310652004,00310-6520-04,,,,,,,NDC_NOT_FOUND
00310653004,00310-6530-04,,,,,,,NDC_NOT_FOUND
00310625030,00310-6250-30,1593831,A10BD,A10B,A10,A,dapagliflozin / metformin,OK
00310627030,00310-6270-30,1593835,A10BD,A10B,A10,A,dapagliflozin / metformin,OK
00310651201,00310-6512-01,847917,A10BJ,A10B,A10,A,exenatide,OK
00310652401,00310-6524-01,847913,A10BJ,A10B,A10,A,exenatide,OK
00310654001,00310-6540-01,1990869,A10BJ,A10B,A10,A,exenatide,OK
00310661502,00310-6615-02,861045,A10BX,A10B,A10,A,pramlintide,OK
00310610530,00310-6105-30,858040,A10BH,A10B,A10,A,saxagliptin,OK
00310678030,00310-6780-30,1925504,A10BK,A10B,A10,A,dapagliflozin,OK
00310654004,00310-6540-04,1990869,A10BJ,A10B,A10,A,exenatide,OK
00310677030,00310-6770-30,2169276,A10BK,A10B,A10,A,dapagliflozin,OK
00310737020,00310-7370-20,1246304,A07EA,A07E,A07,A,budesonide,OK
00310628030,00310-6280-30,1593775,A10BD,A10B,A10,A,dapagliflozin / metformin,OK
00310737220,00310-7372-20,1246288,A07EA,A07E,A07,A,budesonide,OK
00310626060,00310-6260-60,1593833,A10BD,A10B,A10,A,dapagliflozin / metformin,OK
00310940001,00310-9400-01,2671950,N07XX,N07X,N07,N,eplontersen,OK
00310758090,00310-7580-90,859753,C10AA,C10A,C10,C,rosuvastatin,OK
00310756090,00310-7560-90,859426,C10AA,C10A,C10,C,rosuvastatin,OK
00310757090,00310-7570-90,859749,C10AA,C10A,C10,C,rosuvastatin,OK
00310950001,00310-9500-01,2669978,L01EX,L01E,L01,L,capivasertib,OK
00310759030,00310-7590-30,859421,C10AA,C10A,C10,C,rosuvastatin,OK
00316014001,00316-0140-01,197784,A01AC,A01A,A01,A,hydrocortisone,OK
00316012830,00316-0128-30,1729511,A01AC,A01A,A01,A,hydrocortisone,OK
00310662702,00310-6627-02,861043,A10BX,A10B,A10,A,pramlintide,OK
00338002303,00338-0023-03,1795477,B05CX,B05C,B05,B,glucose,OK
00316017001,00316-0170-01,106256,,,,,,NO_ATC
00310908012,00310-9080-12,2665912,A07EA,A07E,A07,A,budesonide,OK
00316012601,00316-0126-01,106258,A01AC,A01A,A01,A,hydrocortisone,OK
00338004304,00338-0043-04,1807552,A12CA,A12C,A12,A,sodium chloride,OK
00338005403,00338-0054-03,237373,,,,,,NO_ATC
00338007304,00338-0073-04,1795470,B05CX,B05C,B05,B,glucose,OK
00338008904,00338-0089-04,1795346,B05CX,B05C,B05,B,glucose,OK
00338017904,00338-0179-04,663709,,,,,,NO_ATC
00310950101,00310-9501-01,2669982,L01EX,L01E,L01,L,capivasertib,OK
00338005603,00338-0056-03,237374,,,,,,NO_ATC
00338049906,00338-0499-06,692450,,,,,,NO_ATC
00338022104,00338-0221-04,801109,B05XA,B05X,B05,B,sodium acetate,OK
00338007703,00338-0077-03,1794886,B05CX,B05C,B05,B,glucose,OK
00338050348,00338-0503-48,310473,D06AX,D06A,D06,D,gentamicin,OK
00338050206,00338-0502-06,,,,,,,ERROR
00338008503,00338-0085-03,1795252,B05CX,B05C,B05,B,glucose,OK
00338004804,00338-0048-04,486515,A12CA,A12C,A12,A,sodium chloride,OK
00338050741,00338-0507-41,1870633,D06AX,D06A,D06,D,gentamicin,OK
00316017516,00316-0175-16,1648999,A01AC,A01A,A01,A,triamcinolone,OK
00338050941,00338-0509-41,310477,D06AX,D06A,D06,D,gentamicin,OK
00338066304,00338-0663-04,1863973,B05CX,B05C,B05,B,glucose,OK
00338055118,00338-0551-18,1795609,B05CX,B05C,B05,B,glucose,OK
00338052013,00338-0520-13,805131,,,,,,NO_ATC
00338050548,00338-0505-48,242816,D06AX,D06A,D06,D,gentamicin,OK
00338051909,00338-0519-09,1799706,,,,,,NO_ATC
00338067104,00338-0671-04,1863605,B05CX,B05C,B05,B,glucose,OK
00338064406,00338-0644-06,,,,,,,ERROR
00338067504,00338-0675-04,615100,B05CX,B05C,B05,B,glucose,OK
00338070348,00338-0703-48,1860463,A12BA,A12B,A12,A,potassium chloride,OK
00338066904,00338-0669-04,630796,B05CX,B05C,B05,B,glucose,OK
00338070434,00338-0704-34,403890,A12BA,A12B,A12,A,potassium chloride,OK
00338069504,00338-0695-04,237367,A12BA,A12B,A12,A,potassium chloride,OK
00338067304,00338-0673-04,615099,B05CX,B05C,B05,B,glucose,OK
00338055318,00338-0553-18,1807632,A12CA,A12C,A12,A,sodium chloride,OK
00338068304,00338-0683-04,309783,B05CX,B05C,B05,B,glucose,OK
00338081104,00338-0811-04,670590,,,,,,NO_ATC
00338080704,00338-0807-04,615111,B05CX,B05C,B05,B,glucose,OK
00338069104,00338-0691-04,637551,A12BA,A12B,A12,A,potassium chloride,OK
00338070948,00338-0709-48,312507,A12BA,A12B,A12,A,potassium chloride,OK
00338101541,00338-1015-41,240637,J01CF,J01C,J01,J,oxacillin,OK
00338109904,00338-1099-04,800438,N06AX,N06A,N06,N,tryptophan,OK
00338070548,00338-0705-48,1860239,A12BA,A12B,A12,A,potassium chloride,OK
00338109104,00338-1091-04,800405,N06AX,N06A,N06,N,tryptophan,OK
00338101341,00338-1013-41,312128,J01CF,J01C,J01,J,oxacillin,OK
00338080304,00338-0803-04,615107,B05CX,B05C,B05,B,glucose,OK
00338108904,00338-1089-04,800420,N06AX,N06A,N06,N,tryptophan,OK
00338102541,00338-1025-41,198354,,,,,,NO_ATC
00338112704,00338-1127-04,,,,,,,NDC_NOT_FOUND
00338111304,00338-1113-04,801000,N06AX,N06A,N06,N,tryptophan,OK
00338111504,00338-1115-04,1090639,N06AX,N06A,N06,N,tryptophan,OK
00338111904,00338-1119-04,,,,,,,NDC_NOT_FOUND
00338113603,00338-1136-03,,,,,,,NDC_NOT_FOUND
00338113103,00338-1131-03,,,,,,,NDC_NOT_FOUND
00338113903,00338-1139-03,,,,,,,NDC_NOT_FOUND
00338113803,00338-1138-03,800440,N06AX,N06A,N06,N,tryptophan,OK
00338102341,00338-1023-41,204466,J01CE,J01C,J01,J,penicillin G,OK
00338113003,00338-1130-03,801403,N06AX,N06A,N06,N,tryptophan,OK
00338113703,00338-1137-03,800434,N06AX,N06A,N06,N,tryptophan,OK
00338113303,00338-1133-03,800416,N06AX,N06A,N06,N,tryptophan,OK
00338114303,00338-1143-03,,,,,,,NDC_NOT_FOUND
00338114203,00338-1142-03,801010,N06AX,N06A,N06,N,tryptophan,OK
00338114403,00338-1144-03,800998,N06AX,N06A,N06,N,tryptophan,OK
00338114503,00338-1145-03,1090639,N06AX,N06A,N06,N,tryptophan,OK
00338114803,00338-1148-03,801029,N06AX,N06A,N06,N,tryptophan,OK
00338114703,00338-1147-03,801019,N06AX,N06A,N06,N,tryptophan,OK
00338963224,00338-9632-24,1659134,J01CG,J01C,J01,J,tazobactam,OK
00378000585,00378-0005-85,1308428,L01EG,L01E,L01,L,everolimus,OK
00378003210,00378-0032-10,311676,,,,,,NO_ATC
00378000685,00378-0006-85,1308430,L01EG,L01E,L01,L,everolimus,OK
00378001401,00378-0014-01,105585,L01BA,L01B,L01,L,methotrexate,OK
00378000785,00378-0007-85,1308432,L01EG,L01E,L01,L,everolimus,OK
00378004710,00378-0047-10,311675,,,,,,NO_ATC
00338112304,00338-1123-04,801016,,,,,,NO_ATC
00378005301,00378-0053-01,197505,A02BA,A02B,A02,A,cimetidine,OK
00378001805,00378-0018-05,430618,,,,,,NO_ATC
00378006001,00378-0060-01,,,,,,,NDC_NOT_FOUND
00378003001,00378-0030-01,197465,N05BA,N05B,N05,N,clorazepate dipotassium,OK
00338113004,00338-1130-04,801403,N06AX,N06A,N06,N,tryptophan,OK
00378004001,00378-0040-01,197466,N05BA,N05B,N05,N,clorazepate dipotassium,OK
00378004201,00378-0042-01,313796,,,,,,NO_ATC
00378007001,00378-0070-01,197464,N05BA,N05B,N05,N,clorazepate dipotassium,OK
00378008101,00378-0081-01,,,,,,,NDC_NOT_FOUND
00378007801,00378-0078-01,197443,N04BA,N04B,N04,N,levodopa,OK
00378005501,00378-0055-01,198286,C07AA,C07A,C07,C,timolol,OK
00378008401,00378-0084-01,,,,,,,NDC_NOT_FOUND
00378008001,00378-0080-01,197816,C03BA,C03B,C03,C,indapamide,OK
00378007601,00378-0076-01,197725,M01AE,M01A,M01,M,flurbiprofen,OK
00378008601,00378-0086-01,,,,,,,NDC_NOT_FOUND
00378008301,00378-0083-01,,,,,,,NDC_NOT_FOUND
00378009201,00378-0092-01,,,,,,,NDC_NOT_FOUND
00378009401,00378-0094-01,308989,N04BA,N04B,N04,N,levodopa,OK
00378008801,00378-0088-01,308988,N04BA,N04B,N04,N,levodopa,OK
00378014491,00378-0144-91,198240,L02BA,L02B,L02,L,tamoxifen,OK
00378006901,00378-0069-01,197815,C03BA,C03B,C03,C,indapamide,OK
00378015001,00378-0150-01,,,,,,,NDC_NOT_FOUND
00378012701,00378-0127-01,198104,C07AA,C07A,C07,C,pindolol,OK
00378007301,00378-0073-01,308134,,,,,,NO_ATC
00378016001,00378-0160-01,,,,,,,NDC_NOT_FOUND
00378018105,00378-0181-05,197320,M04AA,M04A,M04,M,allopurinol,OK
00378016201,00378-0162-01,,,,,,,NDC_NOT_FOUND
00378019701,00378-0197-01,,,,,,,NDC_NOT_FOUND
00378021001,00378-0210-01,,,,,,,NDC_NOT_FOUND
00378021701,00378-0217-01,,,,,,,NDC_NOT_FOUND
00378021501,00378-0215-01,,,,,,,NDC_NOT_FOUND
00378021301,00378-0213-01,197500,C03BA,C03B,C03,C,chlorthalidone,OK
00378008701,00378-0087-01,,,,,,,NDC_NOT_FOUND
00378013701,00378-0137-01,197319,M04AA,M04A,M04,M,allopurinol,OK
00378021401,00378-0214-01,314034,N05AD,N05A,N05,N,haloperidol,OK
00378022201,00378-0222-01,197499,C03BA,C03B,C03,C,chlorthalidone,OK
00378023205,00378-0232-05,197732,C03CA,C03C,C03,C,furosemide,OK
00378021101,00378-0211-01,308130,,,,,,NO_ATC
00378027493,00378-0274-93,313195,L02BA,L02B,L02,L,tamoxifen,OK
00378022101,00378-0221-01,198284,C07AA,C07A,C07,C,timolol,OK
00378025701,00378-0257-01,310671,N05AD,N05A,N05,N,haloperidol,OK
00378031301,00378-0313-01,198297,M01AB,M01A,M01,M,tolmetin,OK
00378033001,00378-0330-01,314961,,,,,,NO_ATC
00378031701,00378-0317-01,197506,A02BA,A02B,A02,A,cimetidine,OK
00378034505,00378-0345-05,197591,N05BA,N05B,N05,N,diazepam,OK
00378034701,00378-0347-01,,,,,,,NDC_NOT_FOUND
00378025501,00378-0255-01,197316,R03AC,R03A,R03,R,albuterol,OK
00378035101,00378-0351-01,310670,N05AD,N05A,N05,N,haloperidol,OK
00378035501,00378-0355-01,351655,,,,,,NO_ATC
00378039001,00378-0390-01,198036,C08CA,C08C,C08,C,nifedipine,OK
00378039991,00378-0399-91,1373491,L04AX,L04A,L04,L,dimethyl fumarate,OK
00378039614,00378-0396-14,1373483,L04AX,L04A,L04,L,dimethyl fumarate,OK
00378037201,00378-0372-01,197507,A02BA,A02B,A02,A,cimetidine,OK
00378027701,00378-0277-01,308131,,,,,,NO_ATC
00378040301,00378-0403-01,198224,C03AA,C03A,C03,C,hydrochlorothiazide,OK
00378035301,00378-0353-01,198034,C08CA,C08C,C08,C,nifedipine,OK
00378041501,00378-0415-01,1190572,A03BA,A03B,A03,A,atropine,OK
00378042401,00378-0424-01,310804,,,,,,NO_ATC
00378032701,00378-0327-01,310672,N05AD,N05A,N05,N,haloperidol,OK
00378046001,00378-0460-01,93252,C03DB,C03D,C03,C,triamterene,OK
00378040701,00378-0407-01,,,,,,,ERROR
00378046701,00378-0467-01,198108,M01AC,M01A,M01,M,piroxicam,OK
00378044201,00378-0442-01,308132,,,,,,NO_ATC
00378046401,00378-0464-01,93253,C03DB,C03D,C03,C,triamterene,OK
00378043401,00378-0434-01,310803,,,,,,NO_ATC
00378050701,00378-0507-01,,,,,,,NDC_NOT_FOUND
00378055101,00378-0551-01,,,,,,,NDC_NOT_FOUND
00378044501,00378-0445-01,314017,,,,,,NO_ATC
00378047101,00378-0471-01,310291,M01AE,M01A,M01,M,fenoprofen,OK
00378047201,00378-0472-01,1099563,,,,,,NO_ATC
00378054101,00378-0541-01,197508,A02BA,A02B,A02,A,cimetidine,OK
00378057201,00378-0572-01,197318,R03AC,R03A,R03,R,albuterol,OK
00378061201,00378-0612-01,313354,N05AC,N05A,N05,N,thioridazine,OK
00378061401,00378-0614-01,198274,N05AC,N05A,N05,N,thioridazine,OK
00378061801,00378-0618-01,198270,N05AC,N05A,N05,N,thioridazine,OK
00378071101,00378-0711-01,,,,,,,NDC_NOT_FOUND
00378071201,00378-0712-01,310070,,,,,,NO_ATC
00378073101,00378-0731-01,,,,,,,NDC_NOT_FOUND
00378061601,00378-0616-01,198275,N05AC,N05A,N05,N,thioridazine,OK
00378073401,00378-0734-01,313990,N06AB,N06A,N06,N,fluoxetine,OK
00378050991,00378-0509-91,,,,,,,NDC_NOT_FOUND
00378057401,00378-0574-01,,,,,,,ERROR
00378075110,00378-0751-10,197548,,,,,,NO_ATC
00378071501,00378-0715-01,198285,C07AA,C07A,C07,C,timolol,OK
00378073501,00378-0735-01,248642,N06AB,N06A,N06,N,fluoxetine,OK
00378081005,00378-0810-05,199903,C03AA,C03A,C03,C,hydrochlorothiazide,OK
00378087199,00378-0871-99,998671,C02AC,C02A,C02,C,clonidine,OK
00378082501,00378-0825-01,197536,N05AH,N05A,N05,N,clozapine,OK
00378076101,00378-0761-01,828299,M03BX,M03B,M03,M,cyclobenzaprine,OK
00378077201,00378-0772-01,198346,,,,,,NO_ATC
00378072301,00378-0723-01,310064,,,,,,NO_ATC
00378087399,00378-0873-99,998679,C02AC,C02A,C02,C,clonidine,OK
00378100101,00378-1001-01,313362,N05AF,N05A,N05,N,thiothixene,OK
00378089655,00378-0896-55,312255,D06BB,D06B,D06,D,penciclovir,OK
00378107893,00378-1078-93,876519,C08CA,C08C,C08,C,amlodipine,OK
00378107793,00378-1077-93,876529,C08CA,C08C,C08,C,amlodipine,OK
00378104901,00378-1049-01,1000048,D04AX,D04A,D04,D,doxepin,OK
00378108601,00378-1086-01,197541,M04AC,M04A,M04,M,colchicine,OK
00378107693,00378-1076-93,876514,C08CA,C08C,C08,C,amlodipine,OK
00378110101,00378-1101-01,312593,C02CA,C02C,C02,C,prazosin,OK
00378087299,00378-0872-99,998675,C02AC,C02A,C02,C,clonidine,OK
00378116001,00378-1160-01,197745,C02AC,C02A,C02,C,guanfacine,OK
00378141393,00378-1413-93,403853,C09CA,C09C,C09,C,olmesartan medoxomil,OK
00378114501,00378-1145-01,866111,N05BE,N05B,N05,N,buspirone,OK
00378120001,00378-1200-01,,,,,,,ERROR
00378142593,00378-1425-93,403855,C09CA,C09C,C09,C,olmesartan medoxomil,OK
00378142293,00378-1422-93,403854,C09CA,C09C,C09,C,olmesartan medoxomil,OK
00378057701,00378-0577-01,308098,,,,,,NO_ATC
00378157001,00378-1570-01,260376,G04CA,G04C,G04,G,terazosin,OK
00378162001,00378-1620-01,197599,,,,,,NO_ATC
00378161001,00378-1610-01,197598,,,,,,NO_ATC
00378174389,00378-1743-89,,,,,,,NDC_NOT_FOUND
00378172193,00378-1721-93,722134,C08CA,C08C,C08,C,amlodipine,OK
00378172293,00378-1722-93,722126,C08CA,C08C,C08,C,amlodipine,OK
00378174589,00378-1745-89,,,,,,,NDC_NOT_FOUND
00378172493,00378-1724-93,722131,C08CA,C08C,C08,C,amlodipine,OK
00378107593,00378-1075-93,876524,C08CA,C08C,C08,C,amlodipine,OK
00378180010,00378-1800-10,238746,,,,,,NO_ATC
00378172393,00378-1723-93,722137,C08CA,C08C,C08,C,amlodipine,OK
00378180310,00378-1803-10,238747,,,,,,NO_ATC
00378181110,00378-1811-10,,,,,,,ERROR
00378180910,00378-1809-10,238749,,,,,,NO_ATC
00378181310,00378-1813-10,238750,,,,,,NO_ATC
00378180510,00378-1805-10,238748,,,,,,NO_ATC
00378180710,00378-1807-10,317797,,,,,,NO_ATC
00378181377,00378-1813-77,966224,H03AA,H03A,H03,H,levothyroxine sodium,OK
00378181510,00378-1815-10,238751,,,,,,NO_ATC
00378181710,00378-1817-10,311303,,,,,,NO_ATC
00378182377,00378-1823-77,966270,H03AA,H03A,H03,H,levothyroxine sodium,OK
00378182177,00378-1821-77,892255,H03AA,H03A,H03,H,levothyroxine sodium,OK
00378190101,00378-1901-01,315150,,,,,,NO_ATC
00378190201,00378-1902-01,311703,,,,,,NO_ATC
00378181977,00378-1819-77,892251,H03AA,H03A,H03,H,levothyroxine sodium,OK
00378200201,00378-2002-01,313364,N05AF,N05A,N05,N,thiothixene,OK
00378191405,00378-1914-05,197529,N03AE,N03A,N03,N,clonazepam,OK
00378200393,00378-2003-93,1738803,N06AB,N06A,N06,N,paroxetine,OK
00378209601,00378-2096-01,790489,C08CA,C08C,C08,C,nisoldipine,OK
00378200593,00378-2005-93,1738807,N06AB,N06A,N06,N,paroxetine,OK
00378209701,00378-2097-01,763519,C08CA,C08C,C08,C,nisoldipine,OK
00378209901,00378-2099-01,763589,C08CA,C08C,C08,C,nisoldipine,OK
00378209801,00378-2098-01,763574,C08CA,C08C,C08,C,nisoldipine,OK
00378200493,00378-2004-93,1738805,N06AB,N06A,N06,N,paroxetine,OK
00378210001,00378-2100-01,197897,,,,,,NO_ATC
00378222201,00378-2222-01,311984,C08CA,C08C,C08,C,nisoldipine,OK
00378215001,00378-2150-01,618557,,,,,,NO_ATC
00378222301,00378-2223-01,311985,C08CA,C08C,C08,C,nisoldipine,OK
00378226801,00378-2268-01,313219,G04CA,G04C,G04,G,terazosin,OK
00378230201,00378-2302-01,312594,C02CA,C02C,C02,C,prazosin,OK
00378222401,00378-2224-01,360344,C08CA,C08C,C08,C,nisoldipine,OK
00378223393,00378-2233-93,349477,J05AG,J05A,J05,J,efavirenz,OK
00378235193,00378-2351-93,606730,A02BC,A02B,A02,A,esomeprazole,OK
00378235093,00378-2350-93,606726,A02BC,A02B,A02,A,esomeprazole,OK
00378240501,00378-2405-01,198325,N05AB,N05A,N05,N,trifluoperazine,OK
00378241001,00378-2410-01,198323,N05AB,N05A,N05,N,trifluoperazine,OK
00378240201,00378-2402-01,198324,N05AB,N05A,N05,N,trifluoperazine,OK
00378247401,00378-2474-01,198364,,,,,,NO_ATC
00378258977,00378-2589-77,828379,C10AB,C10A,C10,C,fenofibrate,OK
00378267001,00378-2670-01,349328,,,,,,NO_ATC
00378292177,00378-2921-77,205304,C09CA,C09C,C09,C,telmisartan,OK
00378261001,00378-2610-01,197356,,,,,,NO_ATC
00378240101,00378-2401-01,198322,N05AB,N05A,N05,N,trifluoperazine,OK
00378300277,00378-3002-77,578330,C09CA,C09C,C09,C,candesartan,OK
00378300001,00378-3000-01,618552,,,,,,NO_ATC
00378300701,00378-3007-01,308963,C09AA,C09A,C09,C,captopril,OK
00378300177,00378-3001-77,578325,C09CA,C09C,C09,C,candesartan,OK
00378302201,00378-3022-01,308962,C09AA,C09A,C09,C,captopril,OK
00378301701,00378-3017-01,308964,C09AA,C09A,C09,C,captopril,OK
00378300501,00378-3005-01,313366,N05AF,N05A,N05,N,thiothixene,OK
00378307501,00378-3075-01,197526,,,,,,NO_ATC
00378305001,00378-3050-01,197525,,,,,,NO_ATC
00378302501,00378-3025-01,197524,,,,,,NO_ATC
00378311001,00378-3110-01,198243,N05CD,N05C,N05,N,temazepam,OK
00378312201,00378-3122-01,200256,A10BX,A10B,A10,A,repaglinide,OK
00378328691,00378-3286-91,,,,,,,NDC_NOT_FOUND
00378328891,00378-3288-91,,,,,,,NDC_NOT_FOUND
00378312501,00378-3125-01,1000070,D04AX,D04A,D04,D,doxepin,OK
00378312301,00378-3123-01,200258,A10BX,A10B,A10,A,repaglinide,OK
00378320501,00378-3205-01,198141,C02CA,C02C,C02,C,prazosin,OK
00378334053,00378-3340-53,1534809,G03AA,G03A,G03,G,ethinyl estradiol / norelgestromin,OK
00378334999,00378-3349-99,242333,G03CA,G03C,G03,G,estradiol,OK
00378335099,00378-3350-99,238003,G03CA,G03C,G03,G,estradiol,OK
00378335199,00378-3351-99,241527,G03CA,G03C,G03,G,estradiol,OK
00378336099,00378-3360-99,403922,G03CA,G03C,G03,G,estradiol,OK
00378336199,00378-3361-99,403923,G03CA,G03C,G03,G,estradiol,OK
00378340293,00378-3402-93,855182,G04BD,G04B,G04,G,tolterodine,OK
00378335299,00378-3352-99,238004,G03CA,G03C,G03,G,estradiol,OK
00378341201,00378-3412-01,636353,,,,,,NO_ATC
00378343293,00378-3432-93,724859,N06BA,N06B,N06,N,armodafinil,OK
00378343193,00378-3431-93,724863,N06BA,N06B,N06,N,armodafinil,OK
00378350291,00378-3502-91,312828,N05AX,N05A,N05,N,risperidone,OK
00378352091,00378-3520-91,402109,J05AE,J05A,J05,J,fosamprenavir,OK
00378340493,00378-3404-93,855189,G04BD,G04B,G04,G,tolterodine,OK
00378343393,00378-3433-93,724861,N06BA,N06B,N06,N,armodafinil,OK
00378381301,00378-3813-01,476179,N05AH,N05A,N05,N,clozapine,OK
00378381501,00378-3815-01,476177,N05AH,N05A,N05,N,clozapine,OK
00378385001,00378-3850-01,1313885,N03AB,N03A,N03,N,phenytoin,OK
00378397893,00378-3978-93,,,,,,,NDC_NOT_FOUND
00378392593,00378-3925-93,834235,M04AA,M04A,M04,M,febuxostat,OK
00378397993,00378-3979-93,,,,,,,NDC_NOT_FOUND
00378398193,00378-3981-93,,,,,,,NDC_NOT_FOUND
00378398093,00378-3980-93,,,,,,,NDC_NOT_FOUND
00378401001,00378-4010-01,198241,N05CD,N05C,N05,N,temazepam,OK
00378375093,00378-3750-93,349330,,,,,,NO_ATC
00378412401,00378-4124-01,313813,,,,,,NO_ATC
00378412201,00378-4122-01,307781,,,,,,ERROR
00378392693,00378-3926-93,834241,M04AA,M04A,M04,M,febuxostat,OK
00378427577,00378-4275-77,313565,J05AB,J05A,J05,J,valacyclovir,OK
00378425001,00378-4250-01,1000076,D04AX,D04A,D04,D,doxepin,OK
00378427693,00378-4276-93,313564,J05AB,J05A,J05,J,valacyclovir,OK
00378441501,00378-4415-01,,,,,,,NDC_NOT_FOUND
00378443001,00378-4430-01,,,,,,,NDC_NOT_FOUND
00378439077,00378-4390-77,749804,C10AB,C10A,C10,C,fenofibrate,OK
00378439177,00378-4391-77,749802,C10AB,C10A,C10,C,fenofibrate,OK
00378447201,00378-4472-01,200060,,,,,,NO_ATC
00378453578,00378-4535-78,1653433,A01AB,A01A,A01,A,doxycycline,OK
00378453391,00378-4533-91,1423080,A01AB,A01A,A01,A,doxycycline,OK
00378456105,00378-4561-05,628953,A12BA,A12B,A12,A,potassium chloride,OK
00378459401,00378-4594-01,1606349,C07AB,C07A,C07,C,metoprolol,OK
00378452593,00378-4525-93,1012895,L04AE,L04A,L04,L,fingolimod,OK
00378459510,00378-4595-10,866427,C07AB,C07A,C07,C,metoprolol,OK
00378459301,00378-4593-01,1606347,C07AB,C07A,C07,C,metoprolol,OK
00378464026,00378-4640-26,242892,G03CA,G03C,G03,G,estradiol,OK
00378464326,00378-4643-26,241946,G03CA,G03C,G03,G,estradiol,OK
00378464226,00378-4642-26,242891,G03CA,G03C,G03,G,estradiol,OK
00378471022,00378-4710-22,643123,A01AC,A01A,A01,A,prednisolone,OK
00378464126,00378-4641-26,1149632,G03CA,G03C,G03,G,estradiol,OK
00378471522,00378-4715-22,643125,A01AC,A01A,A01,A,prednisolone,OK
00378473501,00378-4735-01,308608,,,,,,NO_ATC
00378474501,00378-4745-01,308610,,,,,,NO_ATC
00378477501,00378-4775-01,308611,,,,,,NO_ATC
00378472501,00378-4725-01,313866,,,,,,NO_ATC
00378481093,00378-4810-93,966787,D04AX,D04A,D04,D,doxepin,OK
00378473022,00378-4730-22,643127,A01AC,A01A,A01,A,prednisolone,OK
00378464426,00378-4644-26,248478,G03CA,G03C,G03,G,estradiol,OK
00378481193,00378-4811-93,966793,D04AX,D04A,D04,D,doxepin,OK
00378505001,00378-5050-01,198242,N05CD,N05C,N05,N,temazepam,OK
00378501001,00378-5010-01,313361,N05AF,N05A,N05,N,thiothixene,OK
00378505301,00378-5053-01,476515,N04BA,N04B,N04,N,levodopa,OK
00378505201,00378-5052-01,476399,N04BA,N04B,N04,N,levodopa,OK
00378512101,00378-5121-01,360507,C10AA,C10A,C10,C,fluvastatin,OK
00378505101,00378-5051-01,483090,N04BA,N04B,N04,N,levodopa,OK
00378518693,00378-5186-93,855812,B01AC,B01A,B01,B,prasugrel,OK
00378518593,00378-5185-93,855818,B01AC,B01A,B01,B,prasugrel,OK
00378520001,00378-5200-01,198296,M01AB,M01A,M01,M,tolmetin,OK
00378520977,00378-5209-77,197361,C08CA,C08C,C08,C,amlodipine,OK
00378537501,00378-5375-01,1000097,D04AX,D04A,D04,D,doxepin,OK
00378539093,00378-5390-93,966787,D04AX,D04A,D04,D,doxepin,OK
00378543693,00378-5436-93,996594,N06DX,N06D,N06,N,memantine,OK
00378543593,00378-5435-93,996615,N06DX,N06D,N06,N,memantine,OK
00378539193,00378-5391-93,966793,D04AX,D04A,D04,D,doxepin,OK
00378544093,00378-5440-93,1147334,J05AG,J05A,J05,J,rilpivirine,OK
00378535001,00378-5350-01,198076,N05AB,N05A,N05,N,perphenazine,OK
00378547591,00378-5475-91,728207,A01AB,A01A,A01,A,doxycycline,OK
00378524585,00378-5245-85,284204,N02CC,N02C,N02,N,almotriptan,OK
00378581577,00378-5815-77,349200,C09CA,C09C,C09,C,valsartan,OK
00378581477,00378-5814-77,349201,C09CA,C09C,C09,C,valsartan,OK
00378580793,00378-5807-93,349483,C09CA,C09C,C09,C,valsartan,OK
00378608993,00378-6089-93,483425,C10AB,C10A,C10,C,fenofibrate,OK
00378606001,00378-6060-01,284261,,,,,,NO_ATC
00378581377,00378-5813-77,349199,C09CA,C09C,C09,C,valsartan,OK
00378609001,00378-6090-01,284262,,,,,,NO_ATC
00378614044,00378-6140-44,208332,D10AD,D10A,D10,D,tretinoin,OK
00378614045,00378-6140-45,208332,D10AD,D10A,D10,D,tretinoin,OK
00378614144,00378-6141-44,106302,D10AD,D10A,D10,D,tretinoin,OK
00378608893,00378-6088-93,483427,C10AB,C10A,C10,C,fenofibrate,OK
00378614145,00378-6141-45,106302,D10AD,D10A,D10,D,tretinoin,OK
00378615149,00378-6151-49,1298452,D01AE,D01A,D01,D,butenafine,OK
00378612001,00378-6120-01,284263,,,,,,NO_ATC
00378617301,00378-6173-01,311671,C03BA,C03B,C03,C,metolazone,OK
00378617401,00378-6174-01,197978,C03BA,C03B,C03,C,metolazone,OK
00378617201,00378-6172-01,197979,C03BA,C03B,C03,C,metolazone,OK
00378615601,00378-6156-01,260351,C01AA,C01A,C01,C,digoxin,OK
00378619593,00378-6195-93,432400,H05BX,H05B,H05,H,cinacalcet,OK
00378619693,00378-6196-93,432401,H05BX,H05B,H05,H,cinacalcet,OK
00378619793,00378-6197-93,432402,H05BX,H05B,H05,H,cinacalcet,OK
00378615501,00378-6155-01,260350,C01AA,C01A,C01,C,digoxin,OK
00378632001,00378-6320-01,313587,,,,,,NO_ATC
00378632177,00378-6321-77,200284,C03AA,C03A,C03,C,hydrochlorothiazide,OK
00378620201,00378-6202-01,313591,,,,,,NO_ATC
00378620101,00378-6201-01,242722,,,,,,NO_ATC
00378632277,00378-6322-77,200285,C03AA,C03A,C03,C,hydrochlorothiazide,OK
00378620305,00378-6203-05,313592,,,,,,NO_ATC
00378632377,00378-6323-77,349353,C03AA,C03A,C03,C,hydrochlorothiazide,OK
00378632477,00378-6324-77,636042,C03AA,C03A,C03,C,hydrochlorothiazide,OK
00378632577,00378-6325-77,636045,C03AA,C03A,C03,C,hydrochlorothiazide,OK
00378641001,00378-6410-01,1000058,D04AX,D04A,D04,D,doxepin,OK
00378633380,00378-6333-80,835726,N07BB,N07B,N07,N,acamprosate,OK
00378638001,00378-6380-01,313588,,,,,,NO_ATC
00378647097,00378-6470-97,226552,A04AD,A04A,A04,A,scopolamine,OK
00378655053,00378-6550-53,748878,G03AA,G03A,G03,G,ethinyl estradiol / levonorgestrel,OK
00378647099,00378-6470-99,226552,A04AD,A04A,A04,A,scopolamine,OK
00378660501,00378-6605-01,312155,,,,,,NO_ATC
00378644001,00378-6440-01,314273,,,,,,NO_ATC
00378661193,00378-6611-93,197843,D10AD,D10A,D10,D,isotretinoin,OK
00378661293,00378-6612-93,197844,D10AD,D10A,D10,D,isotretinoin,OK
00378662993,00378-6629-93,,,,,,,NDC_NOT_FOUND
00378661485,00378-6614-85,404064,D10AD,D10A,D10,D,isotretinoin,OK
00378661185,00378-6611-85,404058,D10AD,D10A,D10,D,isotretinoin,OK
00378661493,00378-6614-93,197845,D10AD,D10A,D10,D,isotretinoin,OK
00378661393,00378-6613-93,2711694,D10AD,D10A,D10,D,isotretinoin,OK
00378695077,00378-6950-77,1373745,J05AG,J05A,J05,J,nevirapine,OK
00378695501,00378-6955-01,308725,L01XF,L01X,L01,L,bexarotene,OK
00378696032,00378-6960-32,1111641,L03AX,L03A,L03,L,glatiramer acetate,OK
00378699152,00378-6991-52,,,,,,,NDC_NOT_FOUND
00378692191,00378-6921-91,1918042,L02BX,L02B,L02,L,abiraterone,OK
00378699252,00378-6992-52,,,,,,,NDC_NOT_FOUND
00378698288,00378-6982-88,351260,A02BC,A02B,A02,A,lansoprazole,OK
00378698188,00378-6981-88,351261,A02BC,A02B,A02,A,lansoprazole,OK
00378696093,00378-6960-93,1111641,L03AX,L03A,L03,L,glatiramer acetate,OK
00378696112,00378-6961-12,1487361,L03AX,L03A,L03,L,glatiramer acetate,OK
00378701001,00378-7010-01,314078,N05AH,N05A,N05,N,loxapine,OK
00378699393,00378-6993-93,1855389,,,,,,NO_ATC
00378701293,00378-7012-93,349373,C09CA,C09C,C09,C,olmesartan medoxomil,OK
00378700701,00378-7007-01,728550,D01AC,D01A,D01,D,ketoconazole,OK
00378702501,00378-7025-01,311385,N05AH,N05A,N05,N,loxapine,OK
00378702093,00378-7020-93,199689,D05BB,D05B,D05,D,acitretin,OK
00378705535,00378-7055-35,863038,,,,,,NO_ATC
00378709693,00378-7096-93,197412,G02CB,G02C,G02,G,bromocriptine,OK
00378702393,00378-7023-93,199690,D05BB,D05B,D05,D,acitretin,OK
00378711293,00378-7112-93,349401,C09CA,C09C,C09,C,olmesartan medoxomil,OK
00378713193,00378-7131-93,603208,L01EB,L01E,L01,L,erlotinib,OK
00378713293,00378-7132-93,603203,L01EB,L01E,L01,L,erlotinib,OK
00378715001,00378-7150-01,205323,L01XX,L01X,L01,L,celecoxib,OK
00378712493,00378-7124-93,349405,C09CA,C09C,C09,C,olmesartan medoxomil,OK
00378727253,00378-7272-53,748961,G03AC,G03A,G03,G,norethindrone,OK
00378716001,00378-7160-01,205322,L01XX,L01X,L01,L,celecoxib,OK
00378716591,00378-7165-91,686379,L01XX,L01X,L01,L,celecoxib,OK
00378728253,00378-7282-53,749848,G03AC,G03A,G03,G,desogestrel,OK
00378728153,00378-7281-53,751901,G03AA,G03A,G03,G,ethinyl estradiol / levonorgestrel,OK
00378728485,00378-7284-85,749761,G03AA,G03A,G03,G,ethinyl estradiol / levonorgestrel,OK
00378713393,00378-7133-93,603206,L01EB,L01E,L01,L,erlotinib,OK
00378728590,00378-7285-90,749761,G03AA,G03A,G03,G,ethinyl estradiol / levonorgestrel,OK
00378728753,00378-7287-53,748868,G03AA,G03A,G03,G,ethinyl estradiol / levonorgestrel,OK
00378715501,00378-7155-01,1006089,,,,,,NO_ATC
00378728353,00378-7283-53,1358763,B03AA,B03A,B03,B,ferrous fumarate,OK
00378730153,00378-7301-53,,,,,,,NDC_NOT_FOUND
00378730353,00378-7303-53,1359132,B03AA,B03A,B03,B,ferrous fumarate,OK
00378730053,00378-7300-53,748800,G03AC,G03A,G03,G,drospirenone,OK
00378729753,00378-7297-53,1095224,B03AA,B03A,B03,B,ferrous fumarate,OK
00378728385,00378-7283-85,1358763,B03AA,B03A,B03,B,ferrous fumarate,OK
00378731553,00378-7315-53,,,,,,,NDC_NOT_FOUND
00378750232,00378-7502-32,2597673,A07EA,A07E,A07,A,budesonide,OK
00378730853,00378-7308-53,1607990,B03AA,B03A,B03,B,ferrous fumarate,OK
00378730753,00378-7307-53,748804,G03DC,G03D,G03,G,ethynodiol,OK
00378728490,00378-7284-90,749761,G03AA,G03A,G03,G,ethinyl estradiol / levonorgestrel,OK
00378731685,00378-7316-85,1373503,G03AA,G03A,G03,G,ethinyl estradiol / levonorgestrel,OK
00378750332,00378-7503-32,2597670,A07EA,A07E,A07,A,budesonide,OK
00378807593,00378-8075-93,206212,D10AF,D10A,D10,D,erythromycin,OK
00378802093,00378-8020-93,310404,C10AA,C10A,C10,C,fluvastatin,OK
00378730653,00378-7306-53,748806,G03DC,G03D,G03,G,ethynodiol,OK
00378807849,00378-8078-49,284191,L01BC,L01B,L01,L,fluorouracil,OK
00378802193,00378-8021-93,310405,C10AA,C10A,C10,C,fluvastatin,OK
00378729653,00378-7296-53,759743,G03AC,G03A,G03,G,desogestrel,OK
00378805660,00378-8056-60,103467,D07AD,D07A,D07,D,halcinonide,OK
00378809345,00378-8093-45,313453,D10AD,D10A,D10,D,tretinoin,OK
00378809045,00378-8090-45,245723,D10AD,D10A,D10,D,tretinoin,OK
00378808545,00378-8085-45,313450,D10AD,D10A,D10,D,tretinoin,OK
00378807560,00378-8075-60,206212,D10AF,D10A,D10,D,erythromycin,OK
00378808645,00378-8086-45,313451,D10AD,D10A,D10,D,tretinoin,OK
00378813045,00378-8130-45,1000093,D04AX,D04A,D04,D,doxepin,OK
00378812330,00378-8123-30,1000095,D04AX,D04A,D04,D,doxepin,OK
00378814701,00378-8147-01,1992274,D07AD,D07A,D07,D,clobetasol,OK
00378811745,00378-8117-45,1000091,D04AX,D04A,D04,D,doxepin,OK
00378814750,00378-8147-50,1992274,D07AD,D07A,D07,D,clobetasol,OK
00378812345,00378-8123-45,1000095,D04AX,D04A,D04,D,doxepin,OK
00378813601,00378-8136-01,729768,D01AC,D01A,D01,D,ketoconazole,OK
00378815701,00378-8157-01,1091185,N06BA,N06B,N06,N,methylphenidate,OK
00378813650,00378-8136-50,729768,D01AC,D01A,D01,D,ketoconazole,OK
00378813401,00378-8134-01,544741,D10AF,D10A,D10,D,clindamycin,OK
00378818201,00378-8182-01,861355,D07AD,D07A,D07,D,clobetasol,OK
00378818701,00378-8187-01,1244636,A07EA,A07E,A07,A,betamethasone,OK
00378818250,00378-8182-50,861355,D07AD,D07A,D07,D,clobetasol,OK
00378826093,00378-8260-93,753436,N06BA,N06B,N06,N,methylphenidate,OK
00378826193,00378-8261-93,753438,N06BA,N06B,N06,N,methylphenidate,OK
00378826393,00378-8263-93,753441,N06BA,N06B,N06,N,methylphenidate,OK
00378820001,00378-8200-01,314058,,,,,,NO_ATC
00378818750,00378-8187-50,1244636,A07EA,A07E,A07,A,betamethasone,OK
00378826293,00378-8262-93,753440,N06BA,N06B,N06,N,methylphenidate,OK
00378830201,00378-8302-01,403851,N04BX,N04B,N04,N,entacapone,OK
00378827052,00378-8270-52,630208,R03AC,R03A,R03,R,albuterol,OK
00378830501,00378-8305-01,730988,N04BX,N04B,N04,N,entacapone,OK
00378815801,00378-8158-01,1091210,N06BA,N06B,N06,N,methylphenidate,OK
00378870006,00378-8700-06,197312,D06BB,D06B,D06,D,acyclovir,OK
00378868854,00378-8688-54,358917,D10AE,D10A,D10,D,benzoyl peroxide,OK
00378830301,00378-8303-01,810083,N04BX,N04B,N04,N,entacapone,OK
00378904505,00378-9045-05,209788,A16AA,A16A,A16,A,cysteamine,OK
00378877035,00378-8770-35,310169,G03CA,G03C,G03,G,estradiol,OK
00378904005,00378-9040-05,209789,A16AA,A16A,A16,A,cysteamine,OK
00378910493,00378-9104-93,312003,,,,,,NO_ATC
00378910293,00378-9102-93,207133,,,,,,NO_ATC
00378911998,00378-9119-98,577057,N01AH,N01A,N01,N,fentanyl,OK
00378911693,00378-9116-93,312008,,,,,,NO_ATC
00378911293,00378-9112-93,314139,,,,,,NO_ATC
00378912198,00378-9121-98,245134,N01AH,N01A,N01,N,fentanyl,OK
00378818099,00378-8180-99,1244634,A07EA,A07E,A07,A,betamethasone,OK
00378912698,00378-9126-98,1603498,N01AH,N01A,N01,N,fentanyl,OK
00378876091,00378-8760-91,2572292,L04AD,L04A,L04,L,cyclosporine,OK
00378912298,00378-9122-98,245135,N01AH,N01A,N01,N,fentanyl,OK
00378923093,00378-9230-93,248420,A07EC,A07E,A07,A,mesalamine,OK
00378912498,00378-9124-98,245136,N01AH,N01A,N01,N,fentanyl,OK
00378912598,00378-9125-98,1603495,N01AH,N01A,N01,N,fentanyl,OK
00378912398,00378-9123-98,197696,N01AH,N01A,N01,N,fentanyl,OK
00378912798,00378-9127-98,1603501,N01AH,N01A,N01,N,fentanyl,OK
00378972055,00378-9720-55,211343,D06BB,D06B,D06,D,penciclovir,OK
00378963943,00378-9639-43,308838,,,,,,NO_ATC
00378932032,00378-9320-32,2110510,R03AK,R03A,R03,R,fluticasone / salmeterol,OK
00378973573,00378-9735-73,201903,D06BB,D06B,D06,D,acyclovir,OK
00406012305,00406-0123-05,857002,N02BE,N02B,N02,N,acetaminophen,OK
00378967130,00378-9671-30,1437702,R01AX,R01A,R01,R,ipratropium bromide,OK
00406012401,00406-0124-01,857005,N02BE,N02B,N02,N,acetaminophen,OK
00378932232,00378-9322-32,2110516,R03AK,R03A,R03,R,fluticasone / salmeterol,OK
00406012301,00406-0123-01,857002,N02BE,N02B,N02,N,acetaminophen,OK
00406012501,00406-0125-01,856999,N02BE,N02B,N02,N,acetaminophen,OK
00406012405,00406-0124-05,857005,N02BE,N02B,N02,N,acetaminophen,OK
00406012505,00406-0125-05,856999,N02BE,N02B,N02,N,acetaminophen,OK
00406013601,00406-0136-01,1091185,N06BA,N06B,N06,N,methylphenidate,OK
00406037705,00406-0377-05,856992,N02BE,N02B,N02,N,acetaminophen,OK
00378932132,00378-9321-32,2110513,R03AK,R03A,R03,R,fluticasone / salmeterol,OK
00406048410,00406-0484-10,309462,,,,,,NO_ATC
00406037805,00406-0378-05,856980,N02BE,N02B,N02,N,acetaminophen,OK
00406012701,00406-0127-01,1091170,N06BA,N06B,N06,N,methylphenidate,OK
00406012510,00406-0125-10,856999,N02BE,N02B,N02,N,acetaminophen,OK
00406052301,00406-0523-01,1049214,N02BE,N02B,N02,N,acetaminophen,OK
00406051205,00406-0512-05,1049221,N02BE,N02B,N02,N,acetaminophen,OK
00406055201,00406-0552-01,1049621,N02AA,N02A,N02,N,oxycodone,OK
00406051201,00406-0512-01,1049221,N02BE,N02B,N02,N,acetaminophen,OK
00406052201,00406-0522-01,1049225,N02BE,N02B,N02,N,acetaminophen,OK
00406114601,00406-1146-01,1091392,N06BA,N06B,N06,N,methylphenidate,OK
00406118260,00406-1182-60,,,,,,,NDC_NOT_FOUND
00406118160,00406-1181-60,,,,,,,NDC_NOT_FOUND
00406118360,00406-1183-60,,,,,,,NDC_NOT_FOUND
00406114401,00406-1144-01,1091150,N06BA,N06B,N06,N,methylphenidate,OK
00406118060,00406-1180-60,,,,,,,NDC_NOT_FOUND
00406015401,00406-0154-01,1091210,N06BA,N06B,N06,N,methylphenidate,OK
00406181001,00406-1810-01,1091137,,,,,,NO_ATC
00406117003,00406-1170-03,1483744,N07BB,N07B,N07,N,naltrexone,OK
00406144501,00406-1445-01,1091145,N06BA,N06B,N06,N,methylphenidate,OK
00406183001,00406-1830-01,1091176,,,,,,NO_ATC
00406222401,00406-2224-01,197873,,,,,,NO_ATC
00406114201,00406-1142-01,1091497,N06BA,N06B,N06,N,methylphenidate,OK
00406324301,00406-3243-01,197792,,,,,,NO_ATC
00406324901,00406-3249-01,261977,,,,,,NO_ATC
00406324401,00406-3244-01,197794,,,,,,NO_ATC
00406511801,00406-5118-01,892582,N02AA,N02A,N02,N,morphine,OK
00406186001,00406-1860-01,1091218,,,,,,NO_ATC
00406511101,00406-5111-01,1593856,N06BA,N06B,N06,N,lisdexamfetamine,OK
00406577101,00406-5771-01,311579,,,,,,NO_ATC
00406800330,00406-8003-30,315153,,,,,,NO_ATC
00406575501,00406-5755-01,314100,,,,,,NO_ATC
00406851501,00406-8515-01,1049611,N02AA,N02A,N02,N,oxycodone,OK
00406855730,00406-8557-30,1049615,N02AA,N02A,N02,N,oxycodone,OK
00406147301,00406-1473-01,1091225,N06BA,N06B,N06,N,methylphenidate,OK
00406800312,00406-8003-12,315153,,,,,,NO_ATC
00406511901,00406-5119-01,892672,N02AA,N02A,N02,N,morphine,OK
00406900076,00406-9000-76,245136,N01AH,N01A,N01,N,fentanyl,OK
00406853001,00406-8530-01,1049618,N02AA,N02A,N02,N,oxycodone,OK
00406896201,00406-8962-01,309723,,,,,,NO_ATC
00406895401,00406-8954-01,861225,N06BA,N06B,N06,N,dextroamphetamine,OK
00406920230,00406-9202-30,310295,N01AH,N01A,N01,N,fentanyl,OK
00406907576,00406-9075-76,197696,N01AH,N01A,N01,N,fentanyl,OK
00406920430,00406-9204-30,310297,N01AH,N01A,N01,N,fentanyl,OK
00406896001,00406-8960-01,309725,,,,,,NO_ATC
00406905076,00406-9050-76,245135,N01AH,N01A,N01,N,fentanyl,OK
00406921230,00406-9212-30,310293,N01AH,N01A,N01,N,fentanyl,OK
00406902576,00406-9025-76,245134,N01AH,N01A,N01,N,fentanyl,OK
00406920630,00406-9206-30,313992,N01AH,N01A,N01,N,fentanyl,OK
00406912576,00406-9125-76,245134,N01AH,N01A,N01,N,fentanyl,OK
00406921630,00406-9216-30,310294,N01AH,N01A,N01,N,fentanyl,OK
00406991003,00406-9910-03,198045,N06AA,N06A,N06,N,nortriptyline,OK
00406991103,00406-9911-03,209339,N06AA,N06A,N06,N,nortriptyline,OK
00406991203,00406-9912-03,198046,N06AA,N06A,N06,N,nortriptyline,OK
00406990703,00406-9907-03,,,,,,,ERROR
00406991503,00406-9915-03,198243,N05CD,N05C,N05,N,temazepam,OK
00406991403,00406-9914-03,485489,N05CD,N05C,N05,N,temazepam,OK
00406991501,00406-9915-01,198243,N05CD,N05C,N05,N,temazepam,OK
00406991303,00406-9913-03,198047,N06AA,N06A,N06,N,nortriptyline,OK
00406992003,00406-9920-03,,,,,,,NDC_NOT_FOUND
00406992103,00406-9921-03,,,,,,,NDC_NOT_FOUND
00406920830,00406-9208-30,313993,N01AH,N01A,N01,N,fentanyl,OK
00406990603,00406-9906-03,197524,,,,,,NO_ATC
00406992203,00406-9922-03,,,,,,,NDC_NOT_FOUND
00409021801,00409-0218-01,,,,,,,ERROR
00406995903,00406-9959-03,485489,N05CD,N05C,N05,N,temazepam,OK
00409021901,00409-0219-01,,,,,,,NDC_NOT_FOUND
00409010601,00409-0106-01,,,,,,,NDC_NOT_FOUND
00406990803,00406-9908-03,197526,,,,,,NO_ATC
00409118130,00409-1181-30,206723,,,,,,NO_ATC
00406996001,00406-9960-01,198243,N05CD,N05C,N05,N,temazepam,OK
00409117603,00409-1176-03,1242503,N02AB,N02A,N02,N,meperidine,OK
00409141204,00409-1412-04,,,,,,,NDC_NOT_FOUND
00409083011,00409-0830-11,1664986,J01DF,J01D,J01,J,aztreonam,OK
00406991701,00406-9917-01,198242,N05CD,N05C,N05,N,temazepam,OK
00406991601,00406-9916-01,198241,N05CD,N05C,N05,N,temazepam,OK
00409121501,00409-1215-01,1191222,A06AH,A06A,A06,A,naloxone,OK
00409175410,00409-1754-10,727609,,,,,,NO_ATC
00409022001,00409-0220-01,,,,,,,NDC_NOT_FOUND
00409120703,00409-1207-03,1870650,D06AX,D06A,D06,D,gentamicin,OK
00409131210,00409-1312-10,,,,,,,NDC_NOT_FOUND
00409272002,00409-2720-02,1361226,B01AB,B01A,B01,B,heparin,OK
00409178203,00409-1782-03,1191234,A06AH,A06A,A06,A,naloxone,OK
00409230024,00409-2300-24,1665210,J01MA,J01M,J01,J,ciprofloxacin,OK
00409272101,00409-2721-01,1362831,B01AB,B01A,B01,B,heparin,OK
00409178269,00409-1782-69,1191234,A06AH,A06A,A06,A,naloxone,OK
00409330703,00409-3307-03,307718,R05CB,R05C,R05,R,acetylcysteine,OK
00409263401,00409-2634-01,1724338,N02AA,N02A,N02,N,hydromorphone,OK
00409330803,00409-3308-03,307719,R05CB,R05C,R05,R,acetylcysteine,OK
00409175415,00409-1754-15,829762,A06AD,A06A,A06,A,magnesium sulfate,OK
00409350601,00409-3506-01,,,,,,,NDC_NOT_FOUND
00409350501,00409-3505-01,,,,,,,NDC_NOT_FOUND
00409416203,00409-4162-03,,,,,,,NDC_NOT_FOUND
00409416803,00409-4168-03,,,,,,,NDC_NOT_FOUND
00409417103,00409-4171-03,,,,,,,NDC_NOT_FOUND
00409338513,00409-3385-13,1659137,J01CG,J01C,J01,J,tazobactam,OK
00409189211,00409-1892-11,,,,,,,NDC_NOT_FOUND
00409417905,00409-4179-05,,,,,,,NDC_NOT_FOUND
00409417803,00409-4178-03,,,,,,,NDC_NOT_FOUND
00409420003,00409-4200-03,,,,,,,NDC_NOT_FOUND
00409508216,00409-5082-16,1659292,J01DD,J01D,J01,J,ceftazidime,OK
00409433201,00409-4332-01,1807516,A07AA,A07A,A07,A,vancomycin,OK
00409647644,00409-6476-44,105252,,,,,,NO_ATC
00409416603,00409-4166-03,,,,,,,NDC_NOT_FOUND
00409508611,00409-5086-11,206423,J01DD,J01D,J01,J,ceftazidime,OK
00409651001,00409-6510-01,,,,,,,NDC_NOT_FOUND
00409648201,00409-6482-01,1668267,D10AF,D10A,D10,D,erythromycin,OK
00409508411,00409-5084-11,1114493,,,,,,NO_ATC
00409656220,00409-6562-20,835840,G03BA,G03B,G03,G,testosterone,OK
00409653102,00409-6531-02,1807518,A07AA,A07A,A07,A,vancomycin,OK
00409707426,00409-7074-26,,,,,,,NDC_NOT_FOUND
00409666402,00409-6664-02,,,,,,,ERROR
00409665305,00409-6653-05,1860139,A12BA,A12B,A12,A,potassium chloride,OK
00409707526,00409-7075-26,,,,,,,NDC_NOT_FOUND
00409577901,00409-5779-01,663644,,,,,,NO_ATC
00409707726,00409-7077-26,,,,,,,NDC_NOT_FOUND
00409711509,00409-7115-09,,,,,,,NDC_NOT_FOUND
00409711109,00409-7111-09,,,,,,,NDC_NOT_FOUND
00409477723,00409-4777-23,1665210,J01MA,J01M,J01,J,ciprofloxacin,OK
00409717117,00409-7171-17,,,,,,,NDC_NOT_FOUND
00409420305,00409-4203-05,,,,,,,NDC_NOT_FOUND
00409711609,00409-7116-09,,,,,,,NDC_NOT_FOUND
00409733201,00409-7332-01,1665021,J01DD,J01D,J01,J,ceftriaxone,OK
00409653301,00409-6533-01,1807513,A07AA,A07A,A07,A,vancomycin,OK
00409733410,00409-7334-10,309090,J01DD,J01D,J01,J,ceftriaxone,OK
00409733801,00409-7338-01,1665005,J01DD,J01D,J01,J,ceftriaxone,OK
00409733701,00409-7337-01,309092,J01DD,J01D,J01,J,ceftriaxone,OK
00409737203,00409-7372-03,,,,,,,NDC_NOT_FOUND
00409767009,00409-7670-09,,,,,,,NDC_NOT_FOUND
00409710069,00409-7100-69,1795609,B05CX,B05C,B05,B,glucose,OK
00409781124,00409-7811-24,,,,,,,NDC_NOT_FOUND
00409767003,00409-7670-03,,,,,,,NDC_NOT_FOUND
00409733503,00409-7335-03,1665046,J01DD,J01D,J01,J,ceftriaxone,OK
00409796509,00409-7965-09,,,,,,,NDC_NOT_FOUND
00409790209,00409-7902-09,,,,,,,NDC_NOT_FOUND
00409790409,00409-7904-09,,,,,,,NDC_NOT_FOUND
00409792403,00409-7924-03,,,,,,,NDC_NOT_FOUND
00409799309,00409-7993-09,,,,,,,NDC_NOT_FOUND
00409796809,00409-7968-09,,,,,,,NDC_NOT_FOUND
00409717217,00409-7172-17,,,,,,,NDC_NOT_FOUND
00430014514,00430-0145-14,,,,,,,NDC_NOT_FOUND
00430017015,00430-0170-15,,,,,,,NDC_NOT_FOUND
00409963104,00409-9631-04,664718,,,,,,NO_ATC
00409790609,00409-7906-09,309786,B05CX,B05C,B05,B,glucose,OK
00409925739,00409-9257-39,403890,A12BA,A12B,A12,A,potassium chloride,OK
00409799809,00409-7998-09,1863988,B05CX,B05C,B05,B,glucose,OK
00430017115,00430-0171-15,,,,,,,NDC_NOT_FOUND
00430022014,00430-0220-14,,,,,,,NDC_NOT_FOUND
00430021014,00430-0210-14,,,,,,,NDC_NOT_FOUND
00430047015,00430-0470-15,,,,,,,NDC_NOT_FOUND
00430047115,00430-0471-15,,,,,,,NDC_NOT_FOUND
00430054050,00430-0540-50,1426601,B03AA,B03A,B03,B,ferrous fumarate,OK
00430072024,00430-0720-24,197657,G03CA,G03C,G03,G,estradiol,OK
00430047802,00430-0478-02,905030,,,,,,NO_ATC
00430072124,00430-0721-24,197658,G03CA,G03C,G03,G,estradiol,OK
00430620140,00430-6201-40,,,,,,,NDC_NOT_FOUND
00430097903,00430-0979-03,1020066,,,,,,NO_ATC
00430620240,00430-6202-40,,,,,,,NDC_NOT_FOUND
00430375414,00430-3754-14,205681,,,,,,NO_ATC
00430042014,00430-0420-14,1037185,B03AA,B03A,B03,B,ferrous fumarate,OK
00456004501,00456-0045-01,311312,,,,,,NO_ATC
00456004001,00456-0040-01,,,,,,,NDC_NOT_FOUND
00430047203,00430-0472-03,905026,,,,,,NO_ATC
00430047801,00430-0478-01,905030,,,,,,NO_ATC
00456005501,00456-0055-01,311306,,,,,,NO_ATC
00456060010,00456-0600-10,1040016,J01DI,J01D,J01,J,ceftaroline fosamil,OK
00430072224,00430-0722-24,197659,G03CA,G03C,G03,G,estradiol,OK
00456005001,00456-0050-01,,,,,,,NDC_NOT_FOUND
00456040010,00456-0400-10,1040012,J01DI,J01D,J01,J,ceftaroline fosamil,OK
00456110130,00456-1101-30,1086790,,,,,,NO_ATC
00456112030,00456-1120-30,1086780,N06AX,N06A,N06,N,vilazodone,OK
00456114030,00456-1140-30,1086786,N06AX,N06A,N06,N,vilazodone,OK
00456120230,00456-1202-30,1307421,A06AX,A06A,A06,A,linaclotide,OK
00456111030,00456-1110-30,1086776,N06AX,N06A,N06,N,vilazodone,OK
00456006001,00456-0060-01,311310,,,,,,ERROR
00456120130,00456-1201-30,1307415,A06AX,A06A,A06,A,linaclotide,OK
00456140230,00456-1402-30,751618,C07AB,C07A,C07,C,nebivolol,OK
00456120730,00456-1207-30,1805427,N06DA,N06D,N06,N,donepezil,OK
00456122130,00456-1221-30,1805422,N06DA,N06D,N06,N,donepezil,OK
00456121430,00456-1214-30,1599230,,,,,,NO_ATC
00456140590,00456-1405-90,751623,C07AB,C07A,C07,C,nebivolol,OK
00456140530,00456-1405-30,387013,C07AB,C07A,C07,C,nebivolol,OK
00456120330,00456-1203-30,1869699,A06AX,A06A,A06,A,linaclotide,OK
00456150055,00456-1500-55,833151,N06AX,N06A,N06,N,milnacipran,OK
00456122929,00456-1229-29,1858971,N06DA,N06D,N06,N,donepezil,OK
00456142090,00456-1420-90,827075,C07AB,C07A,C07,C,nebivolol,OK
00456142030,00456-1420-30,827073,C07AB,C07A,C07,C,nebivolol,OK
00456141030,00456-1410-30,751612,C07AB,C07A,C07,C,nebivolol,OK
00456122830,00456-1228-30,1599231,,,,,,NO_ATC
00456151060,00456-1510-60,833139,N06AX,N06A,N06,N,milnacipran,OK
00456152560,00456-1525-60,833149,N06AX,N06A,N06,N,milnacipran,OK
00456201001,00456-2010-01,349332,N06AB,N06A,N06,N,escitalopram,OK
00456151260,00456-1512-60,833143,N06AX,N06A,N06,N,milnacipran,OK
00456155060,00456-1550-60,833146,N06AX,N06A,N06,N,milnacipran,OK
00456200501,00456-2005-01,351249,N06AB,N06A,N06,N,escitalopram,OK
00456220228,00456-2202-28,1433250,N06AX,N06A,N06,N,levomilnacipran,OK
00456141090,00456-1410-90,751616,C07AB,C07A,C07,C,nebivolol,OK
00456202001,00456-2020-01,351250,N06AB,N06A,N06,N,escitalopram,OK
00456228030,00456-2280-30,1433241,N06AX,N06A,N06,N,levomilnacipran,OK
00456222030,00456-2220-30,1433229,N06AX,N06A,N06,N,levomilnacipran,OK
00456240560,00456-2405-60,859983,N05AH,N05A,N05,N,asenapine,OK
00456320560,00456-3205-60,,,,,,,NDC_NOT_FOUND
00456221230,00456-2212-30,1433223,N06AX,N06A,N06,N,levomilnacipran,OK
00456241060,00456-2410-60,859979,N05AH,N05A,N05,N,asenapine,OK
00456224030,00456-2240-30,1433235,N06AX,N06A,N06,N,levomilnacipran,OK
00456270010,00456-2700-10,1603845,J01DD,J01D,J01,J,ceftazidime,OK
00456341433,00456-3414-33,996597,N06DX,N06D,N06,N,memantine,OK
00456340029,00456-3400-29,996633,N06DX,N06D,N06,N,memantine,OK
00456340733,00456-3407-33,996617,N06DX,N06D,N06,N,memantine,OK
00456342133,00456-3421-33,996605,N06DX,N06D,N06,N,memantine,OK
00456402001,00456-4020-01,200371,N06AB,N06A,N06,N,citalopram,OK
00456401001,00456-4010-01,283672,N06AB,N06A,N06,N,citalopram,OK
00456430001,00456-4300-01,,,,,,,NDC_NOT_FOUND
00456240260,00456-2402-60,1606490,N05AH,N05A,N05,N,asenapine,OK
00456404001,00456-4040-01,213345,N06AB,N06A,N06,N,citalopram,OK
00456320014,00456-3200-14,754513,,,,,,NO_ATC
00456321060,00456-3210-60,250507,,,,,,NO_ATC
00456342833,00456-3428-33,996611,N06DX,N06D,N06,N,memantine,OK
00469060773,00469-0607-73,261134,D11AH,D11A,D11,D,tacrolimus,OK
00469012599,00469-0125-99,1307309,L02BB,L02B,L02,L,enzalutamide,OK
00469062599,00469-0625-99,2390646,L02BB,L02B,L02,L,enzalutamide,OK
00469061773,00469-0617-73,108513,D11AH,D11A,D11,D,tacrolimus,OK
00469065773,00469-0657-73,108514,D11AH,D11A,D11,D,tacrolimus,OK
00469064773,00469-0647-73,1431977,D11AH,D11A,D11,D,tacrolimus,OK
00469052002,00469-0520-02,1608333,,,,,,NO_ATC
00469072560,00469-0725-60,2390650,L02BB,L02B,L02,L,enzalutamide,OK
00469068773,00469-0687-73,1431987,D11AH,D11A,D11,D,tacrolimus,OK
00469052014,00469-0520-14,1608333,,,,,,NO_ATC
00469266030,00469-2660-30,2637147,G02CX,G02C,G02,G,fezolinetant,OK
00469286035,00469-2860-35,2623472,,,,,,NO_ATC
00469260230,00469-2602-30,1300803,G04BD,G04B,G04,G,mirabegron,OK
00469123050,00469-1230-50,2052609,D11AH,D11A,D11,D,tacrolimus,OK
00469142590,00469-1425-90,2105817,L01EX,L01E,L01,L,gilteritinib,OK
00469321110,00469-3211-10,667891,,,,,,NO_ATC
00469067773,00469-0677-73,1431982,D11AH,D11A,D11,D,tacrolimus,OK
00469133050,00469-1330-50,2052704,D11AH,D11A,D11,D,tacrolimus,OK
00469502099,00469-5020-99,2536152,,,,,,NO_ATC
00469325050,00469-3250-50,861381,J02AX,J02A,J02,J,micafungin,OK
00469325010,00469-3250-10,577060,,,,,,NO_ATC
00472001304,00472-0013-04,239238,D01AA,D01A,D01,D,griseofulvin,OK
00469260130,00469-2601-30,1300797,G04BD,G04B,G04,G,mirabegron,OK
00472031038,00472-0310-38,,,,,,,NDC_NOT_FOUND
00472016630,00472-0166-30,312051,,,,,,NO_ATC
00472024260,00472-0242-60,106387,P03AC,P03A,P03,P,permethrin,OK
00469305130,00469-3051-30,106879,,,,,,NO_ATC
00472037045,00472-0370-45,197407,A07EA,A07E,A07,A,betamethasone,OK
00472080302,00472-0803-02,197572,D07AB,D07A,D07,D,desonide,OK
00469321199,00469-3211-99,861385,J02AX,J02A,J02,J,micafungin,OK
00472037945,00472-0379-45,308714,A07EA,A07E,A07,A,betamethasone,OK
00472038145,00472-0381-45,197405,A07EA,A07E,A07,A,betamethasone,OK
00472040492,00472-0404-92,861505,D07AD,D07A,D07,D,clobetasol,OK
00472080415,00472-0804-15,349351,D07AB,D07A,D07,D,desonide,OK
00472179030,00472-1790-30,882548,D10AD,D10A,D10,D,tretinoin,OK
00472173803,00472-1738-03,197983,,,,,,NO_ATC
00472179060,00472-1790-60,882548,D10AD,D10A,D10,D,tretinoin,OK
00472082516,00472-0825-16,197317,,,,,,NO_ATC
00472011745,00472-0117-45,106302,D10AD,D10A,D10,D,tretinoin,OK
00472008216,00472-0082-16,307730,D06BB,D06B,D06,D,acyclovir,OK
00480012649,00480-0126-49,1811180,,,,,,NO_ATC
00472199208,00472-1992-08,311989,J01XE,J01X,J01,J,nitrofurantoin,OK
00480095101,00480-0951-01,1116320,G02CC,G02C,G02,G,naproxen,OK
00472037145,00472-0371-45,197409,A07EA,A07E,A07,A,betamethasone,OK
00480124421,00480-1244-21,643712,L04AX,L04A,L04,L,lenalidomide,OK
00480124621,00480-1246-21,643720,L04AX,L04A,L04,L,lenalidomide,OK
00480124328,00480-1243-28,602910,L04AX,L04A,L04,L,lenalidomide,OK
00480134208,00480-1342-08,402011,N05AX,N05A,N05,N,risperidone,OK
00480124228,00480-1242-28,602912,L04AX,L04A,L04,L,lenalidomide,OK
00480155408,00480-1554-08,706822,N05AX,N05A,N05,N,risperidone,OK
00480145308,00480-1453-08,402012,N05AX,N05A,N05,N,risperidone,OK
00480268806,00480-2688-06,1666332,B01AC,B01A,B01,B,ticagrelor,OK
00480095356,00480-0953-56,1116349,G02CC,G02C,G02,G,naproxen,OK
00480327456,00480-3274-56,2675193,B02BX,B02B,B02,B,eltrombopag,OK
00480095258,00480-0952-58,1116339,G02CC,G02C,G02,G,naproxen,OK
00480123208,00480-1232-08,402010,N05AX,N05A,N05,N,risperidone,OK
00480347906,00480-3479-06,794639,A06AX,A06A,A06,A,lubiprostone,OK
00480361087,00480-3610-87,1868014,L04AX,L04A,L04,L,pirfenidone,OK
00480327656,00480-3276-56,2675201,B02BX,B02B,B02,B,eltrombopag,OK
00480327556,00480-3275-56,2675197,B02BX,B02B,B02,B,eltrombopag,OK
00480347516,00480-3475-16,748977,G03AC,G03A,G03,G,norethindrone,OK
00480327356,00480-3273-56,2675205,B02BX,B02B,B02,B,eltrombopag,OK
00480366722,00480-3667-22,897122,A10BJ,A10B,A10,A,liraglutide,OK
00480368601,00480-3686-01,1927610,N06BA,N06B,N06,N,dextroamphetamine,OK
00480449056,00480-4490-56,1490473,N05CH,N05C,N05,N,tasimelteon,OK
00480368401,00480-3684-01,1927617,N06BA,N06B,N06,N,dextroamphetamine,OK
00480368501,00480-3685-01,1927637,N06BA,N06B,N06,N,dextroamphetamine,OK
00480927706,00480-9277-06,2110455,G04BE,G04B,G04,G,tadalafil,OK
00480368301,00480-3683-01,1927630,N06BA,N06B,N06,N,dextroamphetamine,OK
00487950125,00487-9501-25,630208,R03AC,R03A,R03,R,albuterol,OK
00487990130,00487-9901-30,197315,,,,,,NO_ATC
00480413806,00480-4138-06,616578,A06AX,A06A,A06,A,lubiprostone,OK
00480943589,00480-9435-89,858342,D11AX,D11A,D11,D,diclofenac,OK
00480361198,00480-3611-98,1868018,L04AX,L04A,L04,L,pirfenidone,OK
00487030101,00487-0301-01,351137,R03AC,R03A,R03,R,albuterol,OK
00517044001,00517-0440-01,310191,G03CA,G03C,G03,G,estradiol,OK
00527058601,00527-0586-01,197598,,,,,,NO_ATC
00517750425,00517-7504-25,307718,R05CB,R05C,R05,R,acetylcysteine,OK
00517095501,00517-0955-01,485968,N05AH,N05A,N05,N,olanzapine,OK
00487990401,00487-9904-01,351136,R03AC,R03A,R03,R,albuterol,OK
00517042001,00517-0420-01,310190,G03CA,G03C,G03,G,estradiol,OK
00527132401,00527-1324-01,,,,,,,NDC_NOT_FOUND
00527131530,00527-1315-30,198202,J04AB,J04A,J04,J,rifampin,OK
00527131801,00527-1318-01,313225,,,,,,NO_ATC
00527132501,00527-1325-01,,,,,,,NDC_NOT_FOUND
00527131201,00527-1312-01,309471,,,,,,NO_ATC
00527131301,00527-1313-01,1000913,N07AX,N07A,N07,N,pilocarpine,OK
00527105001,00527-1050-01,197304,S01EC,S01E,S01,S,acetazolamide,OK
00527131101,00527-1311-01,198244,,,,,,NO_ATC
00527138104,00527-1381-04,309329,D10AF,D10A,D10,D,clindamycin,OK
00487980125,00487-9801-25,314046,,,,,,NO_ATC
00527136701,00527-1367-01,198152,M04AB,M04A,M04,M,probenecid,OK
00527136801,00527-1368-01,197554,G03XA,G03X,G03,G,danazol,OK
00527133701,00527-1337-01,197392,M03BX,M03B,M03,M,baclofen,OK
00527139401,00527-1394-01,311386,N05AH,N05A,N05,N,loxapine,OK
00527132410,00527-1324-10,,,,,,,NDC_NOT_FOUND
00527132601,00527-1326-01,618522,,,,,,NO_ATC
00527140701,00527-1407-01,1001004,N07AX,N07A,N07,N,pilocarpine,OK
00527145006,00527-1450-06,197635,A04AD,A04A,A04,A,dronabinol,OK
00527139601,00527-1396-01,311385,N05AH,N05A,N05,N,loxapine,OK
00527139501,00527-1395-01,314078,N05AH,N05A,N05,N,loxapine,OK
00527143501,00527-1435-01,351254,,,,,,NO_ATC
00527145206,00527-1452-06,197634,A04AD,A04A,A04,A,dronabinol,OK
00527169505,00527-1695-05,238154,N02BE,N02B,N02,N,acetaminophen,OK
00527155201,00527-1552-01,238134,A01AD,A01A,A01,A,aspirin,OK
00527163210,00527-1632-10,198316,C03DB,C03D,C03,C,triamterene,OK
00527139701,00527-1397-01,314075,N05AH,N05A,N05,N,loxapine,OK
00527169901,00527-1699-01,997296,R05DA,R05D,R05,R,codeine,OK
00527172791,00527-1727-91,997170,R05DA,R05D,R05,R,codeine,OK
00527176836,00527-1768-36,309844,N05BA,N05B,N05,N,diazepam,OK
00527179001,00527-1790-01,860918,N05AB,N05A,N05,N,fluphenazine,OK
00527178801,00527-1788-01,865117,N05AB,N05A,N05,N,fluphenazine,OK
00527177401,00527-1774-01,1049696,N02AA,N02A,N02,N,oxycodone,OK
00527169801,00527-1698-01,997287,R05DA,R05D,R05,R,codeine,OK
00527193006,00527-1930-06,359385,J01FA,J01F,J01,J,clarithromycin,OK
00527181843,00527-1818-43,313159,N02CC,N02C,N02,N,sumatriptan,OK
00527145106,00527-1451-06,197636,A04AD,A04A,A04,A,dronabinol,OK
00527179101,00527-1791-01,859841,N05AB,N05A,N05,N,fluphenazine,OK
00527178901,00527-1789-01,865123,N05AB,N05A,N05,N,fluphenazine,OK
00527193106,00527-1931-06,197516,J01FA,J01F,J01,J,clarithromycin,OK
00527185943,00527-1859-43,314227,N02CC,N02C,N02,N,sumatriptan,OK
00527193206,00527-1932-06,197517,J01FA,J01F,J01,J,clarithromycin,OK
00527179105,00527-1791-05,859841,N05AB,N05A,N05,N,fluphenazine,OK
00527213335,00527-2133-35,1482908,J02AC,J02A,J02,J,posaconazole,OK
00527194748,00527-1947-48,311369,J05AR,J05A,J05,J,lopinavir / ritonavir,OK
00527194866,00527-1948-66,477391,J01MA,J01M,J01,J,levofloxacin,OK
00527323737,00527-3237-37,2058845,,,,,,NO_ATC
00527296137,00527-2961-37,991039,N05AA,N05A,N05,N,chlorpromazine,OK
00527296237,00527-2962-37,991194,N05AA,N05A,N05,N,chlorpromazine,OK
00527260532,00527-2605-32,808748,N06AX,N06A,N06,N,venlafaxine,OK
00527458037,00527-4580-37,1806187,N06BA,N06B,N06,N,methylphenidate,OK
00527194313,00527-1943-13,996740,N06DX,N06D,N06,N,memantine,OK
00527458437,00527-4584-37,1806197,N06BA,N06B,N06,N,methylphenidate,OK
00527458237,00527-4582-37,1806191,N06BA,N06B,N06,N,methylphenidate,OK
00527458337,00527-4583-37,1806193,N06BA,N06B,N06,N,methylphenidate,OK
00527457937,00527-4579-37,1806181,N06BA,N06B,N06,N,methylphenidate,OK
00527466237,00527-4662-37,854830,N06BA,N06B,N06,N,lisdexamfetamine,OK
00527466437,00527-4664-37,854838,N06BA,N06B,N06,N,lisdexamfetamine,OK
00527323637,00527-3236-37,197873,,,,,,NO_ATC
00527466337,00527-4663-37,854834,N06BA,N06B,N06,N,lisdexamfetamine,OK
00527258032,00527-2580-32,360507,C10AA,C10A,C10,C,fluvastatin,OK
00527466537,00527-4665-37,854850,N06BA,N06B,N06,N,lisdexamfetamine,OK
00527466637,00527-4666-37,854846,N06BA,N06B,N06,N,lisdexamfetamine,OK
00527495132,00527-4951-32,966412,H03AA,H03A,H03,H,levothyroxine sodium,OK
00527495732,00527-4957-32,905451,H03AA,H03A,H03,H,levothyroxine sodium,OK
00527495432,00527-4954-32,905458,H03AA,H03A,H03,H,levothyroxine sodium,OK
00527495632,00527-4956-32,966404,H03AA,H03A,H03,H,levothyroxine sodium,OK
00527496032,00527-4960-32,966413,H03AA,H03A,H03,H,levothyroxine sodium,OK
00527495232,00527-4952-32,966406,H03AA,H03A,H03,H,levothyroxine sodium,OK
00527458137,00527-4581-37,1806189,N06BA,N06B,N06,N,methylphenidate,OK
00527495932,00527-4959-32,905455,H03AA,H03A,H03,H,levothyroxine sodium,OK
00527466737,00527-4667-37,854842,N06BA,N06B,N06,N,lisdexamfetamine,OK
00527496132,00527-4961-32,1923047,H03AA,H03A,H03,H,levothyroxine sodium,OK
00527810837,00527-8108-37,899461,N06BA,N06B,N06,N,dexmethylphenidate,OK
00527495332,00527-4953-32,966407,H03AA,H03A,H03,H,levothyroxine sodium,OK
00527811037,00527-8110-37,1101926,N06BA,N06B,N06,N,dexmethylphenidate,OK
00527810637,00527-8106-37,899511,N06BA,N06B,N06,N,dexmethylphenidate,OK
00527811337,00527-8113-37,1006608,N06BA,N06B,N06,N,dexmethylphenidate,OK
00527496232,00527-4962-32,1923050,H03AA,H03A,H03,H,levothyroxine sodium,OK
00527495832,00527-4958-32,966405,H03AA,H03A,H03,H,levothyroxine sodium,OK
00548540000,00548-5400-00,1000126,G03AC,G03A,G03,G,medroxyprogesterone,OK
00527495532,00527-4955-32,905462,H03AA,H03A,H03,H,levothyroxine sodium,OK
00548560300,00548-5603-00,854238,B01AB,B01A,B01,B,enoxaparin,OK
00548560400,00548-5604-00,854241,B01AB,B01A,B01,B,enoxaparin,OK
00548560100,00548-5601-00,854228,B01AB,B01A,B01,B,enoxaparin,OK
00548560700,00548-5607-00,854245,B01AB,B01A,B01,B,enoxaparin,OK
00555003302,00555-0033-02,197467,,,,,,NO_ATC
00548585000,00548-5850-00,310497,H04AA,H04A,H04,H,glucagon,OK
00548560600,00548-5606-00,854245,B01AB,B01A,B01,B,enoxaparin,OK
00548835101,00548-8351-01,2180671,H04AA,H04A,H04,H,glucagon,OK
00548560500,00548-5605-00,854248,B01AB,B01A,B01,B,enoxaparin,OK
00527811137,00527-8111-37,899495,N06BA,N06B,N06,N,dexmethylphenidate,OK
00555009896,00555-0098-96,349197,N03AE,N03A,N03,N,clonazepam,OK
00555021110,00555-0211-10,1000405,G03AC,G03A,G03,G,norethindrone,OK
00555015802,00555-0158-02,197469,,,,,,NO_ATC
00555015902,00555-0159-02,197468,,,,,,NO_ATC
00555007102,00555-0071-02,197832,J04AC,J04A,J04,J,isoniazid,OK
00555038102,00555-0381-02,,,,,,,NDC_NOT_FOUND
00555017178,00555-0171-78,311483,,,,,,ERROR
00555009796,00555-0097-96,349196,N03AE,N03A,N03,N,clonazepam,OK
00548570100,00548-5701-00,1000153,G03AC,G03A,G03,G,medroxyprogesterone,OK
00555039202,00555-0392-02,,,,,,,NDC_NOT_FOUND
00555006602,00555-0066-02,311166,J04AC,J04A,J04,J,isoniazid,OK
00555032402,00555-0324-02,197802,,,,,,NO_ATC
00555063302,00555-0633-02,197556,G03XA,G03X,G03,G,danazol,OK
00555063402,00555-0634-02,197554,G03XA,G03X,G03,G,danazol,OK
00555048302,00555-0483-02,308098,,,,,,NO_ATC
00555077502,00555-0775-02,1009145,N06BA,N06B,N06,N,dextroamphetamine,OK
00555073302,00555-0733-02,260419,,,,,,NO_ATC
00555048401,00555-0484-01,197863,,,,,,NO_ATC
00555048527,00555-0485-27,197862,,,,,,NO_ATC
00555077902,00555-0779-02,1000114,G03AC,G03A,G03,G,medroxyprogesterone,OK
00555077602,00555-0776-02,687043,N06BA,N06B,N06,N,dextroamphetamine,OK
00555063502,00555-0635-02,197555,G03XA,G03X,G03,G,danazol,OK
00555088702,00555-0887-02,197659,G03CA,G03C,G03,G,estradiol,OK
00555088602,00555-0886-02,197658,G03CA,G03C,G03,G,estradiol,OK
00555077702,00555-0777-02,577957,N06BA,N06B,N06,N,dextroamphetamine,OK
00555097102,00555-0971-02,541878,N06BA,N06B,N06,N,dextroamphetamine,OK
00555080802,00555-0808-02,199159,D10AD,D10A,D10,D,tretinoin,OK
00555089902,00555-0899-02,197657,G03CA,G03C,G03,G,estradiol,OK
00555097202,00555-0972-02,541892,N06BA,N06B,N06,N,dextroamphetamine,OK
00555087202,00555-0872-02,1000135,G03AC,G03A,G03,G,medroxyprogesterone,OK
00555087302,00555-0873-02,1000141,G03AC,G03A,G03,G,medroxyprogesterone,OK
00555097402,00555-0974-02,541363,N06BA,N06B,N06,N,dextroamphetamine,OK
00555097302,00555-0973-02,577961,N06BA,N06B,N06,N,dextroamphetamine,OK
00555105686,00555-1056-86,403930,D10AD,D10A,D10,D,isotretinoin,OK
00555105486,00555-1054-86,197843,D10AD,D10A,D10,D,isotretinoin,OK
00555900867,00555-9008-67,310463,G03AA,G03A,G03,G,ethinyl estradiol / norethindrone,OK
00555105586,00555-1055-86,197844,D10AD,D10A,D10,D,isotretinoin,OK
00555099702,00555-0997-02,313979,H02AA,H02A,H02,H,fludrocortisone,OK
00555900942,00555-9009-42,312033,G03AA,G03A,G03,G,ethinyl estradiol / norethindrone,OK
00555105786,00555-1057-86,197845,D10AD,D10A,D10,D,isotretinoin,OK
00555901258,00555-9012-58,749852,G03AA,G03A,G03,G,ethinyl estradiol / norethindrone,OK
00555901467,00555-9014-67,242297,G03AA,G03A,G03,G,ethinyl estradiol / levonorgestrel,OK
00555901858,00555-9018-58,749784,G03AA,G03A,G03,G,ethinyl estradiol / norgestimate,OK
00555902058,00555-9020-58,748878,G03AA,G03A,G03,G,ethinyl estradiol / levonorgestrel,OK
00555902658,00555-9026-58,1358765,B03AA,B03A,B03,B,ferrous fumarate,OK
00555902542,00555-9025-42,1358780,G03AA,G03A,G03,G,ethinyl estradiol / norethindrone,OK
00555902742,00555-9027-42,1359030,G03AA,G03A,G03,G,ethinyl estradiol / norethindrone,OK
00555902858,00555-9028-58,1359025,B03AA,B03A,B03,B,ferrous fumarate,OK
00555903458,00555-9034-58,1095362,G03AA,G03A,G03,G,ethinyl estradiol / norethindrone,OK
00555901658,00555-9016-58,749860,G03AA,G03A,G03,G,ethinyl estradiol / norgestimate,OK
00555904558,00555-9045-58,748868,G03AA,G03A,G03,G,ethinyl estradiol / levonorgestrel,OK
00555904358,00555-9043-58,749848,G03AC,G03A,G03,G,desogestrel,OK
00555905058,00555-9050-58,759743,G03AC,G03A,G03,G,desogestrel,OK
00555904758,00555-9047-58,748832,G03AA,G03A,G03,G,ethinyl estradiol / levonorgestrel,OK
00555905167,00555-9051-67,759742,G03AC,G03A,G03,G,desogestrel,OK
00555901058,00555-9010-58,749858,G03AA,G03A,G03,G,ethinyl estradiol / norethindrone,OK
00555906458,00555-9064-58,310228,G03DC,G03D,G03,G,ethynodiol,OK
00555906667,00555-9066-67,749147,,,,,,NO_ATC
00555904958,00555-9049-58,749786,G03CA,G03C,G03,G,ethinyl estradiol,OK
00574010603,00574-0106-03,197411,G02CB,G02C,G02,G,bromocriptine,OK
00555903270,00555-9032-70,1359135,B03AA,B03A,B03,B,ferrous fumarate,OK
00574011501,00574-0115-01,1095229,G04BD,G04B,G04,G,flavoxate,OK
00574011302,00574-0113-02,197433,V03AE,V03A,V03,V,calcium acetate,OK
00555913167,00555-9131-67,748800,G03AC,G03A,G03,G,drospirenone,OK
00574011830,00574-0118-30,857564,G04BD,G04B,G04,G,trospium,OK
00574014560,00574-0145-60,857560,G04BD,G04B,G04,G,trospium,OK
00574010770,00574-0107-70,309371,A01AB,A01A,A01,A,clotrimazole,OK
00574018105,00574-0181-05,312504,A12BA,A12B,A12,A,potassium chloride,OK
00574022701,00574-0227-01,898362,C09AA,C09A,C09,C,benazepril,OK
00574018001,00574-0180-01,,,,,,,NDC_NOT_FOUND
00574024201,00574-0242-01,200258,A10BX,A10B,A10,A,repaglinide,OK
00574022801,00574-0228-01,898372,C09AA,C09A,C09,C,benazepril,OK
00574024001,00574-0240-01,200257,A10BX,A10B,A10,A,repaglinide,OK
00574029201,00574-0292-01,197331,,,,,,NO_ATC
00574061105,00574-0611-05,582926,D06BB,D06B,D06,D,podofilox,OK
00574062105,00574-0621-05,312466,D06BB,D06B,D06,D,podofilox,OK
00574079001,00574-0790-01,197939,S01EC,S01E,S01,S,methazolamide,OK
00574079101,00574-0791-01,197940,S01EC,S01E,S01,S,methazolamide,OK
00574027401,00574-0274-01,312529,A12BA,A12B,A12,A,potassium chloride,OK
00574087005,00574-0870-05,,,,,,,NDC_NOT_FOUND
00574200216,00574-2002-16,,,,,,,NDC_NOT_FOUND
00574087205,00574-0872-05,,,,,,,NDC_NOT_FOUND
00574200316,00574-2003-16,,,,,,,NDC_NOT_FOUND
00574202007,00574-2020-07,,,,,,,NDC_NOT_FOUND
00574027501,00574-0275-01,628953,A12BA,A12B,A12,A,potassium chloride,OK
00574113304,00574-1133-04,104232,C03DA,C03D,C03,C,spironolactone,OK
00574022901,00574-0229-01,898367,C09AA,C09A,C09,C,benazepril,OK
00574200815,00574-2008-15,261178,A07AA,A07A,A07,A,nystatin,OK
00574082001,00574-0820-01,2047882,G03BA,G03B,G03,G,testosterone,OK
00574206302,00574-2063-02,,,,,,,NDC_NOT_FOUND
00574200802,00574-2008-02,261178,A07AA,A07A,A07,A,nystatin,OK
00574220545,00574-2205-45,106303,D10AD,D10A,D10,D,tretinoin,OK
00574206130,00574-2061-30,313941,D01AE,D01A,D01,D,ciclopirox,OK
00574220145,00574-2201-45,198300,D10AD,D10A,D10,D,tretinoin,OK
00574232515,00574-2325-15,313451,D10AD,D10A,D10,D,tretinoin,OK
00574402135,00574-4021-35,213621,D06AX,D06A,D06,D,bacitracin,OK
00574232545,00574-2325-45,313451,D10AD,D10A,D10,D,tretinoin,OK
00574206727,00574-2067-27,728122,G03CA,G03C,G03,G,estradiol,OK
00574402235,00574-4022-35,308508,D06AX,D06A,D06,D,bacitracin,OK
00574222545,00574-2225-45,106302,D10AD,D10A,D10,D,tretinoin,OK
00574402435,00574-4024-35,310149,D10AF,D10A,D10,D,erythromycin,OK
00574416035,00574-4160-35,309679,A01AC,A01A,A01,A,dexamethasone,OK
00574985010,00574-9850-10,,,,,,,ERROR
00574419035,00574-4190-35,1000673,D10AF,D10A,D10,D,sulfacetamide,OK
00574414435,00574-4144-35,1116154,D06AX,D06A,D06,D,bacitracin,OK
00574425035,00574-4250-35,1117090,D06AX,D06A,D06,D,bacitracin,OK
00575620030,00575-6200-30,197593,C02DA,C02D,C02,C,diazoxide,OK
00574230145,00574-2301-45,313450,D10AD,D10A,D10,D,tretinoin,OK
00591024201,00591-0242-01,197902,N05BA,N05B,N05,N,lorazepam,OK
00591024005,00591-0240-05,197900,N05BA,N05B,N05,N,lorazepam,OK
00574204230,00574-2042-30,197877,C01BB,C01B,C01,C,lidocaine,OK
00574722612,00574-7226-12,198159,N05AB,N05A,N05,N,prochlorperazine,OK
00591037101,00591-0371-01,311385,N05AH,N05A,N05,N,loxapine,OK
00591037201,00591-0372-01,314075,N05AH,N05A,N05,N,loxapine,OK
00591036901,00591-0369-01,311386,N05AH,N05A,N05,N,loxapine,OK
00591041401,00591-0414-01,,,,,,,NDC_NOT_FOUND
00591039760,00591-0397-60,855682,,,,,,NO_ATC
00591039501,00591-0395-01,312289,N02AD,N02A,N02,N,naloxone / pentazocine,OK
00591058301,00591-0583-01,284257,,,,,,NO_ATC
00591042405,00591-0424-05,310812,C03DB,C03D,C03,C,triamterene,OK
00591039860,00591-0398-60,1359105,D11AX,D11A,D11,D,diclofenac,OK
00591074501,00591-0745-01,197654,N05CD,N05C,N05,N,estazolam,OK
00591040401,00591-0404-01,198347,,,,,,NO_ATC
00591074401,00591-0744-01,197653,N05CD,N05C,N05,N,estazolam,OK
00591058201,00591-0582-01,284256,,,,,,NO_ATC
00591079501,00591-0795-01,197599,,,,,,NO_ATC
00591079601,00591-0796-01,,,,,,,NDC_NOT_FOUND
00591212779,00591-2127-79,308805,S01EC,S01E,S01,S,brinzolamide,OK
00591024110,00591-0241-10,197901,N05BA,N05B,N05,N,lorazepam,OK
00591084401,00591-0844-01,314006,A10BB,A10B,A10,A,glipizide,OK
00591215990,00591-2159-90,250344,D01AE,D01A,D01,D,ciclopirox,OK
00591217101,00591-2171-01,,,,,,,NDC_NOT_FOUND
00591084501,00591-0845-01,315107,A10BB,A10B,A10,A,glipizide,OK
00591236360,00591-2363-60,1596781,G03BA,G03B,G03,G,testosterone,OK
00591240630,00591-2406-30,722116,C02KX,C02K,C02,C,ambrisentan,OK
00591246401,00591-2464-01,,,,,,,NDC_NOT_FOUND
00591246501,00591-2465-01,,,,,,,NDC_NOT_FOUND
00591090030,00591-0900-30,310489,A10BB,A10B,A10,A,glipizide,OK
00591245115,00591-2451-15,1547561,D10AD,D10A,D10,D,isotretinoin,OK
00591247401,00591-2474-01,198250,A01AB,A01A,A01,A,tetracycline,OK
00591079401,00591-0794-01,197598,,,,,,NO_ATC
00591247501,00591-2475-01,198252,A01AB,A01A,A01,A,tetracycline,OK
00591251030,00591-2510-30,1366550,A07EA,A07E,A07,A,budesonide,OK
00591240530,00591-2405-30,722122,C02KX,C02K,C02,C,ambrisentan,OK
00591250115,00591-2501-15,1547565,D10AD,D10A,D10,D,isotretinoin,OK
00591264001,00591-2640-01,889520,N02BE,N02B,N02,N,acetaminophen,OK
00591264101,00591-2641-01,1431286,N02BE,N02B,N02,N,acetaminophen,OK
00591257920,00591-2579-20,863559,J05AB,J05A,J05,J,valganciclovir,OK
00591269301,00591-2693-01,1049584,N02AA,N02A,N02,N,oxycodone,OK
00591252001,00591-2520-01,197502,M03BB,M03B,M03,M,chlorzoxazone,OK
00591271202,00591-2712-02,199672,P02CA,P02C,P02,P,albendazole,OK
00591288001,00591-2880-01,313587,,,,,,NO_ATC
00591213201,00591-2132-01,1375948,R06AA,R06A,R06,R,doxylamine,OK
00591283201,00591-2832-01,308725,L01XF,L01X,L01,L,bexarotene,OK
00591288601,00591-2886-01,313593,,,,,,NO_ATC
00591298539,00591-2985-39,,,,,,,NDC_NOT_FOUND
00591288401,00591-2884-01,314273,,,,,,NO_ATC
00591288201,00591-2882-01,313588,,,,,,NO_ATC
00591292102,00591-2921-02,1596780,G03BA,G03B,G03,G,testosterone,OK
00591280560,00591-2805-60,359385,J01FA,J01F,J01,J,clarithromycin,OK
00591315901,00591-3159-01,618522,,,,,,NO_ATC
00591313830,00591-3138-30,198041,A02BA,A02B,A02,A,nizatidine,OK
00591270801,00591-2708-01,1049599,N02AA,N02A,N02,N,oxycodone,OK
00591313760,00591-3137-60,312025,A02BA,A02B,A02,A,nizatidine,OK
00591292754,00591-2927-54,745791,,,,,,NO_ATC
00591321630,00591-3216-30,1597123,G03BA,G03B,G03,G,testosterone,OK
00591321617,00591-3216-17,1597123,G03BA,G03B,G03,G,testosterone,OK
00591321730,00591-3217-30,1597129,G03BA,G03B,G03,G,testosterone,OK
00591319301,00591-3193-01,,,,,,,NDC_NOT_FOUND
00591321901,00591-3219-01,,,,,,,NDC_NOT_FOUND
00591300501,00591-3005-01,858733,A05AA,A05A,A05,A,ursodiol,OK
00591329415,00591-3294-15,,,,,,,NDC_NOT_FOUND
00591322126,00591-3221-26,314265,,,,,,NO_ATC
00591351004,00591-3510-04,998679,C02AC,C02A,C02,C,clonidine,OK
00591320413,00591-3204-13,582926,D06BB,D06B,D06,D,podofilox,OK
00591350804,00591-3508-04,998671,C02AC,C02A,C02,C,clonidine,OK
00591355101,00591-3551-01,,,,,,,NDC_NOT_FOUND
00591350904,00591-3509-04,998675,C02AC,C02A,C02,C,clonidine,OK
00591321726,00591-3217-26,1597129,G03BA,G03B,G03,G,testosterone,OK
00591352511,00591-3525-11,1009464,,,,,,NO_ATC
00591354360,00591-3543-60,1801289,N06AX,N06A,N06,N,bupropion,OK
00591363630,00591-3636-30,857564,G04BD,G04B,G04,G,trospium,OK
00591367001,00591-3670-01,311892,M01AX,M01A,M01,M,nabumetone,OK
00591352530,00591-3525-30,1009464,,,,,,NO_ATC
00591333001,00591-3330-01,688637,,,,,,NO_ATC
00591354601,00591-3546-01,,,,,,,NDC_NOT_FOUND
00591368601,00591-3686-01,1648759,J01XE,J01X,J01,J,nitrofurantoin,OK
00591385101,00591-3851-01,199521,N03AG,N03A,N03,N,vigabatrin,OK
00591372030,00591-3720-30,883826,B02AA,B02A,B02,B,tranexamic acid,OK
00591379883,00591-3798-83,836358,R01AX,R01A,R01,R,ipratropium bromide,OK
00591406030,00591-4060-30,1607617,N06AX,N06A,N06,N,desvenlafaxine,OK
00591367101,00591-3671-01,311893,M01AX,M01A,M01,M,nabumetone,OK
00591410201,00591-4102-01,198077,N05AB,N05A,N05,N,perphenazine,OK
00591410101,00591-4101-01,198076,N05AB,N05A,N05,N,perphenazine,OK
00591365801,00591-3658-01,1648755,J01XE,J01X,J01,J,nitrofurantoin,OK
00591410301,00591-4103-01,198078,N05AB,N05A,N05,N,perphenazine,OK
00591412879,00591-4128-79,,,,,,,NDC_NOT_FOUND
00591405289,00591-4052-89,1598068,D11AX,D11A,D11,D,ivermectin,OK
00591390087,00591-3900-87,996572,N06DX,N06D,N06,N,memantine,OK
00591410401,00591-4104-01,198075,N05AB,N05A,N05,N,perphenazine,OK
00591368401,00591-3684-01,311994,J01XE,J01X,J01,J,nitrofurantoin,OK
00591439096,00591-4390-96,1245262,G03XB,G03X,G03,G,mifepristone,OK
00591457560,00591-4575-60,1423080,A01AB,A01A,A01,A,doxycycline,OK
00591491001,00591-4910-01,313472,A16AX,A16A,A16,A,trientine,OK
00591455022,00591-4550-22,1653433,A01AB,A01A,A01,A,doxycycline,OK
00591532101,00591-5321-01,96304,N03AA,N03A,N03,N,primidone,OK
00591533701,00591-5337-01,198329,,,,,,NO_ATC
00591533501,00591-5335-01,198328,,,,,,NO_ATC
00591555350,00591-5553-50,1650143,A01AB,A01A,A01,A,doxycycline,OK
00591551305,00591-5513-05,197446,M03BA,M03B,M03,M,carisoprodol,OK
00591532501,00591-5325-01,198153,M04AC,M04A,M04,M,colchicine / probenecid,OK
00591534701,00591-5347-01,198152,M04AB,M04A,M04,M,probenecid,OK
00591564301,00591-5643-01,197986,C02DC,C02D,C02,C,minoxidil,OK
00591570801,00591-5708-01,,,,,,,NDC_NOT_FOUND
00591564201,00591-5642-01,197987,C02DC,C02D,C02,C,minoxidil,OK
00591571401,00591-5714-01,197366,N06AA,N06A,N06,N,amoxapine,OK
00591559001,00591-5590-01,198293,A10BB,A10B,A10,A,tolazamide,OK
00591578201,00591-5782-01,197383,C07AB,C07A,C07,C,atenolol,OK
00591544305,00591-5443-05,312615,A07EA,A07E,A07,A,prednisone,OK
00591571630,00591-5716-30,197364,N06AA,N06A,N06,N,amoxapine,OK
00591588401,00591-5884-01,,,,,,,NDC_NOT_FOUND
00591571501,00591-5715-01,197363,N06AA,N06A,N06,N,amoxapine,OK
00597000160,00597-0001-60,,,,,,,NDC_NOT_FOUND
00591566001,00591-5660-01,198239,M01AB,M01A,M01,M,sulindac,OK
00597000201,00597-0002-01,,,,,,,NDC_NOT_FOUND
00597000701,00597-0007-01,,,,,,,NDC_NOT_FOUND
00597002901,00597-0029-01,,,,,,,NDC_NOT_FOUND
00597000601,00597-0006-01,,,,,,,NDC_NOT_FOUND
00597003001,00597-0030-01,,,,,,,NDC_NOT_FOUND
00597002402,00597-0024-02,1190225,R01AX,R01A,R01,R,ipratropium bromide,OK
00597000302,00597-0003-02,577212,J05AE,J05A,J05,J,tipranavir,OK
00591571301,00591-5713-01,197365,N06AA,N06A,N06,N,amoxapine,OK
00597003334,00597-0033-34,262070,,,,,,NO_ATC
00597003234,00597-0032-34,237193,,,,,,NO_ATC
00597001101,00597-0011-01,,,,,,,NDC_NOT_FOUND
00597003134,00597-0031-34,261183,,,,,,NO_ATC
00597004037,00597-0040-37,205304,C09CA,C09C,C09,C,telmisartan,OK
00597004660,00597-0046-60,,,,,,,NDC_NOT_FOUND
00597004237,00597-0042-37,477130,C03AA,C03A,C03,C,hydrochlorothiazide,OK
00597004137,00597-0041-37,205305,C09CA,C09C,C09,C,telmisartan,OK
00591578301,00591-5783-01,197382,C07AB,C07A,C07,C,atenolol,OK
00597004437,00597-0044-37,283317,C03AA,C03A,C03,C,hydrochlorothiazide,OK
00597003937,00597-0039-37,282755,C09CA,C09C,C09,C,telmisartan,OK
00597008717,00597-0087-17,484341,,,,,,NO_ATC
00597005801,00597-0058-01,,,,,,,NDC_NOT_FOUND
00597010854,00597-0108-54,1723478,B01AE,B01A,B01,B,dabigatran etexilate,OK
00597004724,00597-0047-24,,,,,,,NDC_NOT_FOUND
00597004337,00597-0043-37,283316,C03AA,C03A,C03,C,hydrochlorothiazide,OK
00597007541,00597-0075-41,485032,,,,,,NO_ATC
00597010860,00597-0108-60,1723478,B01AE,B01A,B01,B,dabigatran etexilate,OK
00597011530,00597-0115-30,901557,N04BC,N04B,N04,N,pramipexole,OK
00597012330,00597-0123-30,,,,,,,NDC_NOT_FOUND
00597011630,00597-0116-30,901537,N04BC,N04B,N04,N,pramipexole,OK
00597010190,00597-0101-90,745022,,,,,,NO_ATC
00597012537,00597-0125-37,876518,C08CA,C08C,C08,C,amlodipine,OK
00597011330,00597-0113-30,901551,N04BC,N04B,N04,N,pramipexole,OK
00597012737,00597-0127-37,876523,C08CA,C08C,C08,C,amlodipine,OK
00597012637,00597-0126-37,876533,C08CA,C08C,C08,C,amlodipine,OK
00597010930,00597-0109-30,901543,N04BC,N04B,N04,N,pramipexole,OK
00597014030,00597-0140-30,1100706,A10BH,A10B,A10,A,linagliptin,OK
00597013730,00597-0137-30,1430453,L01EB,L01E,L01,L,afatinib,OK
00597010061,00597-0100-61,1552004,,,,,,NO_ATC
00597013830,00597-0138-30,1430457,L01EB,L01E,L01,L,afatinib,OK
00597012437,00597-0124-37,876528,C08CA,C08C,C08,C,amlodipine,OK
00597014360,00597-0143-60,1592748,L01EX,L01E,L01,L,nintedanib,OK
00597014130,00597-0141-30,1430449,L01EB,L01E,L01,L,afatinib,OK
00597014560,00597-0145-60,1592752,L01EX,L01E,L01,L,nintedanib,OK
00597014760,00597-0147-60,1243040,A10BH,A10B,A10,A,linagliptin,OK
00597015330,00597-0153-30,1545668,A10BK,A10B,A10,A,empagliflozin,OK
00597015561,00597-0155-61,1651275,R03AC,R03A,R03,R,olodaterol,OK
00597014860,00597-0148-60,1243026,A10BH,A10B,A10,A,linagliptin,OK
00597015230,00597-0152-30,1545664,A10BK,A10B,A10,A,empagliflozin,OK
00597014660,00597-0146-60,1243033,A10BH,A10B,A10,A,linagliptin,OK
00597015960,00597-0159-60,1664321,A10BK,A10B,A10,A,empagliflozin,OK
00597017560,00597-0175-60,1664328,A10BK,A10B,A10,A,empagliflozin,OK
00597018060,00597-0180-60,1664325,A10BK,A10B,A10,A,empagliflozin,OK
00597018490,00597-0184-90,,,,,,,NDC_NOT_FOUND
00597016860,00597-0168-60,1665369,A10BK,A10B,A10,A,empagliflozin,OK
00597016430,00597-0164-30,1602120,A10BH,A10B,A10,A,linagliptin,OK
00597018390,00597-0183-90,212453,,,,,,NO_ATC
00597019090,00597-0190-90,212455,,,,,,NO_ATC
00597016061,00597-0160-61,1667882,,,,,,NO_ATC
00597018590,00597-0185-90,213260,,,,,,NO_ATC
00597027533,00597-0275-33,1796096,A10BH,A10B,A10,A,linagliptin,OK
00597027073,00597-0270-73,1796091,A10BH,A10B,A10,A,linagliptin,OK
00597019190,00597-0191-90,,,,,,,NDC_NOT_FOUND
00597028530,00597-0285-30,901547,N04BC,N04B,N04,N,pramipexole,OK
00597019261,00597-0192-61,1546083,R03AC,R03A,R03,R,olodaterol,OK
00597028073,00597-0280-73,1862688,A10BK,A10B,A10,A,empagliflozin,OK
00597028630,00597-0286-30,1114481,N04BC,N04B,N04,N,pramipexole,OK
00597035509,00597-0355-09,1037181,B01AE,B01A,B01,B,dabigatran etexilate,OK
00597029059,00597-0290-59,1862701,A10BK,A10B,A10,A,empagliflozin,OK
00597030045,00597-0300-45,1862692,A10BK,A10B,A10,A,empagliflozin,OK
00597029578,00597-0295-78,1862697,A10BK,A10B,A10,A,empagliflozin,OK
00597029588,00597-0295-88,1862697,A10BK,A10B,A10,A,empagliflozin,OK
00597018230,00597-0182-30,1602115,A10BH,A10B,A10,A,linagliptin,OK
00597037516,00597-0375-16,2640903,L04AB,L04A,L04,L,adalimumab,OK
00597037082,00597-0370-82,2640889,L04AB,L04A,L04,L,adalimumab,OK
00597036055,00597-0360-55,1037049,B01AE,B01A,B01,B,dabigatran etexilate,OK
00597038013,00597-0380-13,2359285,A10BH,A10B,A10,A,linagliptin,OK
00597037597,00597-0375-97,2640898,L04AB,L04A,L04,L,adalimumab,OK
00597039071,00597-0390-71,2359353,A10BH,A10B,A10,A,linagliptin,OK
00597028730,00597-0287-30,1114487,N04BC,N04B,N04,N,pramipexole,OK
00597038577,00597-0385-77,2359290,A10BH,A10B,A10,A,linagliptin,OK
00597043018,00597-0430-18,2590629,B01AE,B01A,B01,B,dabigatran etexilate,OK
00597040089,00597-0400-89,2640892,L04AB,L04A,L04,L,adalimumab,OK
00597039582,00597-0395-82,2359358,A10BH,A10B,A10,A,linagliptin,OK
00597042578,00597-0425-78,2590625,B01AE,B01A,B01,B,dabigatran etexilate,OK
00597043596,00597-0435-96,2590633,B01AE,B01A,B01,B,dabigatran etexilate,OK
00597044053,00597-0440-53,2590637,B01AE,B01A,B01,B,dabigatran etexilate,OK
00597044587,00597-0445-87,2590619,B01AE,B01A,B01,B,dabigatran etexilate,OK
00597040580,00597-0405-80,2640894,L04AB,L04A,L04,L,adalimumab,OK
00597048520,00597-0485-20,2680746,L04AB,L04A,L04,L,adalimumab,OK
00597049550,00597-0495-50,2680750,L04AB,L04A,L04,L,adalimumab,OK
00597049560,00597-0495-60,2680760,L04AB,L04A,L04,L,adalimumab,OK
00597045016,00597-0450-16,2590621,B01AE,B01A,B01,B,dabigatran etexilate,OK
00597054522,00597-0545-22,2640895,L04AB,L04A,L04,L,adalimumab,OK
00597056520,00597-0565-20,2680743,L04AB,L04A,L04,L,adalimumab,OK
00597037523,00597-0375-23,2640901,L04AB,L04A,L04,L,adalimumab,OK
00597054544,00597-0545-44,2640900,L04AB,L04A,L04,L,adalimumab,OK
00597029074,00597-0290-74,1862701,A10BK,A10B,A10,A,empagliflozin,OK
00597054566,00597-0545-66,2640902,L04AB,L04A,L04,L,adalimumab,OK
00597059520,00597-0595-20,2640883,L04AB,L04A,L04,L,adalimumab,OK
00597057550,00597-0575-50,2680748,L04AB,L04A,L04,L,adalimumab,OK
00597055580,00597-0555-80,2640893,L04AB,L04A,L04,L,adalimumab,OK
00597062020,00597-0620-20,2678984,L04AC,L04A,L04,L,spesolimab,OK
00597058589,00597-0585-89,2640891,L04AB,L04A,L04,L,adalimumab,OK
00597057540,00597-0575-40,2680756,L04AB,L04A,L04,L,adalimumab,OK
00597049540,00597-0495-40,2680757,L04AB,L04A,L04,L,adalimumab,OK
00603116158,00603-1161-58,104041,,,,,,NO_ATC
00603150858,00603-1508-58,198087,,,,,,NO_ATC
00603154358,00603-1543-58,314182,A12BA,A12B,A12,A,potassium chloride,OK
00603243721,00603-2437-21,,,,,,,NDC_NOT_FOUND
00603358621,00603-3586-21,,,,,,,NDC_NOT_FOUND
00603155416,00603-1554-16,1867544,A12BA,A12B,A12,A,potassium chloride,OK
00603188016,00603-1880-16,,,,,,,ERROR
00603254021,00603-2540-21,197426,N02BE,N02B,N02,N,acetaminophen,OK
00603389919,00603-3899-19,,,,,,,NDC_NOT_FOUND
00603390121,00603-3901-21,,,,,,,NDC_NOT_FOUND
00603390021,00603-3900-21,,,,,,,NDC_NOT_FOUND
00597057560,00597-0575-60,2680759,L04AB,L04A,L04,L,adalimumab,OK
00603497528,00603-4975-28,198060,,,,,,NO_ATC
00603497821,00603-4978-21,,,,,,,NDC_NOT_FOUND
00603506121,00603-5061-21,198077,N05AB,N05A,N05,N,perphenazine,OK
00603371834,00603-3718-34,349462,N02CC,N02C,N02,N,frovatriptan,OK
00603516721,00603-5167-21,198089,N03AA,N03A,N03,N,phenobarbital,OK
00603154258,00603-1542-58,312515,A12BA,A12B,A12,A,potassium chloride,OK
00603516532,00603-5165-32,198086,N03AA,N03A,N03,N,phenobarbital,OK
00603506221,00603-5062-21,198078,N05AB,N05A,N05,N,perphenazine,OK
00603533731,00603-5337-31,312617,A07EA,A07E,A07,A,prednisone,OK
00603516821,00603-5168-21,198083,N03AA,N03A,N03,N,phenobarbital,OK
00603533715,00603-5337-15,312617,A07EA,A07E,A07,A,prednisone,OK
00603243821,00603-2438-21,,,,,,,NDC_NOT_FOUND
00603545021,00603-5450-21,312672,,,,,,NO_ATC
00603533815,00603-5338-15,198145,A07EA,A07E,A07,A,prednisone,OK
00603516632,00603-5166-32,199167,N03AA,N03A,N03,N,phenobarbital,OK
00603533521,00603-5335-21,198144,A07EA,A07E,A07,A,prednisone,OK
00603533831,00603-5338-31,198145,A07EA,A07E,A07,A,prednisone,OK
00603752149,00603-7521-49,,,,,,,NDC_NOT_FOUND
00603752517,00603-7525-17,,,,,,,NDC_NOT_FOUND
00603533832,00603-5338-32,198145,A07EA,A07E,A07,A,prednisone,OK
00603754017,00603-7540-17,,,,,,,NDC_NOT_FOUND
00603763417,00603-7634-17,,,,,,,NDC_NOT_FOUND
00603548421,00603-5484-21,856519,C07AA,C07A,C07,C,propranolol,OK
00603752117,00603-7521-17,,,,,,,NDC_NOT_FOUND
00603752549,00603-7525-49,,,,,,,NDC_NOT_FOUND
00603544821,00603-5448-21,284256,,,,,,NO_ATC
00641602010,00641-6020-10,892473,N02AA,N02A,N02,N,morphine,OK
00603783188,00603-7831-88,1543209,,,,,,NO_ATC
00641601910,00641-6019-10,892489,N02AA,N02A,N02,N,morphine,OK
00603766317,00603-7663-17,,,,,,,NDC_NOT_FOUND
00603544921,00603-5449-21,284257,,,,,,NO_ATC
00641605425,00641-6054-25,1665685,N02AB,N02A,N02,N,meperidine,OK
00641611710,00641-6117-10,1659598,J01CR,J01C,J01,J,ampicillin / sulbactam,OK
00641605325,00641-6053-25,1665697,N02AB,N02A,N02,N,meperidine,OK
00603764217,00603-7642-17,753478,G03AA,G03A,G03,G,ethinyl estradiol / norgestimate,OK
00641617701,00641-6177-01,314152,H01CB,H01C,H01,H,octreotide,OK
00641600810,00641-6008-10,1727569,C03CA,C03C,C03,C,bumetanide,OK
00642746312,00642-7463-12,1993222,P01CA,P01C,P01,P,benznidazole,OK
00642746410,00642-7464-10,430551,P01CA,P01C,P01,P,benznidazole,OK
00682005330,00682-0053-30,,,,,,,NDC_NOT_FOUND
00642747001,00642-7470-01,2171002,G03AC,G03A,G03,G,drospirenone,OK
00703011003,00703-0110-03,1724338,N02AA,N02A,N02,N,hydromorphone,OK
00703012501,00703-0125-01,,,,,,,NDC_NOT_FOUND
00641605225,00641-6052-25,861476,N02AB,N02A,N02,N,meperidine,OK
00682005110,00682-0051-10,2049603,,,,,,NO_ATC
00703367191,00703-3671-91,,,,,,,NDC_NOT_FOUND
00641617410,00641-6174-10,312068,H01CB,H01C,H01,H,octreotide,OK
00703334301,00703-3343-01,312071,H01CB,H01C,H01,H,octreotide,OK
00703702101,00703-7021-01,,,,,,,NDC_NOT_FOUND
00703701103,00703-7011-03,,,,,,,NDC_NOT_FOUND
00703011303,00703-0113-03,1724340,N02AA,N02A,N02,N,hydromorphone,OK
00703853023,00703-8530-23,,,,,,,NDC_NOT_FOUND
00703712301,00703-7123-01,859867,N05AD,N05A,N05,N,haloperidol,OK
00642746605,00642-7466-05,1604336,A01AB,A01A,A01,A,metronidazole,OK
00703713301,00703-7133-01,859871,N05AD,N05A,N05,N,haloperidol,OK
00642747101,00642-7471-01,2465331,G03AA,G03A,G03,G,ethinyl estradiol / levonorgestrel,OK
00703854023,00703-8540-23,,,,,,,NDC_NOT_FOUND
00713022315,00713-0223-15,103454,,,,,,NO_ATC
00713013212,00713-0132-12,198163,,,,,,NO_ATC
00713013512,00713-0135-12,198159,N05AB,N05A,N05,N,prochlorperazine,OK
00703333301,00703-3333-01,314152,H01CB,H01C,H01,H,octreotide,OK
00713022360,00713-0223-60,103454,,,,,,NO_ATC
00713016612,00713-0166-12,1293639,D11AX,D11A,D11,D,caffeine,OK
00703330104,00703-3301-04,312068,H01CB,H01C,H01,H,octreotide,OK
00713022415,00713-0224-15,1191256,C05AA,C05A,C05,C,fluocinolone acetonide,OK
00713032415,00713-0324-15,,,,,,,NDC_NOT_FOUND
00713031788,00713-0317-88,309291,D01AE,D01A,D01,D,ciclopirox,OK
00713022460,00713-0224-60,1191256,C05AA,C05A,C05,C,fluocinolone acetonide,OK
00713031853,00713-0318-53,308865,D05AX,D05A,D05,D,calcipotriene,OK
00713032637,00713-0326-37,197407,A07EA,A07E,A07,A,betamethasone,OK
00713063337,00713-0633-37,311678,A01AB,A01A,A01,A,metronidazole,OK
00713056431,00713-0564-31,1114466,C01DA,C01D,C01,C,nitroglycerin,OK
00713063437,00713-0634-37,311753,D07AC,D07A,D07,D,mometasone,OK
00713035281,00713-0352-81,562847,A16AA,A16A,A16,A,betaine,OK
00713032737,00713-0327-37,197409,A07EA,A07E,A07,A,betamethasone,OK
00713066115,00713-0661-15,349351,D07AB,D07A,D07,D,desonide,OK
00713068315,00713-0683-15,197735,D06AX,D06A,D06,D,gentamicin,OK
00713070915,00713-0709-15,1191315,C05AA,C05A,C05,C,fluocinolone acetonide,OK
00713070153,00713-0701-53,,,,,,,NDC_NOT_FOUND
00713080431,00713-0804-31,313201,D05AX,D05A,D05,D,tazarotene,OK
00713068215,00713-0682-15,310465,D06AX,D06A,D06,D,gentamicin,OK
00713086030,00713-0860-30,352199,C09CA,C09C,C09,C,olmesartan medoxomil,OK
00713065540,00713-0655-40,1085728,A01AC,A01A,A01,A,triamcinolone,OK
00713052612,00713-0526-12,312663,,,,,,NO_ATC
00713086330,00713-0863-30,847060,C09CA,C09C,C09,C,olmesartan medoxomil,OK
00713086130,00713-0861-30,352200,C09CA,C09C,C09,C,olmesartan medoxomil,OK
00713087030,00713-0870-30,744632,C09CA,C09C,C09,C,olmesartan medoxomil,OK
00713080531,00713-0805-31,313199,D05AX,D05A,D05,D,tazarotene,OK
00713087130,00713-0871-30,744624,C09CA,C09C,C09,C,olmesartan medoxomil,OK
00713086430,00713-0864-30,847055,C09CA,C09C,C09,C,olmesartan medoxomil,OK
00713087230,00713-0872-30,744636,C09CA,C09C,C09,C,olmesartan medoxomil,OK
00713086230,00713-0862-30,352201,C09CA,C09C,C09,C,olmesartan medoxomil,OK
00713066460,00713-0664-60,103456,C05AA,C05A,C05,C,fluocinonide,OK
00713086530,00713-0865-30,847042,C09CA,C09C,C09,C,olmesartan medoxomil,OK
00713087330,00713-0873-30,744628,C09CA,C09C,C09,C,olmesartan medoxomil,OK
00713087530,00713-0875-30,1000000,C09CA,C09C,C09,C,olmesartan medoxomil,OK
00713087730,00713-0877-30,999990,C09CA,C09C,C09,C,olmesartan medoxomil,OK
00713088030,00713-0880-30,866907,C10AC,C10A,C10,C,colesevelam,OK
00713088230,00713-0882-30,855816,B01AC,B01A,B01,B,prasugrel,OK
00713087830,00713-0878-30,999995,C09CA,C09C,C09,C,olmesartan medoxomil,OK
00713088660,00713-0886-60,607295,D10AX,D10A,D10,D,dapsone,OK
00713087630,00713-0876-30,1000005,C09CA,C09C,C09,C,olmesartan medoxomil,OK
00713087981,00713-0879-81,866912,C10AC,C10A,C10,C,colesevelam,OK
00713088301,00713-0883-01,261361,N07AX,N07A,N07,N,cevimeline,OK
00777310502,00777-3105-02,104849,N06AB,N06A,N06,N,fluoxetine,OK
00781104601,00781-1046-01,,,,,,,NDC_NOT_FOUND
00781104801,00781-1048-01,,,,,,,ERROR
00781104701,00781-1047-01,,,,,,,NDC_NOT_FOUND
00713087430,00713-0874-30,999971,C09CA,C09C,C09,C,olmesartan medoxomil,OK
00777310530,00777-3105-30,104849,N06AB,N06A,N06,N,fluoxetine,OK
00777310402,00777-3104-02,205535,N06AB,N06A,N06,N,fluoxetine,OK
00781104901,00781-1049-01,,,,,,,NDC_NOT_FOUND
00781106110,00781-1061-10,308047,N05BA,N05B,N05,N,alprazolam,OK
00777310730,00777-3107-30,261287,N06AB,N06A,N06,N,fluoxetine,OK
00781108901,00781-1089-01,197322,N05BA,N05B,N05,N,alprazolam,OK
00781103001,00781-1030-01,198322,N05AB,N05A,N05,N,trifluoperazine,OK
00781107905,00781-1079-05,197321,N05BA,N05B,N05,N,alprazolam,OK
00781107710,00781-1077-10,308048,N05BA,N05B,N05,N,alprazolam,OK
00713088130,00713-0881-30,855820,B01AC,B01A,B01,B,prasugrel,OK
00781139201,00781-1392-01,310671,N05AD,N05A,N05,N,haloperidol,OK
00781106105,00781-1061-05,308047,N05BA,N05B,N05,N,alprazolam,OK
00781155601,00781-1556-01,381056,C01DA,C01D,C01,C,isosorbide dinitrate,OK
00781150701,00781-1507-01,197379,C07AB,C07A,C07,C,atenolol,OK
00781187431,00781-1874-31,562251,J01CA,J01C,J01,J,amoxicillin,OK
00781169501,00781-1695-01,206842,C01DA,C01D,C01,C,isosorbide dinitrate,OK
00781185220,00781-1852-20,562508,J01CA,J01C,J01,J,amoxicillin,OK
00781207401,00781-2074-01,198316,C03DB,C03D,C03,C,triamterene,OK
00781194339,00781-1943-39,617995,J01CA,J01C,J01,J,amoxicillin,OK
00781207410,00781-2074-10,198316,C03DB,C03D,C03,C,triamterene,OK
00781208102,00781-2081-02,359296,V03AE,V03A,V03,V,calcium acetate,OK
00781210201,00781-2102-01,261134,D11AH,D11A,D11,D,tacrolimus,OK
00781214501,00781-2145-01,308212,J01CA,J01C,J01,J,ampicillin,OK
00781232106,00781-2321-06,644088,A04AD,A04A,A04,A,aprepitant,OK
00781210401,00781-2104-01,108514,D11AH,D11A,D11,D,tacrolimus,OK
00781215832,00781-2158-32,1592279,L04AX,L04A,L04,L,pirfenidone,OK
00781232368,00781-2323-68,403811,A04AD,A04A,A04,A,aprepitant,OK
00781235201,00781-2352-01,861225,N06BA,N06B,N06,N,dextroamphetamine,OK
00781152610,00781-1526-10,312505,A12BA,A12B,A12,A,potassium chloride,OK
00781232246,00781-2322-46,403810,A04AD,A04A,A04,A,aprepitant,OK
00781210301,00781-2103-01,108513,D11AH,D11A,D11,D,tacrolimus,OK
00781237101,00781-2371-01,861232,N06BA,N06B,N06,N,dextroamphetamine,OK
00781268401,00781-2684-01,899461,N06BA,N06B,N06,N,dexmethylphenidate,OK
00781268201,00781-2682-01,899511,N06BA,N06B,N06,N,dexmethylphenidate,OK
00781236101,00781-2361-01,1806181,N06BA,N06B,N06,N,methylphenidate,OK
00781268501,00781-2685-01,899485,N06BA,N06B,N06,N,dexmethylphenidate,OK
00781236301,00781-2363-01,1091176,,,,,,NO_ATC
00781268601,00781-2686-01,1101926,N06BA,N06B,N06,N,dexmethylphenidate,OK
00781236401,00781-2364-01,1091191,,,,,,NO_ATC
00781279010,00781-2790-10,198051,A02BC,A02B,A02,A,omeprazole,OK
00781268701,00781-2687-01,899495,N06BA,N06B,N06,N,dexmethylphenidate,OK
00781285931,00781-2859-31,199119,A02BC,A02B,A02,A,omeprazole,OK
00781282401,00781-2824-01,313989,N06AB,N06A,N06,N,fluoxetine,OK
00781261305,00781-2613-05,308191,J01CA,J01C,J01,J,amoxicillin,OK
00781268801,00781-2688-01,1101932,N06BA,N06B,N06,N,dexmethylphenidate,OK
00781278531,00781-2785-31,199119,A02BC,A02B,A02,A,omeprazole,OK
00781300407,00781-3004-07,351115,,,,,,NO_ATC
00781316907,00781-3169-07,1657173,N02CC,N02C,N02,N,sumatriptan,OK
00781317007,00781-3170-07,1657173,N02CC,N02C,N02,N,sumatriptan,OK
00781300107,00781-3001-07,346494,H01AC,H01A,H01,H,somatropin,OK
00781317207,00781-3172-07,1657160,N02CC,N02C,N02,N,sumatriptan,OK
00781325089,00781-3250-89,2000007,L03AX,L03A,L03,L,glatiramer acetate,OK
00781320695,00781-3206-95,309092,J01DD,J01D,J01,J,ceftriaxone,OK
00781329009,00781-3290-09,309336,D10AF,D10A,D10,D,clindamycin,OK
00781324664,00781-3246-64,854235,B01AB,B01A,B01,B,enoxaparin,OK
00781328909,00781-3289-09,309335,D10AF,D10A,D10,D,clindamycin,OK
00781340995,00781-3409-95,313819,,,,,,NO_ATC
00781340095,00781-3400-95,308207,J01CA,J01C,J01,J,ampicillin,OK
00781323434,00781-3234-34,1654630,L03AX,L03A,L03,L,glatiramer acetate,OK
00781340495,00781-3404-95,1721475,J01CA,J01C,J01,J,ampicillin,OK
00781341694,00781-3416-94,351209,J02AC,J02A,J02,J,voriconazole,OK
00781343395,00781-3433-95,1662285,J01XX,J01X,J01,J,linezolid,OK
00781342394,00781-3423-94,828539,J02AX,J02A,J02,J,caspofungin,OK
00781342101,00781-3421-01,828755,J02AX,J02A,J02,J,caspofungin,OK
00781345095,00781-3450-95,1665052,J01DB,J01D,J01,J,cefazolin,OK
00781344220,00781-3442-20,1989117,A01AD,A01A,A01,A,epinephrine,OK
00781400332,00781-4003-32,545835,L02AE,L02A,L02,L,leuprolide,OK
00781348192,00781-3481-92,581531,J01AA,J01A,J01,J,tigecycline,OK
00781328809,00781-3288-09,309339,D10AF,D10A,D10,D,clindamycin,OK
00781344820,00781-3448-20,1989117,A01AD,A01A,A01,A,epinephrine,OK
00781340078,00781-3400-78,308207,J01CA,J01C,J01,J,ampicillin,OK
00781407515,00781-4075-15,1013629,G03AC,G03A,G03,G,drospirenone,OK
00781354525,00781-3545-25,1361615,B01AB,B01A,B01,B,heparin,OK
00781402753,00781-4027-53,991332,N05AA,N05A,N05,N,chlorpromazine,OK
00781405442,00781-4054-42,757968,A02BC,A02B,A02,A,lansoprazole,OK
00781402822,00781-4028-22,991053,N05AA,N05A,N05,N,chlorpromazine,OK
00781406336,00781-4063-36,754508,A04AD,A04A,A04,A,aprepitant,OK
00781531408,00781-5314-08,616705,N05AX,N05A,N05,N,risperidone,OK
00781531108,00781-5311-08,401953,N05AX,N05A,N05,N,risperidone,OK
00781531501,00781-5315-01,854894,N05CF,N05C,N05,N,zolpidem,OK
00781531008,00781-5310-08,403825,N05AX,N05A,N05,N,risperidone,OK
00781532531,00781-5325-31,197411,G02CB,G02C,G02,G,bromocriptine,OK
00781538731,00781-5387-31,629695,A01AB,A01A,A01,A,minocycline,OK
00781531308,00781-5313-08,616698,N05AX,N05A,N05,N,risperidone,OK
00781540501,00781-5405-01,1293506,D11AX,D11A,D11,D,caffeine,OK
00781551501,00781-5515-01,310600,D01AA,D01A,D01,D,griseofulvin,OK
00781400436,00781-4004-36,241975,H01AC,H01A,H01,H,somatropin,OK
00781538531,00781-5385-31,629697,A01AB,A01A,A01,A,minocycline,OK
00781563701,00781-5637-01,403851,N04BX,N04B,N04,N,entacapone,OK
00781561301,00781-5613-01,403850,N04BX,N04B,N04,N,entacapone,OK
00781564101,00781-5641-01,810083,N04BX,N04B,N04,N,entacapone,OK
00781531208,00781-5312-08,401954,N05AX,N05A,N05,N,risperidone,OK
00781543820,00781-5438-20,309076,J01DD,J01D,J01,J,cefpodoxime,OK
00781562501,00781-5625-01,810090,N04BX,N04B,N04,N,entacapone,OK
00781565401,00781-5654-01,403852,N04BX,N04B,N04,N,entacapone,OK
00781578931,00781-5789-31,,,,,,,NDC_NOT_FOUND
00781577631,00781-5776-31,,,,,,,NDC_NOT_FOUND
00781566901,00781-5669-01,730988,N04BX,N04B,N04,N,entacapone,OK
00781598701,00781-5987-01,402505,N03AF,N03A,N03,N,carbamazepine,OK
00781593892,00781-5938-92,577776,C09CA,C09C,C09,C,candesartan,OK
00781569031,00781-5690-31,349556,C10AX,C10A,C10,C,ezetimibe,OK
00781538631,00781-5386-31,629699,A01AB,A01A,A01,A,minocycline,OK
00781593731,00781-5937-31,153823,C09CA,C09C,C09,C,candesartan,OK
00781593992,00781-5939-92,639537,C09CA,C09C,C09,C,candesartan,OK
00781593631,00781-5936-31,153822,C09CA,C09C,C09,C,candesartan,OK
00781579331,00781-5793-31,204844,J01FA,J01F,J01,J,azithromycin,OK
00781601470,00781-6014-70,308805,S01EC,S01E,S01,S,brinzolamide,OK
00781598801,00781-5988-01,402506,N03AF,N03A,N03,N,carbamazepine,OK
00781607861,00781-6078-61,476576,J01DD,J01D,J01,J,cefdinir,OK
00781610446,00781-6104-46,617430,J01CA,J01C,J01,J,amoxicillin,OK
00781610246,00781-6102-46,617423,J01CA,J01C,J01,J,amoxicillin,OK
00781615395,00781-6153-95,617881,,,,,,NO_ATC
00781602246,00781-6022-46,240741,J01FA,J01F,J01,J,clarithromycin,OK
00781613954,00781-6139-54,617993,J01CA,J01C,J01,J,amoxicillin,OK
00781652386,00781-6523-86,314227,N02CC,N02C,N02,N,sumatriptan,OK
00781708035,00781-7080-35,577237,A01AB,A01A,A01,A,metronidazole,OK
00781618556,00781-6185-56,284008,S01EE,S01E,S01,S,travoprost,OK
00781707787,00781-7077-87,142046,A01AB,A01A,A01,A,metronidazole,OK
00781709459,00781-7094-59,244374,D10AE,D10A,D10,D,benzoyl peroxide,OK
00781711783,00781-7117-83,313921,D05AX,D05A,D05,D,calcipotriene,OK
00781600078,00781-6000-78,804544,D07AC,D07A,D07,D,difluprednate,OK
00781710454,00781-7104-54,238004,G03CA,G03C,G03,G,estradiol,OK
00781711954,00781-7119-54,242333,G03CA,G03C,G03,G,estradiol,OK
00781712254,00781-7122-54,403922,G03CA,G03C,G03,G,estradiol,OK
00781618667,00781-6186-67,403908,J01MA,J01M,J01,J,ciprofloxacin,OK
00781713354,00781-7133-54,238003,G03CA,G03C,G03,G,estradiol,OK
00781713593,00781-7135-93,403818,J01MA,J01M,J01,J,moxifloxacin,OK
00781714219,00781-7142-19,722111,D10AD,D10A,D10,D,adapalene,OK
00781713883,00781-7138-83,241946,G03CA,G03C,G03,G,estradiol,OK
00781602346,00781-6023-46,309322,J01FA,J01F,J01,J,clarithromycin,OK
00781714483,00781-7144-83,242891,G03CA,G03C,G03,G,estradiol,OK
00781716595,00781-7165-95,388525,A07EA,A07E,A07,A,betamethasone,OK
00781713654,00781-7136-54,241527,G03CA,G03C,G03,G,estradiol,OK
00781718675,00781-7186-75,861635,C07AA,C07A,C07,C,timolol,OK
00781713454,00781-7134-54,403923,G03CA,G03C,G03,G,estradiol,OK
00781730431,00781-7304-31,725021,N06DA,N06D,N06,N,rivastigmine,OK
00781717612,00781-7176-12,1725059,A06AH,A06A,A06,A,naloxone,OK
00781731331,00781-7313-31,1308569,N06DA,N06D,N06,N,rivastigmine,OK
00781751787,00781-7517-87,252559,A07EA,A07E,A07,A,budesonide,OK
00781717250,00781-7172-50,1041518,D10AX,D10A,D10,D,azelaic acid,OK
00781801601,00781-8016-01,199378,N03AF,N03A,N03,N,carbamazepine,OK
00781802801,00781-8028-01,198322,N05AB,N05A,N05,N,trifluoperazine,OK
00781803731,00781-8037-31,724859,N06BA,N06B,N06,N,armodafinil,OK
00781801731,00781-8017-31,360507,C10AA,C10A,C10,C,fluvastatin,OK
00781802931,00781-8029-31,724863,N06BA,N06B,N06,N,armodafinil,OK
00781805331,00781-8053-31,724861,N06BA,N06B,N06,N,armodafinil,OK
00781809003,00781-8090-03,749780,J01FA,J01F,J01,J,azithromycin,OK
00832011100,00832-0111-00,200381,,,,,,NO_ATC
00781804531,00781-8045-31,861960,N06BA,N06B,N06,N,armodafinil,OK
00781730931,00781-7309-31,725023,N06DA,N06D,N06,N,rivastigmine,OK
00781716535,00781-7165-35,388525,A07EA,A07E,A07,A,betamethasone,OK
00832022600,00832-0226-00,892596,N02AA,N02A,N02,N,morphine,OK
00832022500,00832-0225-00,892494,N02AA,N02A,N02,N,morphine,OK
00832003800,00832-0038-00,198060,,,,,,NO_ATC
00781808926,00781-8089-26,749783,J01FA,J01F,J01,J,azithromycin,OK
00832023000,00832-0230-00,894814,N02AA,N02A,N02,N,morphine,OK
00832022900,00832-0229-00,892352,N02AA,N02A,N02,N,morphine,OK
00832030100,00832-0301-00,197493,,,,,,NO_ATC
00832030000,00832-0300-00,197491,,,,,,NO_ATC
00781808001,00781-8080-01,308962,C09AA,C09A,C09,C,captopril,OK
00832027411,00832-0274-11,892672,N02AA,N02A,N02,N,morphine,OK
00832022800,00832-0228-00,894801,N02AA,N02A,N02,N,morphine,OK
00832022700,00832-0227-00,892345,N02AA,N02A,N02,N,morphine,OK
00832023300,00832-0233-00,197798,,,,,,NO_ATC
00832030200,00832-0302-00,197494,,,,,,NO_ATC
00832030300,00832-0303-00,197492,,,,,,NO_ATC
00832058525,00832-0585-25,,,,,,,NDC_NOT_FOUND
00832046515,00832-0465-15,584414,A07AA,A07A,A07,A,nystatin,OK
00832046560,00832-0465-60,584414,A07AA,A07A,A07,A,nystatin,OK
00832059530,00832-0595-30,310261,L02BG,L02B,L02,L,exemestane,OK
00832054211,00832-0542-11,197419,C03CA,C03C,C03,C,bumetanide,OK
00832030400,00832-0304-00,309254,,,,,,NO_ATC
00832107130,00832-1071-30,1437278,N03AX,N03A,N03,N,topiramate,OK
00832063011,00832-0630-11,857297,N06AA,N06A,N06,N,clomipramine,OK
00832107330,00832-1073-30,1437288,N03AX,N03A,N03,N,topiramate,OK
00832063111,00832-0631-11,857301,N06AA,N06A,N06,N,clomipramine,OK
00832027311,00832-0273-11,892582,N02AA,N02A,N02,N,morphine,OK
00832107530,00832-1075-30,1494769,N03AX,N03A,N03,N,topiramate,OK
00832107430,00832-1074-30,1437283,N03AX,N03A,N03,N,topiramate,OK
00832063211,00832-0632-11,857305,N06AA,N06A,N06,N,clomipramine,OK
00832121100,00832-1211-00,313733,,,,,,NO_ATC
00832121500,00832-1215-00,198349,,,,,,NO_ATC
00832121200,00832-1212-00,313735,,,,,,NO_ATC
00832121600,00832-1216-00,314279,,,,,,NO_ATC
00832121300,00832-1213-00,313734,,,,,,NO_ATC
00832121700,00832-1217-00,313738,,,,,,NO_ATC
00832121400,00832-1214-00,314280,,,,,,NO_ATC
00832112142,00832-1121-42,1596780,G03BA,G03B,G03,G,testosterone,OK
00832121800,00832-1218-00,313739,,,,,,NO_ATC
00832121610,00832-1216-10,314279,,,,,,NO_ATC
00832107230,00832-1072-30,1436239,N03AX,N03A,N03,N,topiramate,OK
00832153011,00832-1530-11,314034,N05AD,N05A,N05,N,haloperidol,OK
00832151011,00832-1510-11,310670,N05AD,N05A,N05,N,haloperidol,OK
00832154011,00832-1540-11,310672,N05AD,N05A,N05,N,haloperidol,OK
00832152011,00832-1520-11,310671,N05AD,N05A,N05,N,haloperidol,OK
00832532211,00832-5322-11,312529,A12BA,A12B,A12,A,potassium chloride,OK
00832167211,00832-1672-11,903884,N06AB,N06A,N06,N,fluvoxamine,OK
00832121900,00832-1219-00,313732,,,,,,NO_ATC
00832532411,00832-5324-11,1801298,A12BA,A12B,A12,A,potassium chloride,OK
00832532511,00832-5325-11,1801294,A12BA,A12B,A12,A,potassium chloride,OK
00904718861,00904-7188-61,197782,A01AC,A01A,A01,A,hydrocortisone,OK
00832532410,00832-5324-10,1801298,A12BA,A12B,A12,A,potassium chloride,OK
00904717761,00904-7177-61,310429,C03CA,C03C,C03,C,furosemide,OK
00944265603,00944-2656-03,1809730,,,,,,NO_ATC
00832532510,00832-5325-10,1801294,A12BA,A12B,A12,A,potassium chloride,OK
00955100310,00955-1003-10,854228,B01AB,B01A,B01,B,enoxaparin,OK
00944265804,00944-2658-04,1809738,,,,,,NO_ATC
00832602000,00832-6020-00,991044,N05AA,N05A,N05,N,chlorpromazine,OK
00944288401,00944-2884-01,1013867,B02AB,B02A,B02,B,alpha 1-antitrypsin,OK
00944270003,00944-2700-03,1809667,,,,,,NO_ATC
00955100410,00955-1004-10,854235,B01AB,B01A,B01,B,enoxaparin,OK
00832602100,00832-6021-00,991188,N05AA,N05A,N05,N,chlorpromazine,OK
00955100810,00955-1008-10,854241,B01AB,B01A,B01,B,enoxaparin,OK
00944281501,00944-2815-01,1233711,B02AB,B02A,B02,B,alpha 1-antitrypsin,OK
00955100610,00955-1006-10,854238,B01AB,B01A,B01,B,enoxaparin,OK
00832601900,00832-6019-00,991336,N05AA,N05A,N05,N,chlorpromazine,OK
00955101010,00955-1010-10,854248,B01AB,B01A,B01,B,enoxaparin,OK
00955104290,00955-1042-90,200096,C09CA,C09C,C09,C,irbesartan,OK
00955101510,00955-1015-10,854252,B01AB,B01A,B01,B,enoxaparin,OK
00955172250,00955-1722-50,310023,H05BX,H05B,H05,H,doxercalciferol,OK
00955104090,00955-1040-90,200094,C09CA,C09C,C09,C,irbesartan,OK
00955172050,00955-1720-50,406503,H05BX,H05B,H05,H,doxercalciferol,OK
00955290002,00955-2900-02,2002419,A10AE,A10A,A10,A,insulin glargine,OK
00955101210,00955-1012-10,854245,B01AB,B01A,B01,B,enoxaparin,OK
00955172901,00955-1729-01,311041,A10AE,A10A,A10,A,insulin glargine,OK
00955172150,00955-1721-50,858262,H05BX,H05B,H05,H,doxercalciferol,OK
00998061505,00998-0615-05,,,,,,,NDC_NOT_FOUND
00998020315,00998-0203-15,,,,,,,NDC_NOT_FOUND
00998020615,00998-0206-15,,,,,,,NDC_NOT_FOUND
00955172805,00955-1728-05,847230,A10AE,A10A,A10,A,insulin glargine,OK
00990925739,00990-9257-39,403890,A12BA,A12B,A12,A,potassium chloride,OK
10122090212,10122-0902-12,,,,,,,NDC_NOT_FOUND
00998020415,00998-0204-15,,,,,,,NDC_NOT_FOUND
10144059415,10144-0594-15,,,,,,,NDC_NOT_FOUND
10019098409,10019-0984-09,197550,L01AA,L01A,L01,L,cyclophosphamide,OK
10019098209,10019-0982-09,197549,L01AA,L01A,L01,L,cyclophosphamide,OK
10135066201,10135-0662-01,1923422,C07AA,C07A,C07,C,sotalol,OK
10144060215,10144-0602-15,,,,,,,NDC_NOT_FOUND
10147095103,10147-0951-03,866103,N05AX,N05A,N05,N,paliperidone,OK
10122031001,10122-0310-01,2675592,,,,,,NO_ATC
00955390003,00955-3900-03,1604539,A10AE,A10A,A10,A,insulin glargine,OK
10147095203,10147-0952-03,672567,N05AX,N05A,N05,N,paliperidone,OK
10144060415,10144-0604-15,,,,,,,NDC_NOT_FOUND
10135060571,10135-0605-71,199148,J05AF,J05A,J05,J,lamivudine,OK
10147095403,10147-0954-03,672571,N05AX,N05A,N05,N,paliperidone,OK
10337090510,10337-0905-10,1543182,D01AE,D01A,D01,D,tavaborole,OK
10337045003,10337-0450-03,753350,D06BB,D06B,D06,D,sinecatechins,OK
10337043404,10337-0434-04,895991,D07AC,D07A,D07,D,fluticasone,OK
10370017011,10370-0170-11,,,,,,,NDC_NOT_FOUND
10337016360,10337-0163-60,861503,D07AD,D07A,D07,D,clobetasol,OK
10337090544,10337-0905-44,1543182,D01AE,D01A,D01,D,tavaborole,OK
10337015380,10337-0153-80,1370748,D07AB,D07A,D07,D,hydrocortisone probutate,OK
10370022111,10370-0221-11,,,,,,,NDC_NOT_FOUND
10370017111,10370-0171-11,,,,,,,NDC_NOT_FOUND
10370022311,10370-0223-11,,,,,,,NDC_NOT_FOUND
10337039530,10337-0395-30,966820,D07AC,D07A,D07,D,diflorasone,OK
10370030511,10370-0305-11,1114479,N04BC,N04B,N04,N,pramipexole,OK
00998063006,00998-0630-06,208591,A01AC,A01A,A01,A,dexamethasone,OK
10370025411,10370-0254-11,,,,,,,NDC_NOT_FOUND
10370030611,10370-0306-11,,,,,,,NDC_NOT_FOUND
10370022211,10370-0222-11,,,,,,,NDC_NOT_FOUND
10370034611,10370-0346-11,996615,N06DX,N06D,N06,N,memantine,OK
10370025311,10370-0253-11,901550,N04BC,N04B,N04,N,pramipexole,OK
10370074501,10370-0745-01,,,,,,,NDC_NOT_FOUND
10370034911,10370-0349-11,996609,N06DX,N06D,N06,N,memantine,OK
10370034909,10370-0349-09,996609,N06DX,N06D,N06,N,memantine,OK
10370034711,10370-0347-11,996594,N06DX,N06D,N06,N,memantine,OK
10370034811,10370-0348-11,996603,N06DX,N06D,N06,N,memantine,OK
10631010250,10631-0102-50,,,,,,,NDC_NOT_FOUND
10631010030,10631-0100-30,,,,,,,NDC_NOT_FOUND
10631009260,10631-0092-60,207894,,,,,,NO_ATC
10631010160,10631-0101-60,,,,,,,NDC_NOT_FOUND
10631010350,10631-0103-50,,,,,,,NDC_NOT_FOUND
10631033130,10631-0331-30,1302666,A01AB,A01A,A01,A,minocycline,OK
10702080101,10702-0801-01,1860157,N02AA,N02A,N02,N,oxycodone,OK
10631009160,10631-0091-60,207864,,,,,,NO_ATC
10888500102,10888-5001-02,,,,,,,NDC_NOT_FOUND
10370074601,10370-0746-01,,,,,,,NDC_NOT_FOUND
10888500202,10888-5002-02,,,,,,,NDC_NOT_FOUND
10631033030,10631-0330-30,1302656,A01AB,A01A,A01,A,minocycline,OK
11980001105,11980-0011-05,,,,,,,NDC_NOT_FOUND
11980002205,11980-0022-05,,,,,,,NDC_NOT_FOUND
13533013100,13533-0131-00,205259,J07AF,J07A,J07,J,"diphtheria toxoid vaccine, inactivated",OK
13310010207,13310-0102-07,,,,,,,NDC_NOT_FOUND
10631033230,10631-0332-30,1302676,A01AB,A01A,A01,A,minocycline,OK
13310010107,13310-0101-07,,,,,,,NDC_NOT_FOUND
13668015930,13668-0159-30,,,,,,,NDC_NOT_FOUND
10631001917,10631-0019-17,2200520,A10BA,A10B,A10,A,metformin,OK
13551000501,13551-0005-01,2698136,N01AX,N01A,N01,N,sodium oxybate,OK
13668011790,13668-0117-90,979464,C09CA,C09C,C09,C,losartan,OK
13668025230,13668-0252-30,403854,C09CA,C09C,C09,C,olmesartan medoxomil,OK
13668031190,13668-0311-90,,,,,,,NDC_NOT_FOUND
10702080301,10702-0803-01,1860129,N02AA,N02A,N02,N,oxycodone,OK
13668011310,13668-0113-10,,,,,,,NDC_NOT_FOUND
13668028160,13668-0281-60,861822,A10BG,A10B,A10,A,pioglitazone,OK
13668031330,13668-0313-30,,,,,,,NDC_NOT_FOUND
11797011001,11797-0110-01,2678900,M09AX,M09A,M09,M,givinostat,OK
13811064030,13811-0640-30,,,,,,,NDC_NOT_FOUND
13811063930,13811-0639-30,,,,,,,NDC_NOT_FOUND
13811064230,13811-0642-30,,,,,,,NDC_NOT_FOUND
13811064130,13811-0641-30,,,,,,,NDC_NOT_FOUND
13668031230,13668-0312-30,730861,C09CA,C09C,C09,C,olmesartan medoxomil,OK
13811067830,13811-0678-30,,,,,,,NDC_NOT_FOUND
13668020130,13668-0201-30,311787,J01MA,J01M,J01,J,moxifloxacin,OK
13913000419,13913-0004-19,1115012,N02BF,N02B,N02,N,gabapentin,OK
13913000616,13913-0006-16,,,,,,,NDC_NOT_FOUND
13811064330,13811-0643-30,,,,,,,NDC_NOT_FOUND
13913000901,13913-0009-01,,,,,,,NDC_NOT_FOUND
13913000519,13913-0005-19,1115013,N02BF,N02B,N02,N,gabapentin,OK
13668028060,13668-0280-60,861783,A10BG,A10B,A10,A,pioglitazone,OK
13913001301,13913-0013-01,,,,,,,NDC_NOT_FOUND
13913001001,13913-0010-01,,,,,,,NDC_NOT_FOUND
15054106003,15054-1060-03,749813,H01CB,H01C,H01,H,lanreotide,OK
15370040230,15370-0402-30,2697167,N05AX,N05A,N05,N,aripiprazole,OK
15054112003,15054-1120-03,749816,H01CB,H01C,H01,H,lanreotide,OK
13668034230,13668-0342-30,,,,,,,NDC_NOT_FOUND
15370040130,15370-0401-30,2697164,N05AX,N05A,N05,N,aripiprazole,OK
15370040330,15370-0403-30,2697170,N05AX,N05A,N05,N,aripiprazole,OK
16110002660,16110-0026-60,197720,D07AC,D07A,D07,D,flurandrenolide,OK
16110003412,16110-0034-12,898418,D07AC,D07A,D07,D,flurandrenolide,OK
13811067730,13811-0677-30,,,,,,,NDC_NOT_FOUND
16110005212,16110-0052-12,205610,D07AC,D07A,D07,D,flurandrenolide,OK
16110007130,16110-0071-30,999927,D10AD,D10A,D10,D,tretinoin,OK
16110008045,16110-0080-45,664961,D01AC,D01A,D01,D,ketoconazole,OK
14539070001,14539-0700-01,197417,C03CA,C03C,C03,C,bumetanide,OK
15054109003,15054-1090-03,749818,H01CB,H01C,H01,H,lanreotide,OK
16110007160,16110-0071-60,999927,D10AD,D10A,D10,D,tretinoin,OK
16714046901,16714-0469-01,,,,,,,NDC_NOT_FOUND
16714047001,16714-0470-01,,,,,,,NDC_NOT_FOUND
16110050201,16110-0502-01,1543953,A01AB,A01A,A01,A,doxycycline,OK
16571016110,16571-0161-10,905283,N04AA,N04A,N04,N,trihexyphenidyl,OK
16714070701,16714-0707-01,,,,,,,NDC_NOT_FOUND
16714070801,16714-0708-01,,,,,,,NDC_NOT_FOUND
16714031501,16714-0315-01,,,,,,,NDC_NOT_FOUND
16110081230,16110-0812-30,92752,L01BC,L01B,L01,L,fluorouracil,OK
16714097601,16714-0976-01,,,,,,,NDC_NOT_FOUND
16714015501,16714-0155-01,1421461,B03AA,B03A,B03,B,ferrous fumarate,OK
16110050101,16110-0501-01,1543955,A01AB,A01A,A01,A,doxycycline,OK
16571012050,16571-0120-50,309307,J01MA,J01M,J01,J,ciprofloxacin,OK
16729003001,16729-0030-01,,,,,,,NDC_NOT_FOUND
16714085303,16714-0853-03,866436,C07AB,C07A,C07,C,metoprolol,OK
16714092101,16714-0921-01,1114485,N04BC,N04B,N04,N,pramipexole,OK
16729003101,16729-0031-01,,,,,,,NDC_NOT_FOUND
16781039160,16781-0391-60,,,,,,,NDC_NOT_FOUND
16714085501,16714-0855-01,866419,C07AB,C07A,C07,C,metoprolol,OK
16714099401,16714-0994-01,1607784,V03AC,V03A,V03,V,deferasirox,OK
16781040060,16781-0400-60,,,,,,,NDC_NOT_FOUND
17478010610,17478-0106-10,,,,,,,NDC_NOT_FOUND
17478007035,17478-0070-35,,,,,,,NDC_NOT_FOUND
16781046275,16781-0462-75,351330,D10AF,D10A,D10,D,clindamycin,OK
16729017501,16729-0175-01,856762,N06AA,N06A,N06,N,amitriptyline,OK
16729021816,16729-0218-16,309362,B01AC,B01A,B01,B,clopidogrel,OK
17478017324,17478-0173-24,261136,,,,,,NO_ATC
17270074000,17270-0740-00,2123072,R03AC,R03A,R03,R,albuterol,OK
17478020910,17478-0209-10,,,,,,,NDC_NOT_FOUND
17478017224,17478-0172-24,352132,,,,,,NO_ATC
17478010720,17478-0107-20,,,,,,,NDC_NOT_FOUND
17478017130,17478-0171-30,,,,,,,NDC_NOT_FOUND
17478018924,17478-0189-24,1922894,C07AA,C07A,C07,C,timolol,OK
17478022312,17478-0223-12,,,,,,,NDC_NOT_FOUND
17478022612,17478-0226-12,,,,,,,NDC_NOT_FOUND
17478022412,17478-0224-12,,,,,,,NDC_NOT_FOUND
17478026312,17478-0263-12,,,,,,,NDC_NOT_FOUND
17478054005,17478-0540-05,,,,,,,NDC_NOT_FOUND
17478030703,17478-0307-03,706872,J01FA,J01F,J01,J,azithromycin,OK
17478060930,17478-0609-30,1244616,S01EE,S01E,S01,S,tafluprost,OK
17478028435,17478-0284-35,310466,D06AX,D06A,D06,D,gentamicin,OK
17478060510,17478-0605-10,1923433,C07AA,C07A,C07,C,timolol,OK
17478060430,17478-0604-30,1922784,C07AA,C07A,C07,C,timolol,OK
17478071130,17478-0711-30,,,,,,,NDC_NOT_FOUND
17478071610,17478-0716-10,,,,,,,NDC_NOT_FOUND
17478071310,17478-0713-10,312075,J01MA,J01M,J01,J,ofloxacin,OK
17478070510,17478-0705-10,,,,,,,NDC_NOT_FOUND
17478029010,17478-0290-10,,,,,,,NDC_NOT_FOUND
17478076306,17478-0763-06,197634,A04AD,A04A,A04,A,dronabinol,OK
17478021505,17478-0215-05,1190655,A03BA,A03B,A03,A,atropine,OK
17478076710,17478-0767-10,,,,,,,NDC_NOT_FOUND
17478076610,17478-0766-10,,,,,,,NDC_NOT_FOUND
18860010110,18860-0101-10,,,,,,,NDC_NOT_FOUND
18860010410,18860-0104-10,,,,,,,NDC_NOT_FOUND
17478089210,17478-0892-10,,,,,,,NDC_NOT_FOUND
17478017424,17478-0174-24,833470,,,,,,NO_ATC
18860010610,18860-0106-10,,,,,,,NDC_NOT_FOUND
20482000110,20482-0001-10,,,,,,,NDC_NOT_FOUND
18860010210,18860-0102-10,,,,,,,NDC_NOT_FOUND
20482000230,20482-0002-30,,,,,,,NDC_NOT_FOUND
20482000430,20482-0004-30,,,,,,,NDC_NOT_FOUND
17478083005,17478-0830-05,1312625,,,,,,NO_ATC
18860010510,18860-0105-10,,,,,,,NDC_NOT_FOUND
20482033530,20482-0335-30,1928954,A04AD,A04A,A04,A,dronabinol,OK
17478076206,17478-0762-06,197636,A04AD,A04A,A04,A,dronabinol,OK
23155002101,23155-0021-01,197855,M01AE,M01A,M01,M,ketoprofen,OK
17478076106,17478-0761-06,197635,A04AD,A04A,A04,A,dronabinol,OK
20482000830,20482-0008-30,1237070,N01AH,N01A,N01,N,fentanyl,OK
23155001901,23155-0019-01,198232,A07EC,A07E,A07,A,sulfasalazine,OK
23155002201,23155-0022-01,197856,M01AE,M01A,M01,M,ketoprofen,OK
23155002001,23155-0020-01,197854,M01AE,M01A,M01,M,ketoprofen,OK
23155003801,23155-0038-01,314184,A07AA,A07A,A07,A,paromomycin,OK
23155010410,23155-0104-10,861004,A10BA,A10B,A10,A,metformin,OK
23155010210,23155-0102-10,861007,A10BA,A10B,A10,A,metformin,OK
23155002701,23155-0027-01,897666,C08DA,C08D,C08,C,verapamil,OK
20482000630,20482-0006-30,,,,,,,NDC_NOT_FOUND
23155010305,23155-0103-05,861010,A10BA,A10B,A10,A,metformin,OK
23155052144,23155-0521-44,1719286,C03CA,C03C,C03,C,furosemide,OK
23155080801,23155-0808-01,889614,N05BA,N05B,N05,N,chlordiazepoxide,OK
23155092681,23155-0926-81,310878,A01AC,A01A,A01,A,hydrocortisone,OK
23594025001,23594-0250-01,,,,,,,NDC_NOT_FOUND
23594012501,23594-0125-01,309044,J01DC,J01D,J01,J,cefaclor,OK
23155014501,23155-0145-01,197447,A01AD,A01A,A01,A,aspirin,OK
23155029251,23155-0292-51,1014673,R06AE,R06A,R06,R,cetirizine,OK
23594050501,23594-0505-01,,,,,,,NDC_NOT_FOUND
23635040801,23635-0408-01,,,,,,,NDC_NOT_FOUND
23635041201,23635-0412-01,,,,,,,NDC_NOT_FOUND
23635041601,23635-0416-01,,,,,,,NDC_NOT_FOUND
23594051008,23594-0510-08,,,,,,,NDC_NOT_FOUND
23155012001,23155-0120-01,562524,S01EC,S01E,S01,S,acetazolamide,OK
24090049084,24090-0490-84,,,,,,,NDC_NOT_FOUND
24090049384,24090-0493-84,,,,,,,NDC_NOT_FOUND
24090049184,24090-0491-84,,,,,,,NDC_NOT_FOUND
24090049484,24090-0494-84,,,,,,,NDC_NOT_FOUND
23594037501,23594-0375-01,309042,J01DC,J01D,J01,J,cefaclor,OK
23635058010,23635-0580-10,1049623,N02AA,N02A,N02,N,oxycodone,OK
24090049584,24090-0495-84,,,,,,,NDC_NOT_FOUND
23635043201,23635-0432-01,,,,,,,NDC_NOT_FOUND
23594050550,23594-0505-50,808118,A01AC,A01A,A01,A,prednisolone,OK
24090049684,24090-0496-84,,,,,,,NDC_NOT_FOUND
24090049884,24090-0498-84,,,,,,,ERROR
24090049784,24090-0497-84,,,,,,,NDC_NOT_FOUND
24090049984,24090-0499-84,,,,,,,NDC_NOT_FOUND
24090049284,24090-0492-84,,,,,,,NDC_NOT_FOUND
24090068188,24090-0681-88,1014619,,,,,,NO_ATC
24338001018,24338-0010-18,905379,C02DB,C02D,C02,C,hydralazine,OK
24338002610,24338-0026-10,1600698,N06BA,N06B,N06,N,amphetamine,OK
24090068388,24090-0683-88,1014613,,,,,,NO_ATC
24338003301,24338-0033-01,2175796,N06BA,N06B,N06,N,amphetamine,OK
24338003101,24338-0031-01,2175894,N06BA,N06B,N06,N,amphetamine,OK
24338003501,24338-0035-01,2175891,N06BA,N06B,N06,N,amphetamine,OK
24338002210,24338-0022-10,1600700,N06BA,N06B,N06,N,amphetamine,OK
23594091508,23594-0915-08,824889,A01AC,A01A,A01,A,prednisolone,OK
24338003702,24338-0037-02,2175893,N06BA,N06B,N06,N,amphetamine,OK
24338011013,24338-0110-13,686405,D10AF,D10A,D10,D,erythromycin,OK
24338018304,24338-0183-04,1298427,D11AX,D11A,D11,D,ivermectin,OK
24338010620,24338-0106-20,,,,,,,NDC_NOT_FOUND
24338015401,24338-0154-01,2698570,L01EA,L01E,L01,L,nilotinib,OK
24090068288,24090-0682-88,1014636,,,,,,NO_ATC
24338020510,24338-0205-10,,,,,,,NDC_NOT_FOUND
24338040312,24338-0403-12,991332,N05AA,N05A,N05,N,chlorpromazine,OK
24338010013,24338-0100-13,,,,,,,NDC_NOT_FOUND
24338041024,24338-0410-24,991053,N05AA,N05A,N05,N,chlorpromazine,OK
24338085110,24338-0851-10,1425339,N06BA,N06B,N06,N,dextroamphetamine,OK
24338085310,24338-0853-10,1425337,N06BA,N06B,N06,N,dextroamphetamine,OK
24338085410,24338-0854-10,1535451,N06BA,N06B,N06,N,dextroamphetamine,OK
24338085510,24338-0855-10,1535456,N06BA,N06B,N06,N,dextroamphetamine,OK
24338085010,24338-0850-10,1426251,N06BA,N06B,N06,N,dextroamphetamine,OK
24338085610,24338-0856-10,1535472,N06BA,N06B,N06,N,dextroamphetamine,OK
24338015501,24338-0155-01,2698574,L01EA,L01E,L01,L,nilotinib,OK
24470091912,24470-0919-12,197718,D07AC,D07A,D07,D,flurandrenolide,OK
24338020016,24338-0200-16,1423773,C08CA,C08C,C08,C,nimodipine,OK
24338008014,24338-0080-14,1792391,J01MA,J01M,J01,J,ciprofloxacin,OK
24478014803,24478-0148-03,2690735,C02AC,C02A,C02,C,clonidine,OK
24470092112,24470-0921-12,197719,D07AC,D07A,D07,D,flurandrenolide,OK
24979024507,24979-0245-07,152414,C07AB,C07A,C07,C,atenolol,OK
24338085210,24338-0852-10,1426253,N06BA,N06B,N06,N,dextroamphetamine,OK
25021011382,25021-0113-82,1721315,D01AC,D01A,D01,D,fluconazole,OK
27437010706,27437-0107-06,1442165,C10AB,C10A,C10,C,fenofibrate,OK
24979024607,24979-0246-07,201322,C07AB,C07A,C07,C,atenolol,OK
27437020311,27437-0203-11,,,,,,,NDC_NOT_FOUND
25208020009,25208-0200-09,,,,,,,NDC_NOT_FOUND
24478014804,24478-0148-04,2690735,C02AC,C02A,C02,C,clonidine,OK
27437020511,27437-0205-11,,,,,,,NDC_NOT_FOUND
27437010806,27437-0108-06,1442170,C10AB,C10A,C10,C,fenofibrate,OK
27437020702,27437-0207-02,,,,,,,NDC_NOT_FOUND
25021011387,25021-0113-87,1721314,D01AC,D01A,D01,D,fluconazole,OK
27437020603,27437-0206-03,,,,,,,NDC_NOT_FOUND
25021045201,25021-0452-01,312069,H01CB,H01C,H01,H,octreotide,OK
27437020808,27437-0208-08,,,,,,,NDC_NOT_FOUND
27505000401,27505-0004-01,855858,G04BE,G04B,G04,G,apomorphine,OK
24979024407,24979-0244-07,150750,C07AB,C07A,C07,C,atenolol,OK
27505000605,27505-0006-05,2705796,G04BE,G04B,G04,G,apomorphine,OK
27505009060,27505-0090-60,,,,,,,NDC_NOT_FOUND
27505005096,27505-0050-96,2046597,N07BC,N07B,N07,N,lofexidine,OK
27505010201,27505-0102-01,,,,,,,NDC_NOT_FOUND
28595053060,28595-0530-60,,,,,,,NDC_NOT_FOUND
27505010101,27505-0101-01,201337,C07AA,C07A,C07,C,nadolol,OK
27437020811,27437-0208-11,1372999,J01DD,J01D,J01,J,cefixime,OK
30698027701,30698-0277-01,,,,,,,NDC_NOT_FOUND
27505010001,27505-0100-01,206961,C07AA,C07A,C07,C,nadolol,OK
27808010201,27808-0102-01,1720592,N06BA,N06B,N06,N,amphetamine,OK
31722010901,31722-0109-01,1860157,N02AA,N02A,N02,N,oxycodone,OK
30698045501,30698-0455-01,2699618,N06AX,N06A,N06,N,trazodone,OK
31722003947,31722-0039-47,1423767,C08CA,C08C,C08,C,nimodipine,OK
30698046001,30698-0460-01,2723027,C07AB,C07A,C07,C,metoprolol,OK
28595070536,28595-0705-36,1799434,C01DA,C01D,C01,C,nitroglycerin,OK
31722051660,31722-0516-60,313108,J05AF,J05A,J05,J,stavudine,OK
31722030132,31722-0301-32,1859498,B02BX,B02B,B02,B,eltrombopag,OK
31722084130,31722-0841-30,1245001,B02BX,B02B,B02,B,eltrombopag,OK
31722051860,31722-0518-60,313110,J05AF,J05A,J05,J,stavudine,OK
31722051760,31722-0517-60,313109,J05AF,J05A,J05,J,stavudine,OK
31722051560,31722-0515-60,313107,J05AF,J05A,J05,J,stavudine,OK
31722084230,31722-0842-30,825421,B02BX,B02B,B02,B,eltrombopag,OK
31722084430,31722-0844-30,884617,B02BX,B02B,B02,B,eltrombopag,OK
39822061702,39822-0617-02,,,,,,,NDC_NOT_FOUND
31722084330,31722-0843-30,825427,B02BX,B02B,B02,B,eltrombopag,OK
31722011001,31722-0110-01,1860129,N02AA,N02A,N02,N,oxycodone,OK
40076003100,40076-0031-00,,,,,,,NDC_NOT_FOUND
40076071530,40076-0715-30,,,,,,,NDC_NOT_FOUND
40076041530,40076-0415-30,,,,,,,NDC_NOT_FOUND
31722030032,31722-0300-32,2058980,B02BX,B02B,B02,B,eltrombopag,OK
40076006150,40076-0061-50,,,,,,,NDC_NOT_FOUND
40076099155,40076-0991-55,,,,,,,NDC_NOT_FOUND
40085022012,40085-0220-12,,,,,,,NDC_NOT_FOUND
40076023060,40076-0230-60,,,,,,,NDC_NOT_FOUND
36000000124,36000-0001-24,311683,A01AB,A01A,A01,A,metronidazole,OK
42023012501,42023-0125-01,,,,,,,NDC_NOT_FOUND
40085071645,40085-0716-45,,,,,,,NDC_NOT_FOUND
42195010090,42195-0100-90,858116,M01AE,M01A,M01,M,fenoprofen,OK
42195012707,42195-0127-07,2118835,A01AC,A01A,A01,A,dexamethasone,OK
42195014912,42195-0149-12,1998481,A01AC,A01A,A01,A,dexamethasone,OK
42195012106,42195-0121-06,1998482,A01AC,A01A,A01,A,dexamethasone,OK
42195042530,42195-0425-30,2377367,C08CA,C08C,C08,C,levamlodipine,OK
40076005150,40076-0051-50,,,,,,,NDC_NOT_FOUND
42211020129,42211-0201-29,,,,,,,NDC_NOT_FOUND
42211010111,42211-0101-11,206971,C01EB,C01E,C01,C,indomethacin,OK
42195084010,42195-0840-10,1596108,N02BE,N02B,N02,N,acetaminophen,OK
42211020229,42211-0202-29,,,,,,,NDC_NOT_FOUND
40076094555,40076-0945-55,,,,,,,NDC_NOT_FOUND
42211020429,42211-0204-29,,,,,,,NDC_NOT_FOUND
42211020623,42211-0206-23,,,,,,,NDC_NOT_FOUND
42358010032,42358-0100-32,,,,,,,NDC_NOT_FOUND
42211020329,42211-0203-29,1442122,D11AX,D11A,D11,D,diclofenac,OK
42358020032,42358-0200-32,,,,,,,NDC_NOT_FOUND
42227008101,42227-0081-01,809871,B06AC,B06A,B06,B,C1 esterase inhibitor (human),OK
42358010210,42358-0102-10,197873,,,,,,NO_ATC
42211020523,42211-0205-23,1722355,M01AC,M01A,M01,M,meloxicam,OK
42358030032,42358-0300-32,1053657,N01AH,N01A,N01,N,fentanyl,OK
42358060032,42358-0600-32,,,,,,,NDC_NOT_FOUND
42358040032,42358-0400-32,,,,,,,NDC_NOT_FOUND
42358010310,42358-0103-10,2058845,,,,,,NO_ATC
42457042001,42457-0420-01,1928941,A16AA,A16A,A16,A,glutamine,OK
42195045030,42195-0450-30,2377371,C08CA,C08C,C08,C,levamlodipine,OK
42515000101,42515-0001-01,,,,,,,NDC_NOT_FOUND
42543014050,42543-0140-50,197787,A01AC,A01A,A01,A,hydrocortisone,OK
42543043401,42543-0434-01,730794,M03BA,M03B,M03,M,carisoprodol,OK
42543014101,42543-0141-01,197782,A01AC,A01A,A01,A,hydrocortisone,OK
42358080032,42358-0800-32,,,,,,,NDC_NOT_FOUND
42494040901,42494-0409-01,889614,N05BA,N05B,N05,N,chlordiazepoxide,OK
42457000184,42457-0001-84,,,,,,,NDC_NOT_FOUND
42998050303,42998-0503-03,1870952,H02AB,H02A,H02,H,deflazacort,OK
42998050101,42998-0501-01,1870950,H02AB,H02A,H02,H,deflazacort,OK
42747072601,42747-0726-01,807263,,,,,,NO_ATC
42658011503,42658-0115-03,1116635,B01AC,B01A,B01,B,ticagrelor,OK
42543014201,42543-0142-01,197783,A01AC,A01A,A01,A,hydrocortisone,OK
42998050203,42998-0502-03,1870956,H02AB,H02A,H02,H,deflazacort,OK
42858070201,42858-0702-01,259079,,,,,,NO_ATC
43386044024,43386-0440-24,,,,,,,NDC_NOT_FOUND
43386028101,43386-0281-01,801966,N05BA,N05B,N05,N,diazepam,OK
42998050403,42998-0504-03,1870960,H02AB,H02A,H02,H,deflazacort,OK
42998050521,42998-0505-21,1870968,H02AB,H02A,H02,H,deflazacort,OK
43068061009,43068-0610-09,2532351,L04AE,L04A,L04,L,ponesimod,OK
43386028001,43386-0280-01,801961,N05BA,N05B,N05,N,diazepam,OK
43068062001,43068-0620-01,2532320,L04AE,L04A,L04,L,ponesimod,OK
42543005263,42543-0052-63,646456,A07AA,A07A,A07,A,nystatin,OK
43538092060,43538-0920-60,1191313,C05AA,C05A,C05,C,fluocinolone acetonide,OK
43538054090,43538-0540-90,351380,D01AE,D01A,D01,D,ciclopirox,OK
43538062030,43538-0620-30,1798276,A01AB,A01A,A01,A,doxycycline,OK
43538097060,43538-0970-60,2121410,D07AC,D07A,D07,D,fluticasone,OK
43598074904,43598-0749-04,1486687,A16AX,A16A,A16,A,sapropterin,OK
43386049001,43386-0490-01,1049635,N02BE,N02B,N02,N,acetaminophen,OK
43538030030,43538-0300-30,404070,D06AX,D06A,D06,D,mupirocin,OK
43975024303,43975-0243-03,996603,N06DX,N06D,N06,N,memantine,OK
43975024203,43975-0242-03,996615,N06DX,N06D,N06,N,memantine,OK
43528000301,43528-0003-01,2050059,,,,,,NO_ATC
43975030710,43975-0307-10,1437968,L01AA,L01A,L01,L,cyclophosphamide,OK
43975026403,43975-0264-03,996594,N06DX,N06D,N06,N,memantine,OK
43975030810,43975-0308-10,1437969,L01AA,L01A,L01,L,cyclophosphamide,OK
43975031008,43975-0310-08,401938,A16AX,A16A,A16,A,miglustat,OK
44087001601,44087-0016-01,897044,H01AC,H01A,H01,H,somatropin,OK
43547065510,43547-0655-10,313447,N06AF,N06A,N06,N,tranylcypromine,OK
43975030910,43975-0309-10,198070,M01CC,M01C,M01,M,penicillamine,OK
44087338807,44087-3388-07,582984,H01AC,H01A,H01,H,somatropin,OK
44118071115,44118-0711-15,,,,,,,NDC_NOT_FOUND
45802002683,45802-0026-83,1797883,R01AC,R01A,R01,R,azelastine,OK
43598001251,43598-0012-51,617333,J01CA,J01C,J01,J,amoxicillin,OK
44567031201,44567-0312-01,863538,J01CE,J01C,J01,J,penicillin G,OK
44118071060,44118-0710-60,2567330,D07AB,D07A,D07,D,desonide,OK
45802031575,45802-0315-75,,,,,,,NDC_NOT_FOUND
44206041706,44206-0417-06,,,,,,,NDC_NOT_FOUND
47335000288,47335-0002-88,810090,N04BX,N04B,N04,N,entacapone,OK
45802044075,45802-0440-75,312255,D06BB,D06B,D06,D,penciclovir,OK
45802070694,45802-0706-94,314268,D05AX,D05A,D05,D,tazarotene,OK
47335000588,47335-0005-88,403852,N04BX,N04B,N04,N,entacapone,OK
45802013275,45802-0132-75,,,,,,,NDC_NOT_FOUND
44087108801,44087-1088-01,796918,H01AC,H01A,H01,H,somatropin,OK
45802075439,45802-0754-39,,,,,,,NDC_NOT_FOUND
45802075465,45802-0754-65,,,,,,,NDC_NOT_FOUND
45802071100,45802-0711-00,402000,N02CC,N02C,N02,N,zolmitriptan,OK
47781013830,47781-0138-30,,,,,,,NDC_NOT_FOUND
47781029903,47781-0299-03,486146,C01DA,C01D,C01,C,nitroglycerin,OK
47781033331,47781-0333-31,197558,D10AX,D10A,D10,D,dapsone,OK
47335078891,47335-0788-91,849506,H01BA,H01B,H01,H,desmopressin,OK
47781045968,47781-0459-68,,,,,,,NDC_NOT_FOUND
47781031730,47781-0317-30,1095712,J05AG,J05A,J05,J,nevirapine,OK
47781029703,47781-0297-03,486148,C01DA,C01D,C01,C,nitroglycerin,OK
47781053372,47781-0533-72,,,,,,,NDC_NOT_FOUND
47781033431,47781-0334-31,197557,D10AX,D10A,D10,D,dapsone,OK
47781046068,47781-0460-68,,,,,,,NDC_NOT_FOUND
47781010830,47781-0108-30,310261,L02BG,L02B,L02,L,exemestane,OK
47781061307,47781-0613-07,828755,J02AX,J02A,J02,J,caspofungin,OK
47781013930,47781-0139-30,608328,N04BD,N04B,N04,N,rasagiline,OK
47781061407,47781-0614-07,828539,J02AX,J02A,J02,J,caspofungin,OK
47781062801,47781-0628-01,197426,N02BE,N02B,N02,N,acetaminophen,OK
49230064331,49230-0643-31,1099808,V03AE,V03A,V03,V,calcium acetate,OK
47781029803,47781-0298-03,486152,C01DA,C01D,C01,C,nitroglycerin,OK
49281040089,49281-0400-89,1300191,J07AF,J07A,J07,J,"diphtheria toxoid vaccine, inactivated",OK
49281021558,49281-0215-58,1190916,J07AF,J07A,J07,J,"diphtheria toxoid vaccine, inactivated",OK
49281025051,49281-0250-51,830470,,,,,,NO_ATC
49281051005,49281-0510-05,805375,J07AF,J07A,J07,J,"diphtheria toxoid vaccine, inactivated",OK
47781085289,47781-0852-89,2716408,H05AA,H05A,H05,H,teriparatide,OK
49281091568,49281-0915-68,1292828,,,,,,NO_ATC
49281028658,49281-0286-58,1300310,J07AF,J07A,J07,J,"diphtheria toxoid vaccine, inactivated",OK
49281059058,49281-0590-58,2360588,,,,,,NO_ATC
49281056458,49281-0564-58,1607808,J07AF,J07A,J07,J,"diphtheria toxoid vaccine, inactivated",OK
49502034624,49502-0346-24,1374574,J01GB,J01G,J01,J,tobramycin,OK
49281021588,49281-0215-88,1190916,J07AF,J07A,J07,J,"diphtheria toxoid vaccine, inactivated",OK
49702020924,49702-0209-24,,,,,,,NDC_NOT_FOUND
49502010201,49502-0102-01,1870207,A01AD,A01A,A01,A,epinephrine,OK
49502019580,49502-0195-80,2377134,A10AE,A10A,A10,A,insulin glargine,OK
49502019675,49502-0196-75,2377231,A10AE,A10A,A10,A,insulin glargine,OK
49502010101,49502-0101-01,727316,A01AD,A01A,A01,A,epinephrine,OK
49502080632,49502-0806-32,2102784,R03BB,R03B,R03,R,revefenacin,OK
49702022517,49702-0225-17,,,,,,,NDC_NOT_FOUND
49702022118,49702-0221-18,213460,J05AF,J05A,J05,J,abacavir,OK
49884005401,49884-0054-01,197808,,,,,,NO_ATC
49884025409,49884-0254-09,,,,,,,NDC_NOT_FOUND
49884025901,49884-0259-01,,,,,,,NDC_NOT_FOUND
49884005601,49884-0056-01,197809,,,,,,NO_ATC
49884023069,49884-0230-69,577154,G03AC,G03A,G03,G,megestrol,OK
49884025801,49884-0258-01,,,,,,,NDC_NOT_FOUND
49884022811,49884-0228-11,,,,,,,NDC_NOT_FOUND
49884027601,49884-0276-01,,,,,,,NDC_NOT_FOUND
49884057511,49884-0575-11,,,,,,,NDC_NOT_FOUND
49884057411,49884-0574-11,,,,,,,NDC_NOT_FOUND
49884057611,49884-0576-11,,,,,,,NDC_NOT_FOUND
49884057711,49884-0577-11,,,,,,,NDC_NOT_FOUND
49502053735,49502-0537-35,2462149,D07AD,D07A,D07,D,clobetasol,OK
49884059002,49884-0590-02,211776,R03DC,R03D,R03,R,zafirlukast,OK
49884058902,49884-0589-02,261313,R03DC,R03D,R03,R,zafirlukast,OK
49884064001,49884-0640-01,197942,H03BB,H03B,H03,H,methimazole,OK
49281056488,49281-0564-88,2593121,J07AF,J07A,J07,J,"diphtheria toxoid vaccine, inactivated",OK
49884086802,49884-0868-02,,,,,,,NDC_NOT_FOUND
49884086702,49884-0867-02,,,,,,,NDC_NOT_FOUND
49884030502,49884-0305-02,728207,A01AB,A01A,A01,A,doxycycline,OK
49884086902,49884-0869-02,,,,,,,NDC_NOT_FOUND
49938011001,49938-0110-01,,,,,,,NDC_NOT_FOUND
49708052188,49708-0521-88,856605,J05AC,J05A,J05,J,rimantadine,OK
49884075313,49884-0753-13,,,,,,,NDC_NOT_FOUND
50102012803,50102-0128-03,1550536,B03AA,B03A,B03,B,ferrous fumarate,OK
50102012003,50102-0120-03,1440185,G03AA,G03A,G03,G,ethinyl estradiol / levonorgestrel,OK
50102015403,50102-0154-03,1660690,G03AC,G03A,G03,G,desogestrel,OK
49938010704,49938-0107-04,212381,J04AA,J04A,J04,J,aminosalicylic acid,OK
50102025421,50102-0254-21,1660690,G03AC,G03A,G03,G,desogestrel,OK
49884035852,49884-0358-52,250820,N03AG,N03A,N03,N,vigabatrin,OK
50111048201,50111-0482-01,,,,,,,NDC_NOT_FOUND
50111044101,50111-0441-01,,,,,,,NDC_NOT_FOUND
50111048301,50111-0483-01,,,,,,,NDC_NOT_FOUND
50111043401,50111-0434-01,,,,,,,NDC_NOT_FOUND
50222026012,50222-0260-12,108959,D05AX,D05A,D05,D,calcipotriene,OK
50222026006,50222-0260-06,,,,,,,NDC_NOT_FOUND
50102010003,50102-0100-03,1430383,G03AC,G03A,G03,G,norethindrone,OK
50102012001,50102-0120-01,1440185,G03AA,G03A,G03,G,ethinyl estradiol / levonorgestrel,OK
50111043301,50111-0433-01,313449,,,,,,NO_ATC
50222050460,50222-0504-60,,,,,,,NDC_NOT_FOUND
50222050247,50222-0502-47,,,,,,,NDC_NOT_FOUND
49884098501,49884-0985-01,311919,A10BX,A10B,A10,A,nateglinide,OK
50222022781,50222-0227-81,833472,A07EA,A07E,A07,A,betamethasone,OK
50242020201,50242-0202-01,2705369,M09AX,M09A,M09,M,risdiplam,OK
50242086002,50242-0860-02,2100100,J05AX,J05A,J05,J,baloxavir marboxil,OK
50242008408,50242-0084-08,2695433,L01EM,L01E,L01,L,inavolisib,OK
50242007908,50242-0079-08,2695437,L01EM,L01E,L01,L,inavolisib,OK
50242012205,50242-0122-05,1868016,L04AX,L04A,L04,L,pirfenidone,OK
50383005008,50383-0050-08,,,,,,,NDC_NOT_FOUND
50383007916,50383-0079-16,,,,,,,NDC_NOT_FOUND
50383023210,50383-0232-10,310015,S01EC,S01E,S01,S,dorzolamide,OK
50383004248,50383-0042-48,,,,,,,NDC_NOT_FOUND
50222050347,50222-0503-47,,,,,,,NDC_NOT_FOUND
50383026860,50383-0268-60,,,,,,,NDC_NOT_FOUND
50383004004,50383-0040-04,312614,A01AC,A01A,A01,A,prednisolone,OK
50383017290,50383-0172-90,197448,A16AA,A16A,A16,A,levocarnitine,OK
50383028604,50383-0286-04,,,,,,,NDC_NOT_FOUND
50383028616,50383-0286-16,,,,,,,NDC_NOT_FOUND
50383024971,50383-0249-71,578018,S01BC,S01B,S01,S,bromfenac,OK
50383026505,50383-0265-05,311382,,,,,,NO_ATC
50383023310,50383-0233-10,1923432,C07AA,C07A,C07,C,timolol,OK
50383073202,50383-0732-02,,,,,,,NDC_NOT_FOUND
50242082802,50242-0828-02,2100099,J05AX,J05A,J05,J,baloxavir marboxil,OK
50383074016,50383-0740-16,,,,,,,NDC_NOT_FOUND
50383080116,50383-0801-16,,,,,,,NDC_NOT_FOUND
50383066730,50383-0667-30,197877,C01BB,C01B,C01,C,lidocaine,OK
50383031147,50383-0311-47,283523,N02BF,N02B,N02,N,gabapentin,OK
50383074120,50383-0741-20,197315,,,,,,NO_ATC
50383090110,50383-0901-10,,,,,,,NDC_NOT_FOUND
50383096608,50383-0966-08,,,,,,,NDC_NOT_FOUND
50383080216,50383-0802-16,1248057,C01CA,C01C,C01,C,phenylephrine,OK
50383088915,50383-0889-15,,,,,,,NDC_NOT_FOUND
50419082806,50419-0828-06,,,,,,,NDC_NOT_FOUND
50383026510,50383-0265-10,311382,,,,,,NO_ATC
50419086151,50419-0861-51,209247,A10BF,A10B,A10,A,acarbose,OK
50419082502,50419-0825-02,,,,,,,NDC_NOT_FOUND
50458009405,50458-0094-05,,,,,,,NDC_NOT_FOUND
50458009005,50458-0090-05,,,,,,,NDC_NOT_FOUND
50458010205,50458-0102-05,,,,,,,ERROR
50419086251,50419-0862-51,209248,A10BF,A10B,A10,A,acarbose,OK
50458010105,50458-0101-05,,,,,,,NDC_NOT_FOUND
50419053001,50419-0530-01,261339,J01MA,J01M,J01,J,moxifloxacin,OK
50458009205,50458-0092-05,,,,,,,NDC_NOT_FOUND
50458010405,50458-0104-05,,,,,,,NDC_NOT_FOUND
50458017606,50458-0176-06,,,,,,,NDC_NOT_FOUND
50458009305,50458-0093-05,,,,,,,NDC_NOT_FOUND
50458017628,50458-0176-28,,,,,,,NDC_NOT_FOUND
50458017806,50458-0178-06,,,,,,,NDC_NOT_FOUND
50458010505,50458-0105-05,,,,,,,NDC_NOT_FOUND
50458019106,50458-0191-06,,,,,,,NDC_NOT_FOUND
50458019406,50458-0194-06,,,,,,,NDC_NOT_FOUND
50458025128,50458-0251-28,,,,,,,NDC_NOT_FOUND
50458017828,50458-0178-28,,,,,,,NDC_NOT_FOUND
50458025106,50458-0251-06,,,,,,,NDC_NOT_FOUND
50458010605,50458-0106-05,,,,,,,NDC_NOT_FOUND
50458025501,50458-0255-01,,,,,,,ERROR
50458033050,50458-0330-50,,,,,,,NDC_NOT_FOUND
50458030150,50458-0301-50,,,,,,,NDC_NOT_FOUND
50419086351,50419-0863-51,213170,A10BF,A10B,A10,A,acarbose,OK
50419082901,50419-0829-01,,,,,,,NDC_NOT_FOUND
50458034160,50458-0341-60,,,,,,,NDC_NOT_FOUND
50458034360,50458-0343-60,,,,,,,NDC_NOT_FOUND
50458034660,50458-0346-60,,,,,,,NDC_NOT_FOUND
50458034260,50458-0342-60,,,,,,,NDC_NOT_FOUND
50458019706,50458-0197-06,,,,,,,NDC_NOT_FOUND
50458038930,50458-0389-30,583129,,,,,,NO_ATC
50458039660,50458-0396-60,,,,,,,NDC_NOT_FOUND
50458038830,50458-0388-30,,,,,,,NDC_NOT_FOUND
50458038730,50458-0387-30,583132,,,,,,NO_ATC
50458030050,50458-0300-50,,,,,,,NDC_NOT_FOUND
50458030250,50458-0302-50,,,,,,,NDC_NOT_FOUND
50458051360,50458-0513-60,,,,,,,NDC_NOT_FOUND
50458051560,50458-0515-60,,,,,,,NDC_NOT_FOUND
50458039860,50458-0398-60,,,,,,,NDC_NOT_FOUND
50458068008,50458-0680-08,,,,,,,NDC_NOT_FOUND
50458081001,50458-0810-01,,,,,,,NDC_NOT_FOUND
50458065960,50458-0659-60,,,,,,,NDC_NOT_FOUND
50458034760,50458-0347-60,,,,,,,NDC_NOT_FOUND
50458055401,50458-0554-01,866105,N05AX,N05A,N05,N,paliperidone,OK
50458065060,50458-0650-60,,,,,,,NDC_NOT_FOUND
50458093020,50458-0930-20,,,,,,,NDC_NOT_FOUND
50458039760,50458-0397-60,,,,,,,NDC_NOT_FOUND
50458051570,50458-0515-70,,,,,,,NDC_NOT_FOUND
50474078378,50474-0783-78,2699124,L04AC,L04A,L04,L,bimekizumab,OK
50474078284,50474-0782-84,2699122,L04AC,L04A,L04,L,bimekizumab,OK
50742028530,50742-0285-30,2709679,C03BA,C03B,C03,C,chlorthalidone,OK
50742025601,50742-0256-01,994226,A01AD,A01A,A01,A,aspirin,OK
50458080501,50458-0805-01,863638,G04BD,G04B,G04,G,oxybutynin,OK
50458092550,50458-0925-50,,,,,,,NDC_NOT_FOUND
51021033360,51021-0333-60,,,,,,,NDC_NOT_FOUND
50742035401,50742-0354-01,142113,R05CB,R05C,R05,R,mesna,OK
50742030450,50742-0304-50,861353,D07AD,D07A,D07,D,clobetasol,OK
51079062381,51079-0623-81,201185,D06BA,D06B,D06,D,mafenide,OK
51167013501,51167-0135-01,2701450,R07AX,R07A,R07,R,deutivacaftor / tezacaftor / vanzacaftor,OK
51167012101,51167-0121-01,2701444,R07AX,R07A,R07,R,deutivacaftor / tezacaftor / vanzacaftor,OK
50632001802,50632-0018-02,2707132,,,,,,NO_ATC
51285020401,51285-0204-01,,,,,,,NDC_NOT_FOUND
51079062485,51079-0624-85,,,,,,,NDC_NOT_FOUND
51224030110,51224-0301-10,904447,M05BA,M05B,M05,M,alendronic acid,OK
51285009287,51285-0092-87,810096,G03AA,G03A,G03,G,ethinyl estradiol / levonorgestrel,OK
51285053802,51285-0538-02,,,,,,,NDC_NOT_FOUND
51285008787,51285-0087-87,749761,G03AA,G03A,G03,G,ethinyl estradiol / levonorgestrel,OK
51285052302,51285-0523-02,,,,,,,NDC_NOT_FOUND
51167054830,51167-0548-30,2704839,,,,,,NO_ATC
51285069202,51285-0692-02,,,,,,,NDC_NOT_FOUND
51285069002,51285-0690-02,,,,,,,NDC_NOT_FOUND
51285053902,51285-0539-02,,,,,,,NDC_NOT_FOUND
51285052402,51285-0524-02,,,,,,,NDC_NOT_FOUND
51285055402,51285-0554-02,,,,,,,NDC_NOT_FOUND
51525683104,51525-6831-04,904158,B05CB,B05C,B05,B,sodium bicarbonate,OK
51660057286,51660-0572-86,1538130,G03AA,G03A,G03,G,ethinyl estradiol / levonorgestrel,OK
51660012786,51660-0127-86,1495092,G03AC,G03A,G03,G,norethindrone,OK
51285069702,51285-0697-02,,,,,,,NDC_NOT_FOUND
51660099530,51660-0995-30,866905,C10AC,C10A,C10,C,colesevelam,OK
51759038622,51759-0386-22,2688823,L04AB,L04A,L04,L,adalimumab,OK
51672530703,51672-5307-03,1741905,D10AX,D10A,D10,D,dapsone,OK
51285069102,51285-0691-02,,,,,,,NDC_NOT_FOUND
51672421108,51672-4211-08,1246673,D11AX,D11A,D11,D,ivermectin,OK
50991057901,50991-0579-01,859317,N02AJ,N02A,N02,N,hydrocodone / ibuprofen,OK
51759027417,51759-0274-17,2706645,L04AB,L04A,L04,L,adalimumab,OK
51862001206,51862-0012-06,,,,,,,NDC_NOT_FOUND
51862000560,51862-0005-60,310005,C01BD,C01B,C01,C,dofetilide,OK
51759060732,51759-0607-32,2705401,L04AC,L04A,L04,L,ustekinumab,OK
51862000706,51862-0007-06,,,,,,,NDC_NOT_FOUND
51759052321,51759-0523-21,2688829,L04AB,L04A,L04,L,adalimumab,OK
51759050532,51759-0505-32,2705398,L04AC,L04A,L04,L,ustekinumab,OK
51862004101,51862-0041-01,,,,,,,NDC_NOT_FOUND
51862007001,51862-0070-01,,,,,,,NDC_NOT_FOUND
51862010006,51862-0100-06,,,,,,,NDC_NOT_FOUND
51862004591,51862-0045-91,,,,,,,NDC_NOT_FOUND
51862003603,51862-0036-03,1011081,G03AC,G03A,G03,G,drospirenone,OK
51862004791,51862-0047-91,1112687,G03AA,G03A,G03,G,ethinyl estradiol / levonorgestrel,OK
51862010206,51862-0102-06,,,,,,,NDC_NOT_FOUND
51759041222,51759-0412-22,2688827,L04AB,L04A,L04,L,adalimumab,OK
51862019460,51862-0194-60,,,,,,,NDC_NOT_FOUND
51862014801,51862-0148-01,2622921,G03AC,G03A,G03,G,etonogestrel,OK
51672530708,51672-5307-08,1741905,D10AX,D10A,D10,D,dapsone,OK
51862026201,51862-0262-01,,,,,,,NDC_NOT_FOUND
51862002560,51862-0025-60,310004,C01BD,C01B,C01,C,dofetilide,OK
51862026301,51862-0263-01,,,,,,,NDC_NOT_FOUND
51862015860,51862-0158-60,197720,D07AC,D07A,D07,D,flurandrenolide,OK
51862012560,51862-0125-60,310003,C01BD,C01B,C01,C,dofetilide,OK
51862026006,51862-0260-06,,,,,,,NDC_NOT_FOUND
51862026730,51862-0267-30,,,,,,,NDC_NOT_FOUND
51862029206,51862-0292-06,,,,,,,NDC_NOT_FOUND
51862023803,51862-0238-03,834768,G03AC,G03A,G03,G,desogestrel,OK
51862026501,51862-0265-01,,,,,,,NDC_NOT_FOUND
51862027906,51862-0279-06,,,,,,,NDC_NOT_FOUND
51862028403,51862-0284-03,1359134,B03AA,B03A,B03,B,ferrous fumarate,OK
51862004701,51862-0047-01,1112687,G03AA,G03A,G03,G,ethinyl estradiol / levonorgestrel,OK
51862031803,51862-0318-03,,,,,,,NDC_NOT_FOUND
51862044760,51862-0447-60,,,,,,,NDC_NOT_FOUND
51862047001,51862-0470-01,,,,,,,NDC_NOT_FOUND
51862029550,51862-0295-50,1293456,D05AX,D05A,D05,D,tazarotene,OK
51862037660,51862-0376-60,1020039,D05AX,D05A,D05,D,calcipotriene,OK
51862034001,51862-0340-01,1088936,M03BB,M03B,M03,M,chlorzoxazone,OK
51862044630,51862-0446-30,313195,L02BA,L02B,L02,L,tamoxifen,OK
51862034590,51862-0345-90,884520,N06BA,N06B,N06,N,dextroamphetamine,OK
51862055712,51862-0557-12,1653435,A01AB,A01A,A01,A,doxycycline,OK
51862026401,51862-0264-01,,,,,,,NDC_NOT_FOUND
51862051001,51862-0510-01,748865,G03AA,G03A,G03,G,ethinyl estradiol / levonorgestrel,OK
51862055930,51862-0559-30,1801140,A01AB,A01A,A01,A,doxycycline,OK
51862053801,51862-0538-01,1249617,N02BE,N02B,N02,N,acetaminophen,OK
51862058705,51862-0587-05,,,,,,,NDC_NOT_FOUND
51862055806,51862-0558-06,1423082,A01AB,A01A,A01,A,doxycycline,OK
51862058501,51862-0585-01,,,,,,,NDC_NOT_FOUND
51991061250,51991-0612-50,1091133,N06BA,N06B,N06,N,methylphenidate,OK
51991061150,51991-0611-50,1091341,N06BA,N06B,N06,N,methylphenidate,OK
51862056401,51862-0564-01,750244,G03CA,G03C,G03,G,ethinyl estradiol,OK
51862047101,51862-0471-01,749148,G03AA,G03A,G03,G,ethinyl estradiol / norethindrone,OK
51991064233,51991-0642-33,199119,A02BC,A02B,A02,A,omeprazole,OK
51991071250,51991-0712-50,1091341,N06BA,N06B,N06,N,methylphenidate,OK
51991077290,51991-0772-90,311277,A02BC,A02B,A02,A,lansoprazole,OK
51991079606,51991-0796-06,312836,N06DA,N06D,N06,N,rivastigmine,OK
51991077133,51991-0771-33,596843,A02BC,A02B,A02,A,lansoprazole,OK
51991083933,51991-0839-33,829500,M01AG,M01A,M01,M,mefenamic acid,OK
51991079406,51991-0794-06,312835,N06DA,N06D,N06,N,rivastigmine,OK
51862058505,51862-0585-05,,,,,,,NDC_NOT_FOUND
51991071350,51991-0713-50,1091133,N06BA,N06B,N06,N,methylphenidate,OK
51991079506,51991-0795-06,314215,N06DA,N06D,N06,N,rivastigmine,OK
51862058601,51862-0586-01,,,,,,,NDC_NOT_FOUND
52054051209,52054-0512-09,,,,,,,NDC_NOT_FOUND
51991090101,51991-0901-01,246172,N05BA,N05B,N05,N,clobazam,OK
52054051409,52054-0514-09,,,,,,,NDC_NOT_FOUND
52054055022,52054-0550-22,,,,,,,NDC_NOT_FOUND
51991093317,51991-0933-17,1876502,N05AD,N05A,N05,N,haloperidol,OK
52244040410,52244-0404-10,,,,,,,NDC_NOT_FOUND
52054051309,52054-0513-09,,,,,,,NDC_NOT_FOUND
52244003060,52244-0030-60,,,,,,,NDC_NOT_FOUND
52246040030,52246-0400-30,,,,,,,NDC_NOT_FOUND
51991085401,51991-0854-01,200256,A10BX,A10B,A10,A,repaglinide,OK
51991083801,51991-0838-01,866144,R06AX,R06A,R06,R,cyproheptadine,OK
52427049501,52427-0495-01,,,,,,,NDC_NOT_FOUND
52427049601,52427-0496-01,,,,,,,NDC_NOT_FOUND
52427049401,52427-0494-01,,,,,,,NDC_NOT_FOUND
52268070001,52268-0700-01,,,,,,,NDC_NOT_FOUND
51991085501,51991-0855-01,200258,A10BX,A10B,A10,A,repaglinide,OK
52268040001,52268-0400-01,,,,,,,NDC_NOT_FOUND
52536048637,52536-0486-37,897590,C08DA,C08D,C08,C,verapamil,OK
52544001160,52544-0011-60,,,,,,,NDC_NOT_FOUND
52544003260,52544-0032-60,,,,,,,NDC_NOT_FOUND
52536008014,52536-0080-14,1792386,J01MA,J01M,J01,J,ciprofloxacin,OK
52544006360,52544-0063-60,,,,,,,NDC_NOT_FOUND
52536005910,52536-0059-10,1600695,N06BA,N06B,N06,N,amphetamine,OK
52536005710,52536-0057-10,884655,N06BA,N06B,N06,N,amphetamine,OK
52544021160,52544-0211-60,,,,,,,NDC_NOT_FOUND
52544020431,52544-0204-31,,,,,,,NDC_NOT_FOUND
52544024728,52544-0247-28,,,,,,,NDC_NOT_FOUND
52544016460,52544-0164-60,,,,,,,NDC_NOT_FOUND
52544007660,52544-0076-60,,,,,,,NDC_NOT_FOUND
52544005872,52544-0058-72,1421461,B03AA,B03A,B03,B,ferrous fumarate,OK
52544024828,52544-0248-28,,,,,,,NDC_NOT_FOUND
52536048737,52536-0487-37,897596,C08DA,C08D,C08,C,verapamil,OK
52536048537,52536-0485-37,897584,C08DA,C08D,C08,C,verapamil,OK
52544047108,52544-0471-08,,,,,,,NDC_NOT_FOUND
52544089228,52544-0892-28,,,,,,,NDC_NOT_FOUND
52544047308,52544-0473-08,,,,,,,NDC_NOT_FOUND
52544025524,52544-0255-24,,,,,,,NDC_NOT_FOUND
52544084828,52544-0848-28,,,,,,,ERROR
52544095501,52544-0955-01,,,,,,,NDC_NOT_FOUND
52544088408,52544-0884-08,,,,,,,NDC_NOT_FOUND
52544093001,52544-0930-01,,,,,,,NDC_NOT_FOUND
52544062201,52544-0622-01,,,,,,,NDC_NOT_FOUND
52544095601,52544-0956-01,,,,,,,NDC_NOT_FOUND
52544095328,52544-0953-28,,,,,,,NDC_NOT_FOUND
52544096691,52544-0966-91,,,,,,,NDC_NOT_FOUND
52544089660,52544-0896-60,,,,,,,NDC_NOT_FOUND
52565001059,52565-0010-59,1085741,A01AC,A01A,A01,A,triamcinolone,OK
52565001259,52565-0012-59,1191310,C05AA,C05A,C05,C,fluocinolone acetonide,OK
52565000950,52565-0009-50,1010878,C01BB,C01B,C01,C,lidocaine,OK
52565002359,52565-0023-59,848178,A07EA,A07E,A07,A,betamethasone,OK
52565003015,52565-0030-15,197575,D07AC,D07A,D07,D,desoximetasone,OK
52565002285,52565-0022-85,857366,D01AC,D01A,D01,D,econazole,OK
52565003330,52565-0033-30,310152,D10AF,D10A,D10,D,erythromycin,OK
52544047208,52544-0472-08,,,,,,,NDC_NOT_FOUND
52565004215,52565-0042-15,1053697,A01AC,A01A,A01,A,triamcinolone,OK
52565004560,52565-0045-60,141850,D07AC,D07A,D07,D,desoximetasone,OK
52609000601,52609-0006-01,1190357,V03AC,V03A,V03,V,deferiprone,OK
52565000814,52565-0008-14,1543069,C01BB,C01B,C01,C,lidocaine,OK
52565002015,52565-0020-15,1191315,C05AA,C05A,C05,C,fluocinolone acetonide,OK
52565008704,52565-0087-04,1370763,D07AB,D07A,D07,D,hydrocortisone butyrate,OK
52565001760,52565-0017-60,197720,D07AC,D07A,D07,D,flurandrenolide,OK
52565009445,52565-0094-45,1992281,D07AD,D07A,D07,D,clobetasol,OK
52856050521,52856-0505-21,,,,,,,NDC_NOT_FOUND
52817016160,52817-0161-60,895670,N05AH,N05A,N05,N,quetiapine,OK
52817016060,52817-0160-60,853201,N05AH,N05A,N05,N,quetiapine,OK
52609000705,52609-0007-05,2180999,V03AC,V03A,V03,V,deferiprone,OK
53746017901,53746-0179-01,,,,,,,NDC_NOT_FOUND
52565003160,52565-0031-60,1191302,C05AA,C05A,C05,C,fluocinolone acetonide,OK
53746017805,53746-0178-05,311571,,,,,,NO_ATC
52609450207,52609-4502-07,1716268,V03AC,V03A,V03,V,deferiprone,OK
53746025402,53746-0254-02,,,,,,,NDC_NOT_FOUND
54092025410,54092-0254-10,602635,V03AE,V03A,V03,V,lanthanum carbonate,OK
53436001060,53436-0010-60,2692052,,,,,,NO_ATC
53489067707,53489-0677-07,860886,C10AB,C10A,C10,C,fenofibrate,OK
52565008702,52565-0087-02,1370763,D07AB,D07A,D07,D,hydrocortisone butyrate,OK
54092025245,54092-0252-45,477347,V03AE,V03A,V03,V,lanthanum carbonate,OK
54092060601,54092-0606-01,1801840,S01XA,S01X,S01,S,lifitegrast,OK
54436020002,54436-0200-02,2099686,G03BA,G03B,G03,G,testosterone,OK
54436025002,54436-0250-02,2099691,G03BA,G03B,G03,G,testosterone,OK
54482002001,54482-0020-01,1313785,A16AA,A16A,A16,A,cysteamine,OK
54766010245,54766-0102-45,,,,,,,NDC_NOT_FOUND
54436027502,54436-0275-02,2099697,G03BA,G03B,G03,G,testosterone,OK
54766083504,54766-0835-04,,,,,,,NDC_NOT_FOUND
54766020301,54766-0203-01,541664,N06AB,N06A,N06,N,paroxetine,OK
54766090753,54766-0907-53,,,,,,,NDC_NOT_FOUND
54766020401,54766-0204-01,,,,,,,NDC_NOT_FOUND
54838050780,54838-0507-80,311565,,,,,,NO_ATC
54879000308,54879-0003-08,309686,A01AC,A01A,A01,A,dexamethasone,OK
52817016260,52817-0162-60,721791,N05AH,N05A,N05,N,quetiapine,OK
54092025315,54092-0253-15,603122,V03AE,V03A,V03,V,lanthanum carbonate,OK
55111012905,55111-0129-05,,,,,,,NDC_NOT_FOUND
55111012960,55111-0129-60,,,,,,,NDC_NOT_FOUND
55111013030,55111-0130-30,,,,,,,NDC_NOT_FOUND
54766020201,54766-0202-01,541662,N06AB,N06A,N06,N,paroxetine,OK
55111064001,55111-0640-01,197928,N05BC,N05B,N05,N,meprobamate,OK
54838054070,54838-0540-70,309313,N06AB,N06A,N06,N,citalopram,OK
55292030401,55292-0304-01,,,,,,,NDC_NOT_FOUND
54766020101,54766-0201-01,541660,N06AB,N06A,N06,N,paroxetine,OK
55111064101,55111-0641-01,197929,N05BC,N05B,N05,N,meprobamate,OK
55292010401,55292-0104-01,,,,,,,NDC_NOT_FOUND
55111012506,55111-0125-06,199370,J01MA,J01M,J01,J,ciprofloxacin,OK
55292060201,55292-0602-01,,,,,,,NDC_NOT_FOUND
55513011001,55513-0110-01,,,,,,,NDC_NOT_FOUND
55513084102,55513-0841-02,,,,,,,NDC_NOT_FOUND
55292032260,55292-0322-60,2286285,H02CA,H02C,H02,H,osilodrostat,OK
55566250000,55566-2500-00,,,,,,,NDC_NOT_FOUND
55566211002,55566-2110-02,883830,B02AA,B02A,B02,B,tranexamic acid,OK
55566100201,55566-1002-01,2273107,A07EA,A07E,A07,A,budesonide,OK
54879000460,54879-0004-60,197408,A07EA,A07E,A07,A,betamethasone,OK
55566102001,55566-1020-01,2273110,A07EA,A07E,A07,A,budesonide,OK
55566930002,55566-9300-02,,,,,,,NDC_NOT_FOUND
57237002601,57237-0026-01,857166,C09AA,C09A,C09,C,fosinopril,OK
55566670000,55566-6700-00,1991509,A09AB,A09A,A09,A,citric acid,OK
57237002701,57237-0027-01,857174,C09AA,C09A,C09,C,fosinopril,OK
57664060088,57664-0600-88,,,,,,,NDC_NOT_FOUND
55566507001,55566-5070-01,2048722,H01BA,H01B,H01,H,desmopressin,OK
57664005799,57664-0057-99,308135,C08CA,C08C,C08,C,amlodipine,OK
55566240000,55566-2400-00,1604457,,,,,,NO_ATC
54838055170,54838-0551-70,351285,N06AB,N06A,N06,N,escitalopram,OK
57664068488,57664-0684-88,205329,A10BF,A10B,A10,A,miglitol,OK
57664068588,57664-0685-88,205330,A10BF,A10B,A10,A,miglitol,OK
57844015101,57844-0151-01,,,,,,,NDC_NOT_FOUND
57893031060,57893-0310-60,,,,,,,NDC_NOT_FOUND
57664079899,57664-0798-99,999986,C09CA,C09C,C09,C,olmesartan medoxomil,OK
57664080099,57664-0800-99,999991,C09CA,C09C,C09,C,olmesartan medoxomil,OK
57664080083,57664-0800-83,999991,C09CA,C09C,C09,C,olmesartan medoxomil,OK
57664079799,57664-0797-99,999996,C09CA,C09C,C09,C,olmesartan medoxomil,OK
57893031112,57893-0311-12,,,,,,,NDC_NOT_FOUND
57664079999,57664-0799-99,1000001,C09CA,C09C,C09,C,olmesartan medoxomil,OK
57664068688,57664-0686-88,205331,A10BF,A10B,A10,A,miglitol,OK
57894015512,57894-0155-12,1100075,L02BX,L02B,L02,L,abiraterone,OK
57894008060,57894-0080-60,2691162,L01EB,L01E,L01,L,lazertinib,OK
57894044101,57894-0441-01,853355,L04AC,L04A,L04,L,ustekinumab,OK
57894065122,57894-0651-22,2693097,L04AC,L04A,L04,L,guselkumab,OK
57894044001,57894-0440-01,853350,L04AC,L04A,L04,L,ustekinumab,OK
57894065102,57894-0651-02,2693095,L04AC,L04A,L04,L,guselkumab,OK
55566505001,55566-5050-01,2048718,H01BA,H01B,H01,H,desmopressin,OK
57894065104,57894-0651-04,2693095,L04AC,L04A,L04,L,guselkumab,OK
57894024030,57894-0240-30,2691166,L01EB,L01E,L01,L,lazertinib,OK
57894044003,57894-0440-03,1654077,L04AC,L04A,L04,L,ustekinumab,OK
58151007401,58151-0074-01,104367,C02CA,C02C,C02,C,doxazosin,OK
58151012693,58151-0126-93,729929,N06AX,N06A,N06,N,venlafaxine,OK
58151008301,58151-0083-01,213468,L01XX,L01X,L01,L,celecoxib,OK
58151014393,58151-0143-93,402105,C03DA,C03D,C03,C,eplerenone,OK
58151057493,58151-0574-93,212233,N06AB,N06A,N06,N,sertraline,OK
58151024435,58151-0244-35,898718,N02BF,N02B,N02,N,pregabalin,OK
58151024077,58151-0240-77,607020,N02BF,N02B,N02,N,pregabalin,OK
58160081011,58160-0810-11,,,,,,,NDC_NOT_FOUND
58160081201,58160-0812-01,,,,,,,NDC_NOT_FOUND
58160074002,58160-0740-02,2627825,,,,,,NO_ATC
58160082511,58160-0825-11,1658066,,,,,,NO_ATC
58151011001,58151-0110-01,855673,N03AB,N03A,N03,N,phenytoin,OK
58160082611,58160-0826-11,,,,,,,NDC_NOT_FOUND
58151023677,58151-0236-77,607026,N02BF,N02B,N02,N,pregabalin,OK
58160082101,58160-0821-01,150712,,,,,,NO_ATC
58160096412,58160-0964-12,,,,,,,NDC_NOT_FOUND
58160097602,58160-0976-02,1601407,,,,,,NO_ATC
58468002101,58468-0021-01,284462,,,,,,NO_ATC
58160097606,58160-0976-06,,,,,,,NDC_NOT_FOUND
58809082016,58809-0820-16,1648584,N02BE,N02B,N02,N,acetaminophen,OK
58468021101,58468-0211-01,1310535,L04AK,L04A,L04,L,teriflunomide,OK
58657073956,58657-0739-56,2702348,A01AB,A01A,A01,A,metronidazole,OK
58160081211,58160-0812-11,,,,,,,NDC_NOT_FOUND
58151023777,58151-0237-77,607033,N02BF,N02B,N02,N,pregabalin,OK
59011025530,59011-0255-30,,,,,,,NDC_NOT_FOUND
58657064550,58657-0645-50,197446,M03BA,M03B,M03,M,carisoprodol,OK
58914011710,58914-0117-10,1247381,A09AA,A09A,A09,A,amylase,OK
59148003085,59148-0030-85,,,,,,,NDC_NOT_FOUND
59148003185,59148-0031-85,,,,,,,NDC_NOT_FOUND
58160082501,58160-0825-01,,,,,,,NDC_NOT_FOUND
59148003485,59148-0034-85,,,,,,,NDC_NOT_FOUND
59148003285,59148-0032-85,,,,,,,NDC_NOT_FOUND
58914011210,58914-0112-10,1247388,A09AA,A09A,A09,A,amylase,OK
59011025630,59011-0256-30,,,,,,,NDC_NOT_FOUND
59148003385,59148-0033-85,,,,,,,NDC_NOT_FOUND
58468021002,58468-0210-02,1310531,L04AK,L04A,L04,L,teriflunomide,OK
59212008730,59212-0087-30,,,,,,,NDC_NOT_FOUND
59212009530,59212-0095-30,,,,,,,NDC_NOT_FOUND
59148002985,59148-0029-85,,,,,,,NDC_NOT_FOUND
59148008807,59148-0088-07,2044967,C03XA,C03X,C03,C,tolvaptan,OK
59212065860,59212-0658-60,1013934,C02AC,C02A,C02,C,clonidine,OK
59148008907,59148-0089-07,2044971,C03XA,C03X,C03,C,tolvaptan,OK
59212024975,59212-0249-75,309889,C01AA,C01A,C01,C,digoxin,OK
59212070048,59212-0700-48,668658,A01AC,A01A,A01,A,prednisolone,OK
59212070248,59212-0702-48,668660,A01AC,A01A,A01,A,prednisolone,OK
59310057922,59310-0579-22,,,,,,,NDC_NOT_FOUND
59148008707,59148-0087-07,2044969,C03XA,C03X,C03,C,tolvaptan,OK
59212070148,59212-0701-48,647127,A01AC,A01A,A01,A,prednisolone,OK
59310070506,59310-0705-06,,,,,,,NDC_NOT_FOUND
59212009730,59212-0097-30,,,,,,,ERROR
59310072206,59310-0722-06,,,,,,,NDC_NOT_FOUND
59310071106,59310-0711-06,,,,,,,NDC_NOT_FOUND
59310020606,59310-0206-06,,,,,,,NDC_NOT_FOUND
59385001430,59385-0014-30,1544853,N02AE,N02A,N02,N,buprenorphine,OK
59572022016,59572-0220-16,360177,L04AX,L04A,L04,L,thalidomide,OK
59572063106,59572-0631-06,,,,,,,NDC_NOT_FOUND
59572021015,59572-0210-15,360176,L04AX,L04A,L04,L,thalidomide,OK
59572063255,59572-0632-55,,,,,,,NDC_NOT_FOUND
59572021513,59572-0215-13,700416,L04AX,L04A,L04,L,thalidomide,OK
59627011103,59627-0111-03,,,,,,,NDC_NOT_FOUND
59630020510,59630-0205-10,,,,,,,NDC_NOT_FOUND
59385001630,59385-0016-30,1544856,N02AE,N02A,N02,N,buprenorphine,OK
59385001230,59385-0012-30,1542396,N02AE,N02A,N02,N,buprenorphine,OK
59630057460,59630-0574-60,,,,,,,NDC_NOT_FOUND
59572020514,59572-0205-14,200390,L04AX,L04A,L04,L,thalidomide,OK
59572089091,59572-0890-91,2288431,L04AE,L04A,L04,L,ozanimod,OK
59630020010,59630-0200-10,,,,,,,NDC_NOT_FOUND
59762041102,59762-0411-02,,,,,,,NDC_NOT_FOUND
59630022230,59630-0222-30,,,,,,,NDC_NOT_FOUND
59746036030,59746-0360-30,349483,C09CA,C09C,C09,C,valsartan,OK
59762232201,59762-2322-01,359494,N02CC,N02C,N02,N,eletriptan,OK
59630057560,59630-0575-60,,,,,,,NDC_NOT_FOUND
59310021012,59310-0210-12,1248846,,,,,,NO_ATC
59730650301,59730-6503-01,,,,,,,NDC_NOT_FOUND
59762453701,59762-4537-01,1000126,G03AC,G03A,G03,G,medroxyprogesterone,OK
59762232101,59762-2321-01,359493,N02CC,N02C,N02,N,eletriptan,OK
60432003708,60432-0037-08,391937,A06AD,A06A,A06,A,lactulose,OK
60219162101,60219-1621-01,197980,C02KB,C02K,C02,C,metyrosine,OK
60432013108,60432-0131-08,1313112,N03AB,N03A,N03,N,phenytoin,OK
60432046608,60432-0466-08,309685,,,,,,NO_ATC
60432003816,60432-0038-16,391937,A06AD,A06A,A06,A,lactulose,OK
60432012608,60432-0126-08,311484,,,,,,NO_ATC
60432015016,60432-0150-16,197799,,,,,,NO_ATC
60432074115,60432-0741-15,197305,G01AD,G01A,G01,G,acetic acid,OK
60432056160,60432-0561-60,1085745,A01AC,A01A,A01,A,triamcinolone,OK
60432009216,60432-0092-16,108883,,,,,,NO_ATC
60432065104,60432-0651-04,1000054,D04AX,D04A,D04,D,doxepin,OK
60432060816,60432-0608-16,351436,,,,,,NO_ATC
60432046400,60432-0464-00,1010739,C01BB,C01B,C01,C,lidocaine,OK
60432053716,60432-0537-16,312055,A07AA,A07A,A07,A,nystatin,OK
60505026201,60505-0262-01,,,,,,,NDC_NOT_FOUND
60505026301,60505-0263-01,898367,C09AA,C09A,C09,C,benazepril,OK
60432083460,60432-0834-60,197878,P03AB,P03A,P03,P,lindane,OK
60505076005,60505-0760-05,,,,,,,NDC_NOT_FOUND
60505039905,60505-0399-05,857700,D11AX,D11A,D11,D,diclofenac,OK
60505067905,60505-0679-05,,,,,,,NDC_NOT_FOUND
60505058604,60505-0586-04,1111343,R01AC,R01A,R01,R,olopatadine,OK
60505254206,60505-2542-06,310436,N06DA,N06D,N06,N,galantamine,OK
60505254406,60505-2544-06,579148,N06DA,N06D,N06,N,galantamine,OK
60505254306,60505-2543-06,310437,N06DA,N06D,N06,N,galantamine,OK
60505075905,60505-0759-05,1665102,J01DC,J01D,J01,J,cefoxitin,OK
60505363006,60505-3630-06,643109,L01EA,L01E,L01,L,dasatinib,OK
60505366403,60505-3664-03,,,,,,,NDC_NOT_FOUND
60505366303,60505-3663-03,,,,,,,NDC_NOT_FOUND
60505366603,60505-3666-03,,,,,,,NDC_NOT_FOUND
60505363103,60505-3631-03,799047,L01EA,L01E,L01,L,dasatinib,OK
60505362906,60505-3629-06,643107,L01EA,L01E,L01,L,dasatinib,OK
60505366803,60505-3668-03,,,,,,,NDC_NOT_FOUND
60505367003,60505-3670-03,,,,,,,NDC_NOT_FOUND
60505057501,60505-0575-01,1111339,R01AC,R01A,R01,R,olopatadine,OK
60505366903,60505-3669-03,,,,,,,NDC_NOT_FOUND
60505367903,60505-3679-03,860516,C07AG,C07A,C07,C,carvedilol,OK
60505380307,60505-3803-07,2002717,L01EA,L01E,L01,L,nilotinib,OK
60505368103,60505-3681-03,860532,C07AG,C07A,C07,C,carvedilol,OK
60432056161,60432-0561-61,1085745,A01AC,A01A,A01,A,triamcinolone,OK
60505380102,60505-3801-02,997653,L01EA,L01E,L01,L,nilotinib,OK
60505362806,60505-3628-06,643105,L01EA,L01E,L01,L,dasatinib,OK
60505366503,60505-3665-03,,,,,,,NDC_NOT_FOUND
60505380202,60505-3802-02,746606,L01EA,L01E,L01,L,nilotinib,OK
60505381603,60505-3816-03,1045406,L01EA,L01E,L01,L,dasatinib,OK
60505397306,60505-3973-06,828353,M03BX,M03B,M03,M,cyclobenzaprine,OK
60505368003,60505-3680-03,860522,C07AG,C07A,C07,C,carvedilol,OK
60505412907,60505-4129-07,1365842,N03AF,N03A,N03,N,oxcarbazepine,OK
60505413007,60505-4130-07,1365844,N03AF,N03A,N03,N,oxcarbazepine,OK
60505466603,60505-4666-03,,,,,,,ERROR
60505397206,60505-3972-06,828358,M03BX,M03B,M03,M,cyclobenzaprine,OK
60505412807,60505-4128-07,1365653,N03AF,N03A,N03,N,oxcarbazepine,OK
60505607604,60505-6076-04,,,,,,,NDC_NOT_FOUND
60505470400,60505-4704-00,849827,C03XA,C03X,C03,C,tolvaptan,OK
60505450409,60505-4504-09,859751,C10AA,C10A,C10,C,rosuvastatin,OK
60505616100,60505-6161-00,,,,,,,NDC_NOT_FOUND
60505603104,60505-6031-04,,,,,,,NDC_NOT_FOUND
60793010501,60793-0105-01,,,,,,,NDC_NOT_FOUND
60505470500,60505-4705-00,849833,C03XA,C03X,C03,C,tolvaptan,OK
60505450503,60505-4505-03,859419,C10AA,C10A,C10,C,rosuvastatin,OK
60793013230,60793-0132-30,,,,,,,NDC_NOT_FOUND
60793014501,60793-0145-01,,,,,,,NDC_NOT_FOUND
60758006005,60758-0060-05,,,,,,,NDC_NOT_FOUND
60793013601,60793-0136-01,,,,,,,NDC_NOT_FOUND
60793013110,60793-0131-10,,,,,,,NDC_NOT_FOUND
60793043020,60793-0430-20,,,,,,,NDC_NOT_FOUND
60793028401,60793-0284-01,,,,,,,NDC_NOT_FOUND
60793043120,60793-0431-20,,,,,,,NDC_NOT_FOUND
60793041130,60793-0411-30,,,,,,,NDC_NOT_FOUND
60793043320,60793-0433-20,,,,,,,NDC_NOT_FOUND
60793014601,60793-0146-01,,,,,,,NDC_NOT_FOUND
60793043420,60793-0434-20,,,,,,,NDC_NOT_FOUND
60793043520,60793-0435-20,,,,,,,NDC_NOT_FOUND
60793010401,60793-0104-01,,,,,,,NDC_NOT_FOUND
60842005101,60842-0051-01,,,,,,,NDC_NOT_FOUND
60505381703,60505-3817-03,1045402,,,,,,ERROR
60842002102,60842-0021-02,1991329,A01AD,A01A,A01,A,epinephrine,OK
60793043720,60793-0437-20,,,,,,,NDC_NOT_FOUND
60846020201,60846-0202-01,,,,,,,NDC_NOT_FOUND
60846088201,60846-0882-01,,,,,,,NDC_NOT_FOUND
60793028301,60793-0283-01,,,,,,,NDC_NOT_FOUND
60846238303,60846-2383-03,153353,N02CC,N02C,N02,N,zolmitriptan,OK
60846088401,60846-0884-01,,,,,,,NDC_NOT_FOUND
60846030115,60846-0301-15,476872,A02BA,A02B,A02,A,nizatidine,OK
60846238404,60846-2384-04,213167,N02CC,N02C,N02,N,zolmitriptan,OK
60846020101,60846-0201-01,,,,,,,NDC_NOT_FOUND
61314044705,61314-0447-05,,,,,,,NDC_NOT_FOUND
61314032520,61314-0325-20,2641662,L04AB,L04A,L04,L,adalimumab,OK
60842002302,60842-0023-02,1305269,A01AD,A01A,A01,A,epinephrine,OK
61314022894,61314-0228-94,2715393,M05BX,M05B,M05,M,denosumab,OK
61314065101,61314-0651-01,2705573,L04AC,L04A,L04,L,ustekinumab,OK
61314039164,61314-0391-64,2641644,L04AB,L04A,L04,L,adalimumab,OK
61314033264,61314-0332-64,2641653,L04AB,L04A,L04,L,adalimumab,OK
61314024063,61314-0240-63,2715520,M05BX,M05B,M05,M,denosumab,OK
61748002416,61748-0024-16,,,,,,,NDC_NOT_FOUND
61570003150,61570-0031-50,,,,,,,NDC_NOT_FOUND
61570003275,61570-0032-75,,,,,,,NDC_NOT_FOUND
61570003775,61570-0037-75,,,,,,,NDC_NOT_FOUND
61748030113,61748-0301-13,1242611,D10AD,D10A,D10,D,isotretinoin,OK
60842002202,60842-0022-02,1305268,A01AD,A01A,A01,A,epinephrine,OK
61314086602,61314-0866-02,2260709,L03AA,L03A,L03,L,pegfilgrastim,OK
61748002501,61748-0025-01,197682,N03AD,N03A,N03,N,ethosuximide,OK
61570007901,61570-0079-01,,,,,,,NDC_NOT_FOUND
61748030413,61748-0304-13,1242615,D10AD,D10A,D10,D,isotretinoin,OK
61748030313,61748-0303-13,1663728,D10AD,D10A,D10,D,isotretinoin,OK
61748030213,61748-0302-13,1242613,D10AD,D10A,D10,D,isotretinoin,OK
61755000101,61755-0001-01,763453,L04AC,L04A,L04,L,rilonacept,OK
61314065201,61314-0652-01,2705576,L04AC,L04A,L04,L,ustekinumab,OK
61953000501,61953-0005-01,1009212,,,,,,NO_ATC
61874017008,61874-0170-08,1741747,N05AX,N05A,N05,N,cariprazine,OK
61748022060,61748-0220-60,,,,,,,NDC_NOT_FOUND
61958330101,61958-3301-01,2690881,A05AX,A05A,A05,A,seladelpar,OK
61953000504,61953-0005-04,1009212,,,,,,NO_ATC
61958100401,61958-1004-01,,,,,,,NDC_NOT_FOUND
62037069730,62037-0697-30,247603,,,,,,NO_ATC
61958300103,61958-3001-03,2625896,J05AX,J05A,J05,J,lenacapavir,OK
62037070030,62037-0700-30,248438,,,,,,NO_ATC
61958050101,61958-0501-01,352278,,,,,,NO_ATC
62037069830,62037-0698-30,247604,,,,,,NO_ATC
62037082501,62037-0825-01,,,,,,,NDC_NOT_FOUND
62037069930,62037-0699-30,247605,,,,,,NO_ATC
62037083201,62037-0832-01,,,,,,,NDC_NOT_FOUND
61958100301,61958-1003-01,,,,,,,NDC_NOT_FOUND
62037083301,62037-0833-01,,,,,,,NDC_NOT_FOUND
62037083110,62037-0831-10,311674,,,,,,NO_ATC
62037083010,62037-0830-10,,,,,,,NDC_NOT_FOUND
62064001160,62064-0011-60,,,,,,,NDC_NOT_FOUND
62175011937,62175-0119-37,311198,,,,,,NO_ATC
62037069630,62037-0696-30,284264,,,,,,NO_ATC
62175044601,62175-0446-01,,,,,,,NDC_NOT_FOUND
62484001505,62484-0015-05,2696079,L01XX,L01X,L01,L,hydroxyurea,OK
62175044231,62175-0442-31,,,,,,,NDC_NOT_FOUND
62559020730,62559-0207-30,1805420,N06DA,N06D,N06,N,donepezil,OK
62037082675,62037-0826-75,1116339,G02CC,G02C,G02,G,naproxen,OK
62484002001,62484-0020-01,1536490,L01BB,L01B,L01,L,mercaptopurine,OK
62559044001,62559-0440-01,686400,D10AF,D10A,D10,D,erythromycin,OK
62559021031,62559-0210-31,198037,C08CA,C08C,C08,C,nimodipine,OK
62559017105,62559-0171-05,894780,N02AA,N02A,N02,N,morphine,OK
62559035660,62559-0356-60,793741,,,,,,NO_ATC
62559070030,62559-0700-30,476345,C10AX,C10A,C10,C,ezetimibe,OK
62559070230,62559-0702-30,476350,C10AX,C10A,C10,C,ezetimibe,OK
62559070330,62559-0703-30,476351,C10AX,C10A,C10,C,ezetimibe,OK
62559079101,62559-0791-01,1091170,N06BA,N06B,N06,N,methylphenidate,OK
62559070130,62559-0701-30,476349,C10AX,C10A,C10,C,ezetimibe,OK
62175012937,62175-0129-37,311196,C01DA,C01D,C01,C,isosorbide mononitrate,OK
62559086111,62559-0861-11,2707578,H01AA,H01A,H01,H,corticotropin,OK
62559086135,62559-0861-35,2707580,H01AA,H01A,H01,H,corticotropin,OK
62559017005,62559-0170-05,892589,N02AA,N02A,N02,N,morphine,OK
62856060122,62856-0601-22,213502,D11AH,D11A,D11,D,alitretinoin,OK
62856077510,62856-0775-10,,,,,,,NDC_NOT_FOUND
62856070405,62856-0704-05,2054157,L01EX,L01E,L01,L,lenvatinib,OK
62856071205,62856-0712-05,2054159,L01EX,L01E,L01,L,lenvatinib,OK
63020007902,63020-0079-02,1723767,L01XG,L01X,L01,L,ixazomib,OK
63020007802,63020-0078-02,1723763,L01XG,L01X,L01,L,ixazomib,OK
62856024330,62856-0243-30,261284,,,,,,NO_ATC
63020008002,63020-0080-02,1723772,L01XG,L01X,L01,L,ixazomib,OK
63304062401,63304-0624-01,310429,C03CA,C03C,C03,C,furosemide,OK
63323028204,63323-0282-04,1737578,D10AF,D10A,D10,D,clindamycin,OK
63090017060,63090-0170-60,,,,,,,NDC_NOT_FOUND
63304062510,63304-0625-10,313988,C03CA,C03C,C03,C,furosemide,OK
62756045236,62756-0452-36,2360548,H01CB,H01C,H01,H,octreotide,OK
62856070510,62856-0705-10,,,,,,,NDC_NOT_FOUND
63323036711,63323-0367-11,204509,A07AA,A07A,A07,A,polymyxin B,OK
63402001030,63402-0010-30,2371050,G04BE,G04B,G04,G,apomorphine,OK
63402001530,63402-0015-30,2371054,G04BE,G04B,G04,G,apomorphine,OK
63402002030,63402-0020-30,2371058,G04BE,G04B,G04,G,apomorphine,OK
63402019110,63402-0191-10,485442,N05CF,N05C,N05,N,eszopiclone,OK
63402002530,63402-0025-30,2371062,G04BE,G04B,G04,G,apomorphine,OK
63402019310,63402-0193-10,485465,N05CF,N05C,N05,N,eszopiclone,OK
63323087115,63323-0871-15,403920,J01XX,J01X,J01,J,daptomycin,OK
63402067530,63402-0675-30,,,,,,,NDC_NOT_FOUND
63402081560,63402-0815-60,,,,,,,NDC_NOT_FOUND
63402030101,63402-0301-01,1992571,D11AA,D11A,D11,D,glycopyrronium,OK
63323062406,63323-0624-06,1795609,B05CX,B05C,B05,B,glucose,OK
63402051001,63402-0510-01,597908,,,,,,NO_ATC
63402091130,63402-0911-30,668956,,,,,,NO_ATC
63459040430,63459-0404-30,1299978,N03AG,N03A,N03,N,tiagabine,OK
63459040230,63459-0402-30,1299973,N03AG,N03A,N03,N,tiagabine,OK
63459017714,63459-0177-14,1356693,L01XX,L01X,L01,L,omacetaxine mepesuccinate,OK
63459041230,63459-0412-30,1299967,N03AG,N03A,N03,N,tiagabine,OK
63459050630,63459-0506-30,261107,N01AH,N01A,N01,N,fentanyl,OK
63402003030,63402-0030-30,2371066,G04BE,G04B,G04,G,apomorphine,OK
63402068160,63402-0681-60,,,,,,,NDC_NOT_FOUND
63459041630,63459-0416-30,1299971,N03AG,N03A,N03,N,tiagabine,OK
63459051230,63459-0512-30,261109,N01AH,N01A,N01,N,fentanyl,OK
63459092053,63459-0920-53,2101465,L03AA,L03A,L03,L,filgrastim,OK
63459050830,63459-0508-30,261108,N01AH,N01A,N01,N,fentanyl,OK
63459091853,63459-0918-53,2101459,L03AA,L03A,L03,L,filgrastim,OK
63481016038,63481-0160-38,,,,,,,NDC_NOT_FOUND
63402020100,63402-0201-00,1992571,D11AA,D11A,D11,D,glycopyrronium,OK
63459051630,63459-0516-30,261110,N01AH,N01A,N01,N,fentanyl,OK
63653117101,63653-1171-01,,,,,,,NDC_NOT_FOUND
63481042105,63481-0421-05,,,,,,,NDC_NOT_FOUND
63481061270,63481-0612-70,,,,,,,NDC_NOT_FOUND
63481018316,63481-0183-16,1051074,,,,,,NO_ATC
63653117106,63653-1171-06,,,,,,,NDC_NOT_FOUND
63481068447,63481-0684-47,,,,,,,NDC_NOT_FOUND
64011060128,64011-0601-28,,,,,,,NDC_NOT_FOUND
63459050230,63459-0502-30,261106,N01AH,N01A,N01,N,fentanyl,OK
63739005366,63739-0053-66,310152,D10AF,D10A,D10,D,erythromycin,OK
64125013401,64125-0134-01,835564,N06AA,N06A,N06,N,imipramine,OK
63739094215,63739-0942-15,1361226,B01AB,B01A,B01,B,heparin,OK
64125013501,64125-0135-01,835568,N06AA,N06A,N06,N,imipramine,OK
64125013601,64125-0136-01,885219,N04AC,N04A,N04,N,benztropine,OK
64376061216,64376-0612-16,,,,,,,NDC_NOT_FOUND
64376060301,64376-0603-01,,,,,,,NDC_NOT_FOUND
64376060501,64376-0605-01,,,,,,,NDC_NOT_FOUND
63481061370,63481-0613-70,,,,,,,NDC_NOT_FOUND
63833092501,63833-0925-01,2717182,B06AC,B06A,B06,B,garadacimab,OK
64376064301,64376-0643-01,,,,,,,NDC_NOT_FOUND
64376060461,64376-0604-61,,,,,,,NDC_NOT_FOUND
64376064801,64376-0648-01,,,,,,,NDC_NOT_FOUND
64370042140,64370-0421-40,,,,,,,NDC_NOT_FOUND
64376064901,64376-0649-01,,,,,,,NDC_NOT_FOUND
64597031108,64597-0311-08,1737653,,,,,,NO_ATC
64380080438,64380-0804-38,,,,,,,NDC_NOT_FOUND
64208823403,64208-8234-03,1809513,,,,,,NO_ATC
64679092302,64679-0923-02,310065,,,,,,NO_ATC
64764012403,64764-0124-03,,,,,,,NDC_NOT_FOUND
64720013910,64720-0139-10,239227,,,,,,NO_ATC
64764012103,64764-0121-03,,,,,,,NDC_NOT_FOUND
64896067151,64896-0671-51,,,,,,,NDC_NOT_FOUND
64764031030,64764-0310-30,,,,,,,NDC_NOT_FOUND
64896067250,64896-0672-50,,,,,,,NDC_NOT_FOUND
64850063001,64850-0630-01,857391,N02BE,N02B,N02,N,acetaminophen,OK
64764015560,64764-0155-60,,,,,,,NDC_NOT_FOUND
64764051030,64764-0510-30,,,,,,,NDC_NOT_FOUND
64896069151,64896-0691-51,,,,,,,NDC_NOT_FOUND
64764054130,64764-0541-30,,,,,,,NDC_NOT_FOUND
64896068251,64896-0682-51,1483679,N02CC,N02C,N02,N,zolmitriptan,OK
64896096816,64896-0968-16,2690281,N04BA,N04B,N04,N,levodopa,OK
64896096916,64896-0969-16,2690286,N04BA,N04B,N04,N,levodopa,OK
64896096716,64896-0967-16,2690265,N04BA,N04B,N04,N,levodopa,OK
64896097016,64896-0970-16,2690292,N04BA,N04B,N04,N,levodopa,OK
64950026810,64950-0268-10,857461,D04AA,D04A,D04,D,clemastine,OK
64950021810,64950-0218-10,197724,M01AE,M01A,M01,M,flurbiprofen,OK
64950042530,64950-0425-30,,,,,,,NDC_NOT_FOUND
64896069250,64896-0692-50,,,,,,,NDC_NOT_FOUND
64980014901,64980-0149-01,198153,M04AC,M04A,M04,M,colchicine / probenecid,OK
64950034047,64950-0340-47,856940,N02BE,N02B,N02,N,acetaminophen,OK
64980015101,64980-0151-01,197331,,,,,,NO_ATC
64950034516,64950-0345-16,1248057,C01CA,C01C,C01,C,phenylephrine,OK
64980015901,64980-0159-01,905168,N06AA,N06A,N06,N,protriptyline,OK
64980017601,64980-0176-01,994226,A01AD,A01A,A01,A,aspirin,OK
64950042430,64950-0424-30,1811918,A01AD,A01A,A01,A,aspirin,OK
64980017903,64980-0179-03,197702,D01AE,D01A,D01,D,flucytosine,OK
64980018001,64980-0180-01,197702,D01AE,D01A,D01,D,flucytosine,OK
64980018503,64980-0185-03,239239,D01AA,D01A,D01,D,griseofulvin,OK
64980015801,64980-0158-01,905172,N06AA,N06A,N06,N,protriptyline,OK
64980035406,64980-0354-06,,,,,,,NDC_NOT_FOUND
64980019601,64980-0196-01,898372,C09AA,C09A,C09,C,benazepril,OK
64980018401,64980-0184-01,242831,D01AA,D01A,D01,D,griseofulvin,OK
64980018106,64980-0181-06,197603,N02BA,N02B,N02,N,diflunisal,OK
64980035606,64980-0356-06,313109,J05AF,J05A,J05,J,stavudine,OK
64950038114,64950-0381-14,848956,J01MA,J01M,J01,J,ciprofloxacin,OK
64980035506,64980-0355-06,,,,,,,NDC_NOT_FOUND
64980035706,64980-0357-06,313110,J05AF,J05A,J05,J,stavudine,OK
64980042963,64980-0429-63,1085736,A01AC,A01A,A01,A,triamcinolone,OK
64980042901,64980-0429-01,1085736,A01AC,A01A,A01,A,triamcinolone,OK
65219046450,65219-0464-50,1795609,B05CX,B05C,B05,B,glucose,OK
64980057101,64980-0571-01,197956,C02AB,C02A,C02,C,methyldopa,OK
64980057201,64980-0572-01,197958,C02AB,C02A,C02,C,methyldopa,OK
65219062020,65219-0620-20,2640851,L04AB,L04A,L04,L,adalimumab,OK
65219061289,65219-0612-89,2640869,L04AB,L04A,L04,L,adalimumab,OK
65162055858,65162-0558-58,2566439,B03AA,B03A,B03,B,ferrous fumarate,OK
65219082626,65219-0826-26,2702613,L04AC,L04A,L04,L,ustekinumab,OK
65224032060,65224-0320-60,1442536,,,,,,NO_ATC
65219061269,65219-0612-69,2640864,L04AB,L04A,L04,L,adalimumab,OK
65224031560,65224-0315-60,1442532,,,,,,NO_ATC
65224031060,65224-0310-60,1442528,,,,,,NO_ATC
65224086009,65224-0860-09,,,,,,,NDC_NOT_FOUND
65219082401,65219-0824-01,2702616,L04AC,L04A,L04,L,ustekinumab,OK
65224035060,65224-0350-60,1442548,,,,,,NO_ATC
65224085009,65224-0850-09,,,,,,,NDC_NOT_FOUND
64980030230,64980-0302-30,310868,A01AC,A01A,A01,A,hydrocortisone,OK
65597010330,65597-0103-30,,,,,,,NDC_NOT_FOUND
65580059401,65580-0594-01,1091488,N06BA,N06B,N06,N,methylphenidate,OK
65597010430,65597-0104-30,,,,,,,NDC_NOT_FOUND
65597010530,65597-0105-30,,,,,,,NDC_NOT_FOUND
65597010630,65597-0106-30,,,,,,,NDC_NOT_FOUND
65597010730,65597-0107-30,,,,,,,NDC_NOT_FOUND
65224034060,65224-0340-60,1442544,,,,,,NO_ATC
65597011230,65597-0112-30,,,,,,,NDC_NOT_FOUND
65597010130,65597-0101-30,,,,,,,NDC_NOT_FOUND
65224089031,65224-0890-31,1435480,N06AX,N06A,N06,N,desvenlafaxine,OK
65597011530,65597-0115-30,,,,,,,NDC_NOT_FOUND
65597011030,65597-0110-30,,,,,,,NDC_NOT_FOUND
65597011730,65597-0117-30,,,,,,,NDC_NOT_FOUND
65597030110,65597-0301-10,,,,,,,NDC_NOT_FOUND
65597030210,65597-0302-10,,,,,,,NDC_NOT_FOUND
65597040220,65597-0402-20,,,,,,,NDC_NOT_FOUND
65597011630,65597-0116-30,,,,,,,ERROR
65597011830,65597-0118-30,,,,,,,NDC_NOT_FOUND
65597030410,65597-0304-10,,,,,,,NDC_NOT_FOUND
65597060230,65597-0602-30,,,,,,,NDC_NOT_FOUND
65597030310,65597-0303-10,,,,,,,NDC_NOT_FOUND
65224088031,65224-0880-31,1435483,N06AX,N06A,N06,N,desvenlafaxine,OK
65649021124,65649-0211-24,,,,,,,NDC_NOT_FOUND
65597060130,65597-0601-30,,,,,,,NDC_NOT_FOUND
65649070141,65649-0701-41,603011,A06AD,A06A,A06,A,sodium phosphate,OK
65862031130,65862-0311-30,,,,,,,NDC_NOT_FOUND
66215001660,66215-0016-60,,,,,,,NDC_NOT_FOUND
65862093290,65862-0932-90,1373745,J05AG,J05A,J05,J,nevirapine,OK
65862004660,65862-0046-60,313109,J05AF,J05A,J05,J,stavudine,OK
65862031330,65862-0313-30,284988,J05AF,J05A,J05,J,didanosine,OK
66215030200,66215-0302-00,487056,B01AC,B01A,B01,B,iloprost,OK
65862031230,65862-0312-30,284184,J05AF,J05A,J05,J,didanosine,OK
65224033060,65224-0330-60,1442540,,,,,,NO_ATC
66215010314,66215-0103-14,1989085,C02KX,C02K,C02,C,bosentan,OK
66220081222,66220-0812-22,2377342,L01BA,L01B,L01,L,methotrexate,OK
66220080722,66220-0807-22,2377354,L01BA,L01B,L01,L,methotrexate,OK
66220081522,66220-0815-22,2377344,L01BA,L01B,L01,L,methotrexate,OK
66220082522,66220-0825-22,2377352,L01BA,L01B,L01,L,methotrexate,OK
66220082022,66220-0820-22,2377348,L01BA,L01B,L01,L,methotrexate,OK
66220081722,66220-0817-22,2377346,L01BA,L01B,L01,L,methotrexate,OK
66435010216,66435-0102-16,,,,,,,NDC_NOT_FOUND
66220082222,66220-0822-22,2377350,L01BA,L01B,L01,L,methotrexate,OK
66435010356,66435-0103-56,,,,,,,NDC_NOT_FOUND
66435010599,66435-0105-99,,,,,,,NDC_NOT_FOUND
66435010184,66435-0101-84,,,,,,,NDC_NOT_FOUND
66435010699,66435-0106-99,,,,,,,NDC_NOT_FOUND
66302060002,66302-0600-02,2602768,B01AC,B01A,B01,B,treprostinil,OK
66220081022,66220-0810-22,2377338,L01BA,L01B,L01,L,methotrexate,OK
66435010856,66435-0108-56,,,,,,,NDC_NOT_FOUND
66435010456,66435-0104-56,,,,,,,NDC_NOT_FOUND
66435010799,66435-0107-99,,,,,,,NDC_NOT_FOUND
66582031331,66582-0313-31,,,,,,,NDC_NOT_FOUND
66435070020,66435-0700-20,,,,,,,NDC_NOT_FOUND
66490065020,66490-0650-20,721781,,,,,,NO_ATC
66582031231,66582-0312-31,1245430,C10AX,C10A,C10,C,ezetimibe,OK
66582031531,66582-0315-31,,,,,,,NDC_NOT_FOUND
66582031131,66582-0311-31,1245420,C10AX,C10A,C10,C,ezetimibe,OK
66758008570,66758-0085-70,213272,S01EC,S01E,S01,S,brinzolamide,OK
66758007138,66758-0071-38,213307,J01MA,J01M,J01,J,ciprofloxacin,OK
66530025830,66530-0258-30,284191,L01BC,L01B,L01,L,fluorouracil,OK
66582041431,66582-0414-31,349556,C10AX,C10A,C10,C,ezetimibe,OK
66758007038,66758-0070-38,208601,A01AC,A01A,A01,A,dexamethasone,OK
66758008675,66758-0086-75,804547,D07AC,D07A,D07,D,difluprednate,OK
66733077301,66733-0773-01,242120,A10AB,A10A,A10,A,insulin lispro,OK
66733082259,66733-0822-59,1652639,A10AB,A10A,A10,A,insulin lispro,OK
66758011005,66758-0110-05,832718,A12BA,A12B,A12,A,potassium chloride,OK
66758017092,66758-0170-92,1801299,A12BA,A12B,A12,A,potassium chloride,OK
66758017001,66758-0170-01,1801299,A12BA,A12B,A12,A,potassium chloride,OK
66758009556,66758-0095-56,285032,S01EE,S01E,S01,S,travoprost,OK
66758020201,66758-0202-01,,,,,,,NDC_NOT_FOUND
66758020501,66758-0205-01,,,,,,,NDC_NOT_FOUND
66758016005,66758-0160-05,628958,A12BA,A12B,A12,A,potassium chloride,OK
66530024940,66530-0249-40,,,,,,,NDC_NOT_FOUND
66758027501,66758-0275-01,1091395,N06BA,N06B,N06,N,methylphenidate,OK
66758025001,66758-0250-01,899559,N06BA,N06B,N06,N,dexmethylphenidate,OK
66758027401,66758-0274-01,1091379,N06BA,N06B,N06,N,methylphenidate,OK
66758018001,66758-0180-01,832731,A12BA,A12B,A12,A,potassium chloride,OK
66869014730,66869-0147-30,616852,C10AB,C10A,C10,C,fenofibrate,OK
66869013730,66869-0137-30,702169,C10AB,C10A,C10,C,fenofibrate,OK
66758008770,66758-0087-70,213320,J01MA,J01M,J01,J,ciprofloxacin,OK
66992047101,66992-0471-01,,,,,,,NDC_NOT_FOUND
66992043030,66992-0430-30,2377373,C08CA,C08C,C08,C,levamlodipine,OK
66992095510,66992-0955-10,,,,,,,NDC_NOT_FOUND
66993002227,66993-0022-27,311286,,,,,,NO_ATC
66993004030,66993-0040-30,349591,N06BA,N06B,N06,N,atomoxetine,OK
66993004130,66993-0041-30,349592,N06BA,N06B,N06,N,atomoxetine,OK
66992020830,66992-0208-30,1537045,B01AC,B01A,B01,B,vorapaxar,OK
66992042530,66992-0425-30,2377369,C08CA,C08C,C08,C,levamlodipine,OK
66992084010,66992-0840-10,1190201,N02BE,N02B,N02,N,acetaminophen,OK
66758019092,66758-0190-92,1801295,A12BA,A12B,A12,A,potassium chloride,OK
66993004230,66993-0042-30,349593,N06BA,N06B,N06,N,atomoxetine,OK
66993016502,66993-0165-02,197541,M04AC,M04A,M04,M,colchicine,OK
66993036087,66993-0360-87,1945840,N06BA,N06B,N06,N,amphetamine,OK
66993002127,66993-0021-27,349590,,,,,,NO_ATC
66993058030,66993-0580-30,996097,G04CA,G04C,G04,G,dutasteride / tamsulosin,OK
66993048532,66993-0485-32,730834,,,,,,NO_ATC
66993048230,66993-0482-30,,,,,,,NDC_NOT_FOUND
66993010006,66993-0100-06,1736045,N03AX,N03A,N03,N,levetiracetam,OK
67253090050,67253-0900-50,,,,,,,NDC_NOT_FOUND
66993084462,66993-0844-62,643123,A01AC,A01A,A01,A,prednisolone,OK
66993084662,66993-0846-62,643127,A01AC,A01A,A01,A,prednisolone,OK
67253066010,67253-0660-10,,,,,,,NDC_NOT_FOUND
66993084562,66993-0845-62,643125,A01AC,A01A,A01,A,prednisolone,OK
67457038431,67457-0384-31,1361226,B01AB,B01A,B01,B,heparin,OK
66993013497,66993-0134-97,1487527,,,,,,NO_ATC
67457064910,67457-0649-10,240984,J01CR,J01C,J01,J,ampicillin / sulbactam,OK
67457081606,67457-0816-06,1737581,D10AF,D10A,D10,D,clindamycin,OK
67857080445,67857-0804-45,206048,D07AB,D07A,D07,D,clocortolone,OK
67457082299,67457-0822-99,2049891,A07AA,A07A,A07,A,vancomycin,OK
67857081261,67857-0812-61,,,,,,,NDC_NOT_FOUND
67857080619,67857-0806-19,1110806,A01AC,A01A,A01,A,triamcinolone,OK
67457087905,67457-0879-05,727339,N02CC,N02C,N02,N,sumatriptan,OK
66993070130,66993-0701-30,403957,G04BE,G04B,G04,G,tadalafil,OK
67877056860,67877-0568-60,197635,A04AD,A04A,A04,A,dronabinol,OK
67457034910,67457-0349-10,1659598,J01CR,J01C,J01,J,ampicillin / sulbactam,OK
67457082225,67457-0822-25,2049891,A07AA,A07A,A07,A,vancomycin,OK
68001046741,68001-0467-41,,,,,,,NDC_NOT_FOUND
67877057060,67877-0570-60,197634,A04AD,A04A,A04,A,dronabinol,OK
67877056960,67877-0569-60,197636,A04AD,A04A,A04,A,dronabinol,OK
67457081402,67457-0814-02,1737244,D10AF,D10A,D10,D,clindamycin,OK
67857080938,67857-0809-38,,,,,,,NDC_NOT_FOUND
67919004001,67919-0040-01,1540890,J01XX,J01X,J01,J,tedizolid,OK
67919004102,67919-0041-02,1540868,J01XX,J01X,J01,J,tedizolid,OK
68025007530,68025-0075-30,,,,,,,NDC_NOT_FOUND
68025007630,68025-0076-30,2044726,N04BB,N04B,N04,N,amantadine,OK
68012035002,68012-0350-02,,,,,,,ERROR
68025007590,68025-0075-90,2044720,N04BB,N04B,N04,N,amantadine,OK
68025007790,68025-0077-90,2044732,N04BB,N04B,N04,N,amantadine,OK
68025007690,68025-0076-90,2044726,N04BB,N04B,N04,N,amantadine,OK
68025007730,68025-0077-30,2044732,N04BB,N04B,N04,N,amantadine,OK
68134020116,68134-0201-16,311913,G02CC,G02C,G02,G,naproxen,OK
68047071301,68047-0713-01,198050,J01MA,J01M,J01,J,ofloxacin,OK
68025007462,68025-0074-62,2257015,N04BB,N04B,N04,N,amantadine,OK
68180012809,68180-0128-09,828379,C10AB,C10A,C10,C,fenofibrate,OK
68047071320,68047-0713-20,,,,,,,NDC_NOT_FOUND
68180012909,68180-0129-09,828373,C10AB,C10A,C10,C,fenofibrate,OK
68180019606,68180-0196-06,876524,C08CA,C08C,C08,C,amlodipine,OK
68180013701,68180-0137-01,351249,N06AB,N06A,N06,N,escitalopram,OK
68180019906,68180-0199-06,,,,,,,NDC_NOT_FOUND
68180019706,68180-0197-06,876514,C08CA,C08C,C08,C,amlodipine,OK
68180019806,68180-0198-06,876529,C08CA,C08C,C08,C,amlodipine,OK
68180020203,68180-0202-03,,,,,,,NDC_NOT_FOUND
68180028607,68180-0286-07,307650,J05AF,J05A,J05,J,zidovudine,OK
68180029106,68180-0291-06,1482515,N03AF,N03A,N03,N,eslicarbazepine,OK
68180028806,68180-0288-06,602393,J05AF,J05A,J05,J,abacavir,OK
68180029006,68180-0290-06,1482507,N03AF,N03A,N03,N,eslicarbazepine,OK
68180029306,68180-0293-06,1482525,N03AF,N03A,N03,N,eslicarbazepine,OK
68025008410,68025-0084-10,2052826,N06BA,N06B,N06,N,methylphenidate,OK
68180035407,68180-0354-07,616749,C01EB,C01E,C01,C,ranolazine,OK
68180036309,68180-0363-09,349287,C10AB,C10A,C10,C,fenofibrate,OK
68180039301,68180-0393-01,,,,,,,NDC_NOT_FOUND
68180035507,68180-0355-07,728231,C01EB,C01E,C01,C,ranolazine,OK
68180041608,68180-0416-08,409823,J01DD,J01D,J01,J,cefixime,OK
68180042901,68180-0429-01,308739,S01EE,S01E,S01,S,bimatoprost,OK
68180049001,68180-0490-01,,,,,,,NDC_NOT_FOUND
68180043501,68180-0435-01,992395,J01MA,J01M,J01,J,gatifloxacin,OK
68180046006,68180-0460-06,1013662,A01AB,A01A,A01,A,minocycline,OK
68180028501,68180-0285-01,198200,J04AB,J04A,J04,J,rifabutin,OK
68180049101,68180-0491-01,,,,,,,NDC_NOT_FOUND
68180057202,68180-0572-02,,,,,,,NDC_NOT_FOUND
68180055709,68180-0557-09,312748,C09AA,C09A,C09,C,quinapril,OK
68180029207,68180-0292-07,1482521,N03AF,N03A,N03,N,eslicarbazepine,OK
68180055409,68180-0554-09,314203,C09AA,C09A,C09,C,quinapril,OK
68180051703,68180-0517-03,197884,C09AA,C09A,C09,C,lisinopril,OK
68180039201,68180-0392-01,,,,,,,NDC_NOT_FOUND
68180070909,68180-0709-09,2059015,B01AF,B01A,B01,B,rivaroxaban,OK
68180060306,68180-0603-06,349491,J05AF,J05A,J05,J,lamivudine,OK
68180055809,68180-0558-09,312749,C09AA,C09A,C09,C,quinapril,OK
68180074506,68180-0745-06,,,,,,,NDC_NOT_FOUND
68180072320,68180-0723-20,309054,J01DD,J01D,J01,J,cefdinir,OK
68180077206,68180-0772-06,848131,C08CA,C08C,C08,C,amlodipine,OK
68180074606,68180-0746-06,1442168,C10AB,C10A,C10,C,fenofibrate,OK
68180060207,68180-0602-07,199147,J05AF,J05A,J05,J,lamivudine,OK
68180055609,68180-0556-09,312750,C09AA,C09A,C09,C,quinapril,OK
68180077106,68180-0771-06,848140,C08CA,C08C,C08,C,amlodipine,OK
68180077306,68180-0773-06,848145,C08CA,C08C,C08,C,amlodipine,OK
68180077506,68180-0775-06,848135,C08CA,C08C,C08,C,amlodipine,OK
68180077406,68180-0774-06,848151,C08CA,C08C,C08,C,amlodipine,OK
68180082713,68180-0827-13,1736654,G03AA,G03A,G03,G,ethinyl estradiol / norethindrone,OK
68180082913,68180-0829-13,1806683,G03CA,G03C,G03,G,estradiol,OK
68180083013,68180-0830-13,1806684,G03CA,G03C,G03,G,estradiol,OK
68180082110,68180-0821-10,602635,V03AE,V03A,V03,V,lanthanum carbonate,OK
68180082973,68180-0829-73,1806683,G03CA,G03C,G03,G,estradiol,OK
68180082813,68180-0828-13,1736656,G03AA,G03A,G03,G,ethinyl estradiol / norethindrone,OK
68180072210,68180-0722-10,309054,J01DD,J01D,J01,J,cefdinir,OK
68180085413,68180-0854-13,,,,,,,NDC_NOT_FOUND
68180084413,68180-0844-13,1356074,G03AA,G03A,G03,G,ethinyl estradiol / levonorgestrel,OK
68180086413,68180-0864-13,,,,,,,NDC_NOT_FOUND
68180086513,68180-0865-13,,,,,,,NDC_NOT_FOUND
68180086011,68180-0860-11,1874537,G03AA,G03A,G03,G,ethinyl estradiol / levonorgestrel,OK
68180085713,68180-0857-13,748832,G03AA,G03A,G03,G,ethinyl estradiol / levonorgestrel,OK
68180083073,68180-0830-73,1806684,G03CA,G03C,G03,G,estradiol,OK
68180087311,68180-0873-11,1486452,B03AA,B03A,B03,B,ferrous fumarate,OK
68180089113,68180-0891-13,,,,,,,NDC_NOT_FOUND
68180086613,68180-0866-13,1729516,B03AA,B03A,B03,B,ferrous fumarate,OK
68180087313,68180-0873-13,1486452,B03AA,B03A,B03,B,ferrous fumarate,OK
68180084013,68180-0840-13,749860,G03AA,G03A,G03,G,ethinyl estradiol / norgestimate,OK
68180090313,68180-0903-13,1727521,B03AA,B03A,B03,B,ferrous fumarate,OK
68180089111,68180-0891-11,,,,,,,NDC_NOT_FOUND
68180089313,68180-0893-13,1427300,G03AA,G03A,G03,G,ethinyl estradiol / norethindrone,OK
68180087513,68180-0875-13,1485332,G03AA,G03A,G03,G,ethinyl estradiol / norethindrone,OK
68180088613,68180-0886-13,1543553,G03AC,G03A,G03,G,drospirenone,OK
68180086012,68180-0860-12,1874537,G03AA,G03A,G03,G,ethinyl estradiol / levonorgestrel,OK
68180090413,68180-0904-13,1999724,G03AC,G03A,G03,G,drospirenone,OK
68180090471,68180-0904-71,1999724,G03AC,G03A,G03,G,drospirenone,OK
68180091111,68180-0911-11,1873704,B03AA,B03A,B03,B,ferrous fumarate,OK
68180091113,68180-0911-13,1873704,B03AA,B03A,B03,B,ferrous fumarate,OK
68220005510,68220-0055-10,,,,,,,NDC_NOT_FOUND
68180089411,68180-0894-11,1013629,G03AC,G03A,G03,G,drospirenone,OK
68180090213,68180-0902-13,748800,G03AC,G03A,G03,G,drospirenone,OK
68308055410,68308-0554-10,1487251,N02BE,N02B,N02,N,acetaminophen,OK
68462024805,68462-0248-05,,,,,,,NDC_NOT_FOUND
68308075201,68308-0752-01,2055989,G03CA,G03C,G03,G,ethinyl estradiol,OK
68180090411,68180-0904-11,1999724,G03AC,G03A,G03,G,drospirenone,OK
68308084501,68308-0845-01,,,,,,,NDC_NOT_FOUND
68382033106,68382-0331-06,577317,H05BX,H05B,H05,H,paricalcitol,OK
68382033006,68382-0330-06,577315,H05BX,H05B,H05,H,paricalcitol,OK
68382049814,68382-0498-14,252413,N03AX,N03A,N03,N,topiramate,OK
68462025217,68462-0252-17,,,,,,,NDC_NOT_FOUND
68462042560,68462-0425-60,,,,,,,NDC_NOT_FOUND
68462042630,68462-0426-30,,,,,,,NDC_NOT_FOUND
68462055401,68462-0554-01,,,,,,,NDC_NOT_FOUND
68462035801,68462-0358-01,311892,M01AX,M01A,M01,M,nabumetone,OK
68462040355,68462-0403-55,307731,D10AD,D10A,D10,D,adapalene,OK
68462055501,68462-0555-01,,,,,,,NDC_NOT_FOUND
68462051339,68462-0513-39,197572,D07AB,D07A,D07,D,desonide,OK
68462030017,68462-0300-17,855474,D07AB,D07A,D07,D,alclometasone,OK
68462071929,68462-0719-29,749157,G03AA,G03A,G03,G,ethinyl estradiol / norgestimate,OK
68682046730,68682-0467-30,,,,,,,NDC_NOT_FOUND
68682027361,68682-0273-61,,,,,,,NDC_NOT_FOUND
68727035001,68727-0350-01,,,,,,,NDC_NOT_FOUND
68462020401,68462-0204-01,,,,,,,NDC_NOT_FOUND
68462080801,68462-0808-01,197849,C08CA,C08C,C08,C,isradipine,OK
68462080701,68462-0807-01,197848,C08CA,C08C,C08,C,isradipine,OK
68727035101,68727-0351-01,,,,,,,NDC_NOT_FOUND
68982082003,68982-0820-03,,,,,,,NDC_NOT_FOUND
68547057810,68547-0578-10,2703567,,,,,,NO_ATC
68462094303,68462-0943-03,284008,S01EE,S01E,S01,S,travoprost,OK
68982082004,68982-0820-04,,,,,,,NDC_NOT_FOUND
68982082006,68982-0820-06,,,,,,,NDC_NOT_FOUND
69036050330,69036-0503-30,197686,M01AB,M01A,M01,M,etodolac,OK
68982082002,68982-0820-02,,,,,,,NDC_NOT_FOUND
68982082005,68982-0820-05,,,,,,,NDC_NOT_FOUND
69067010204,69067-0102-04,2183907,R06AB,R06A,R06,R,dexchlorpheniramine,OK
69102010201,69102-0102-01,,,,,,,NDC_NOT_FOUND
68682088060,68682-0880-60,198363,D07AC,D07A,D07,D,prednicarbate,OK
69097022316,69097-0223-16,904396,M05BA,M05B,M05,M,alendronic acid,OK
69102010301,69102-0103-01,,,,,,,NDC_NOT_FOUND
69097050831,69097-0508-31,1297761,A02BC,A02B,A02,A,esomeprazole,OK
69097022416,69097-0224-16,904431,M05BA,M05B,M05,M,alendronic acid,OK
69102010401,69102-0104-01,,,,,,,NDC_NOT_FOUND
68982082001,68982-0820-01,,,,,,,NDC_NOT_FOUND
69101041001,69101-0410-01,702306,A01AC,A01A,A01,A,prednisolone,OK
69102020060,69102-0200-60,1876014,N03AX,N03A,N03,N,levetiracetam,OK
69097050731,69097-0507-31,1297658,A02BC,A02B,A02,A,esomeprazole,OK
69238101701,69238-1017-01,403930,D10AD,D10A,D10,D,isotretinoin,OK
69238103106,69238-1031-06,1944656,B03AA,B03A,B03,B,ferrous fumarate,OK
69102020160,69102-0201-60,1876012,N03AX,N03A,N03,N,levetiracetam,OK
69238173002,69238-1730-02,311913,G02CC,G02C,G02,G,naproxen,OK
69238117601,69238-1176-01,197845,D10AD,D10A,D10,D,isotretinoin,OK
69238117501,69238-1175-01,197844,D10AD,D10A,D10,D,isotretinoin,OK
69238117401,69238-1174-01,197843,D10AD,D10A,D10,D,isotretinoin,OK
69238235106,69238-2351-06,1483677,N02CC,N02C,N02,N,zolmitriptan,OK
69238153106,69238-1531-06,,,,,,,NDC_NOT_FOUND
69344020229,69344-0202-29,,,,,,,NDC_NOT_FOUND
69344020129,69344-0201-29,,,,,,,NDC_NOT_FOUND
69315040909,69315-0409-09,245422,M04AA,M04A,M04,M,allopurinol,OK
69315030230,69315-0302-30,1790684,A01AC,A01A,A01,A,hydrocortisone,OK
69344020523,69344-0205-23,1722355,M01AC,M01A,M01,M,meloxicam,OK
69344020429,69344-0204-29,1442130,D11AX,D11A,D11,D,diclofenac,OK
69344020329,69344-0203-29,1442122,D11AX,D11A,D11,D,diclofenac,OK
69344020623,69344-0206-23,1722359,M01AC,M01A,M01,M,meloxicam,OK
69336012710,69336-0127-10,197854,M01AE,M01A,M01,M,ketoprofen,OK
69482070099,69482-0700-99,1995460,D07AD,D07A,D07,D,clobetasol,OK
69543013120,69543-0131-20,904431,M05BA,M05B,M05,M,alendronic acid,OK
69489012230,69489-0122-30,1302666,A01AB,A01A,A01,A,minocycline,OK
69543037210,69543-0372-10,,,,,,,NDC_NOT_FOUND
69489012330,69489-0123-30,1302676,A01AB,A01A,A01,A,minocycline,OK
69489013130,69489-0131-30,2706378,A01AB,A01A,A01,A,minocycline,OK
69482070060,69482-0700-60,1995460,D07AD,D07A,D07,D,clobetasol,OK
69654051030,69654-0510-30,828696,N05CF,N05C,N05,N,zolpidem,OK
69656010390,69656-0103-90,,,,,,,NDC_NOT_FOUND
69557011101,69557-0111-01,2001439,C01BB,C01B,C01,C,lidocaine,OK
69656010102,69656-0101-02,,,,,,,NDC_NOT_FOUND
69668045201,69668-0452-01,1666545,A01AB,A01A,A01,A,doxycycline,OK
69668051530,69668-0515-30,,,,,,,NDC_NOT_FOUND
69489012130,69489-0121-30,1302656,A01AB,A01A,A01,A,minocycline,OK
69654051060,69654-0510-60,828696,N05CF,N05C,N05,N,zolpidem,OK
69751040001,69751-0400-01,1946698,P01AB,P01A,P01,P,secnidazole,OK
69853020101,69853-0201-01,,,,,,,NDC_NOT_FOUND
69784071215,69784-0712-15,352118,G04CB,G04C,G04,G,dutasteride,OK
69865022002,69865-0220-02,,,,,,,NDC_NOT_FOUND
69668045301,69668-0453-01,1666542,A01AB,A01A,A01,A,doxycycline,OK
69865023002,69865-0230-02,,,,,,,NDC_NOT_FOUND
69853020201,69853-0202-01,,,,,,,NDC_NOT_FOUND
69668043301,69668-0433-01,1666542,A01AB,A01A,A01,A,doxycycline,OK
69865026501,69865-0265-01,,,,,,,NDC_NOT_FOUND
69865025002,69865-0250-02,,,,,,,NDC_NOT_FOUND
69865024502,69865-0245-02,,,,,,,NDC_NOT_FOUND
69543037310,69543-0373-10,,,,,,,NDC_NOT_FOUND
69865024002,69865-0240-02,,,,,,,NDC_NOT_FOUND
69865021002,69865-0210-02,,,,,,,NDC_NOT_FOUND
70007040001,70007-0400-01,,,,,,,NDC_NOT_FOUND
69973003530,69973-0035-30,860886,C10AB,C10A,C10,C,fenofibrate,OK
70007040036,70007-0400-36,1799434,C01DA,C01D,C01,C,nitroglycerin,OK
70069069601,70069-0696-01,1992303,C07AA,C07A,C07,C,timolol,OK
70069000801,70069-0008-01,860654,R06AX,R06A,R06,R,epinastine,OK
69865026002,69865-0260-02,,,,,,,NDC_NOT_FOUND
69973010590,69973-0105-90,860880,C10AB,C10A,C10,C,fenofibrate,OK
70154011116,70154-0111-16,2261403,N02BE,N02B,N02,N,acetaminophen,OK
70165000315,70165-0003-15,,,,,,,NDC_NOT_FOUND
70127010001,70127-0100-01,2058906,N03AX,N03A,N03,N,cannabidiol,OK
70199001590,70199-0015-90,213995,M04AA,M04A,M04,M,allopurinol,OK
70199001690,70199-0016-90,213998,M04AA,M04A,M04,M,allopurinol,OK
69482080099,69482-0800-99,1738541,A07EA,A07E,A07,A,betamethasone,OK
70121168501,70121-1685-01,847915,A10BJ,A10B,A10,A,exenatide,OK
70347008130,70347-0081-30,,,,,,,NDC_NOT_FOUND
70199001330,70199-0013-30,,,,,,,NDC_NOT_FOUND
70255002001,70255-0020-01,,,,,,,NDC_NOT_FOUND
70257012611,70257-0126-11,1365979,J06BB,J06B,J06,J,varicella-zoster immune globulin,OK
70121168601,70121-1686-01,847910,A10BJ,A10B,A10,A,exenatide,OK
70347032530,70347-0325-30,,,,,,,NDC_NOT_FOUND
70194000330,70194-0003-30,1871097,,,,,,NO_ATC
70362073030,70362-0730-30,,,,,,,NDC_NOT_FOUND
70363000760,70363-0007-60,,,,,,,NDC_NOT_FOUND
70362072201,70362-0722-01,1724446,N02BE,N02B,N02,N,acetaminophen,OK
70363001130,70363-0011-30,1994750,D06AX,D06A,D06,D,ozenoxacin,OK
70069000701,70069-0007-01,1111339,R01AC,R01A,R01,R,olopatadine,OK
70370104001,70370-1040-01,,,,,,,NDC_NOT_FOUND
70370505001,70370-5050-01,2701405,,,,,,NO_ATC
70370510001,70370-5100-01,2701397,,,,,,NO_ATC
70347020830,70347-0208-30,1537045,B01AC,B01A,B01,B,vorapaxar,OK
70370502501,70370-5025-01,2701401,,,,,,NO_ATC
70504012601,70504-0126-01,,,,,,,NDC_NOT_FOUND
70436009205,70436-0092-05,259081,A01AD,A01A,A01,A,aspirin,OK
70515070060,70515-0700-60,152915,N07XX,N07X,N07,N,riluzole,OK
70428001112,70428-0011-12,2054120,D11AA,D11A,D11,D,glycopyrronium,OK
70199002114,70199-0021-14,758020,A01AB,A01A,A01,A,tetracycline,OK
70370525001,70370-5250-01,2701413,,,,,,NO_ATC
70661000130,70661-0001-30,2536066,C10BA,C10B,C10,C,ezetimibe / rosuvastatin,OK
70688050202,70688-0502-02,,,,,,,NDC_NOT_FOUND
70661000230,70661-0002-30,2536060,C10BA,C10B,C10,C,ezetimibe / rosuvastatin,OK
70688050201,70688-0502-01,,,,,,,NDC_NOT_FOUND
70569015230,70569-0152-30,,,,,,,NDC_NOT_FOUND
70661000330,70661-0003-30,2536062,C10BA,C10B,C10,C,ezetimibe / rosuvastatin,OK
70700011884,70700-0118-84,1720616,G03AA,G03A,G03,G,ethinyl estradiol / levonorgestrel,OK
70700011984,70700-0119-84,1369737,G03AA,G03A,G03,G,ethinyl estradiol / norgestimate,OK
70700012184,70700-0121-84,1369770,G03AA,G03A,G03,G,ethinyl estradiol / norgestimate,OK
70700011684,70700-0116-84,1006065,G03AA,G03A,G03,G,ethinyl estradiol / levonorgestrel,OK
70700011384,70700-0113-84,1866047,G03AC,G03A,G03,G,desogestrel,OK
70700012084,70700-0120-84,1722676,G03AA,G03A,G03,G,ethinyl estradiol / norgestimate,OK
70700015284,70700-0152-84,2463741,B03AA,B03A,B03,B,ferrous fumarate,OK
70700020693,70700-0206-93,2001751,G03AA,G03A,G03,G,ethinyl estradiol / levonorgestrel,OK
70700020787,70700-0207-87,2117770,G03AA,G03A,G03,G,ethinyl estradiol / levonorgestrel,OK
70700030384,70700-0303-84,2706647,G03CA,G03C,G03,G,estradiol,OK
70700030684,70700-0306-84,2704559,B03AA,B03A,B03,B,ferrous fumarate,OK
70700011584,70700-0115-84,1099269,G03AC,G03A,G03,G,drospirenone,OK
70700030985,70700-0309-85,2703270,B03AA,B03A,B03,B,ferrous fumarate,OK
70700030584,70700-0305-84,2704562,G03DC,G03D,G03,G,ethynodiol,OK
70700030884,70700-0308-84,2703268,B03AA,B03A,B03,B,ferrous fumarate,OK
70700011484,70700-0114-84,1099026,G03AC,G03A,G03,G,drospirenone,OK
70661000430,70661-0004-30,2536064,C10BA,C10B,C10,C,ezetimibe / rosuvastatin,OK
70700030785,70700-0307-85,2703269,B03AA,B03A,B03,B,ferrous fumarate,OK
70700031287,70700-0312-87,2705814,G03AA,G03A,G03,G,ethinyl estradiol / levonorgestrel,OK
70709012130,70709-0121-30,2702682,G04BX,G04B,G04,G,tiopronin,OK
70720011599,70720-0115-99,2118588,M01AC,M01A,M01,M,meloxicam,OK
70700032650,70700-0326-50,2696255,G03AC,G03A,G03,G,norethindrone,OK
70720017599,70720-0175-99,2118591,M01AC,M01A,M01,M,meloxicam,OK
70748024013,70748-0240-13,2274815,C03XA,C03X,C03,C,tolvaptan,OK
70700031784,70700-0317-84,2716571,G03AC,G03A,G03,G,norethindrone,OK
70709012390,70709-0123-90,2702684,G04BX,G04B,G04,G,tiopronin,OK
70748024413,70748-0244-13,2044970,C03XA,C03X,C03,C,tolvaptan,OK
70700031085,70700-0310-85,2703554,B03AA,B03A,B03,B,ferrous fumarate,OK
70748024313,70748-0243-13,2044966,C03XA,C03X,C03,C,tolvaptan,OK
70748032214,70748-0322-14,2699611,G03AA,G03A,G03,G,ethinyl estradiol / levonorgestrel,OK
70748033202,70748-0332-02,1376336,A01AC,A01A,A01,A,prednisolone,OK
70748024213,70748-0242-13,2044968,C03XA,C03X,C03,C,tolvaptan,OK
70785001130,70785-0011-30,,,,,,,NDC_NOT_FOUND
70839011230,70839-0112-30,1011712,C09XA,C09X,C09,C,aliskiren,OK
70785002230,70785-0022-30,,,,,,,NDC_NOT_FOUND
70839031230,70839-0312-30,1011752,C09XA,C09X,C09,C,aliskiren,OK
70839012530,70839-0125-30,1011715,C09XA,C09X,C09,C,aliskiren,OK
70860012399,70860-0123-99,312447,J01CG,J01C,J01,J,tazobactam,OK
70839032530,70839-0325-30,1011755,C09XA,C09X,C09,C,aliskiren,OK
70954059710,70954-0597-10,2107353,A06AX,A06A,A06,A,prucalopride,OK
70860010710,70860-0107-10,828539,J02AX,J02A,J02,J,caspofungin,OK
70954059610,70954-0596-10,2107345,A06AX,A06A,A06,A,prucalopride,OK
70842012001,70842-0120-01,1946651,J01DH,J01D,J01,J,meropenem / vaborbactam,OK
71500000110,71500-0001-10,,,,,,,NDC_NOT_FOUND
71403004902,71403-0049-02,1493276,D06BB,D06B,D06,D,acyclovir,OK
70748024113,70748-0241-13,2274813,C03XA,C03X,C03,C,tolvaptan,OK
71403010230,71403-0102-30,2058529,A01AB,A01A,A01,A,minocycline,OK
71500000630,71500-0006-30,,,,,,,NDC_NOT_FOUND
71500001215,71500-0012-15,,,,,,,NDC_NOT_FOUND
71068000110,71068-0001-10,2106362,A07AA,A07A,A07,A,rifamycin SV,OK
71500000430,71500-0004-30,,,,,,,NDC_NOT_FOUND
71403010130,71403-0101-30,1941489,A01AB,A01A,A01,A,minocycline,OK
71500011001,71500-0110-01,,,,,,,NDC_NOT_FOUND
71500014001,71500-0140-01,,,,,,,NDC_NOT_FOUND
71699010256,71699-0102-56,,,,,,,NDC_NOT_FOUND
71500001615,71500-0016-15,,,,,,,NDC_NOT_FOUND
71180000330,71180-0003-30,1869821,D11AX,D11A,D11,D,oxymetazoline,OK
71403080445,71403-0804-45,206048,D07AB,D07A,D07,D,clocortolone,OK
71715000224,71715-0002-24,,,,,,,NDC_NOT_FOUND
71715000223,71715-0002-23,,,,,,,NDC_NOT_FOUND
71717010611,71717-0106-11,861004,A10BA,A10B,A10,A,metformin,OK
71779011502,71779-0115-02,2058520,L01EM,L01E,L01,L,duvelisib,OK
71800000301,71800-0003-01,,,,,,,NDC_NOT_FOUND
71500000230,71500-0002-30,,,,,,,NDC_NOT_FOUND
71758010655,71758-0106-55,1874130,H01BA,H01B,H01,H,desmopressin,OK
71770010060,71770-0100-60,1999314,L01XX,L01X,L01,L,hydroxyurea,OK
71779062301,71779-0623-01,2714922,,,,,,NO_ATC
71779012502,71779-0125-02,2058525,L01EM,L01E,L01,L,duvelisib,OK
71863011616,71863-0116-16,2716556,A01AC,A01A,A01,A,hydrocortisone,OK
71905040011,71905-0400-11,2121587,A01AC,A01A,A01,A,dexamethasone,OK
71860010101,71860-0101-01,2701428,,,,,,NO_ATC
71993030110,71993-0301-10,1724446,N02BE,N02B,N02,N,acetaminophen,OK
71993030030,71993-0300-30,1812164,N02BE,N02B,N02,N,acetaminophen,OK
72065013012,72065-0130-12,2199312,H04AA,H04A,H04,H,glucagon,OK
72124000101,72124-0001-01,2205099,R03BB,R03B,R03,R,aclidinium bromide,OK
72000032010,72000-0320-10,1540890,J01XX,J01X,J01,J,tedizolid,OK
72064021060,72064-0210-60,2394947,L01EX,L01E,L01,L,pralsetinib,OK
72124000201,72124-0002-01,1303107,R03BB,R03B,R03,R,aclidinium bromide,OK
72124000202,72124-0002-02,1303107,R03BB,R03B,R03,R,aclidinium bromide,OK
72065013011,72065-0130-11,2199312,H04AA,H04A,H04,H,glucagon,OK
72143023330,72143-0233-30,2473107,D10AD,D10A,D10,D,isotretinoin,OK
72237010601,72237-0106-01,2708339,L01XX,L01X,L01,L,selinexor,OK
72143023130,72143-0231-30,206880,D10AD,D10A,D10,D,isotretinoin,OK
71993031230,71993-0312-30,198297,M01AB,M01A,M01,M,tolmetin,OK
72143023230,72143-0232-30,206883,D10AD,D10A,D10,D,isotretinoin,OK
72143023430,72143-0234-30,206902,D10AD,D10A,D10,D,isotretinoin,OK
72252050505,72252-0505-05,2272630,N05BA,N05B,N05,N,diazepam,OK
72252051005,72252-0510-05,2272622,N05BA,N05B,N05,N,diazepam,OK
71921025096,71921-0250-96,2046591,N07BC,N07B,N07,N,lofexidine,OK
72356010103,72356-0101-03,2257678,A01AB,A01A,A01,A,minocycline,OK
71758010755,71758-0107-55,1991411,H01BA,H01B,H01,H,desmopressin,OK
72336009530,72336-0095-30,2703582,A10BA,A10B,A10,A,metformin,OK
72336064101,72336-0641-01,153842,A10BB,A10B,A10,A,glimepiride,OK
72252051510,72252-0515-10,2272636,N05BA,N05B,N05,N,diazepam,OK
72526010511,72526-0105-11,2699353,N05AX,N05A,N05,N,paliperidone,OK
72526010611,72526-0106-11,2699354,N05AX,N05A,N05,N,paliperidone,OK
72495060184,72495-0601-84,2696888,G03AA,G03A,G03,G,ethinyl estradiol / norethindrone,OK
72526010911,72526-0109-11,2699352,N05AX,N05A,N05,N,paliperidone,OK
72526010711,72526-0107-11,2699350,N05AX,N05A,N05,N,paliperidone,OK
72526011011,72526-0110-11,2699348,N05AX,N05A,N05,N,paliperidone,OK
72542014701,72542-0147-01,2694298,N07XX,N07X,N07,N,arimoclomol,OK
72252052010,72252-0520-10,2272624,N05BA,N05B,N05,N,diazepam,OK
72526010811,72526-0108-11,2699351,N05AX,N05A,N05,N,paliperidone,OK
72542012401,72542-0124-01,2694294,N07XX,N07X,N07,N,arimoclomol,OK
72542016201,72542-0162-01,2694302,N07XX,N07X,N07,N,arimoclomol,OK
72606000201,72606-0002-01,2123034,J05AR,J05A,J05,J,lamivudine / tenofovir disoproxil,OK
72606002801,72606-0028-01,2700412,L04AC,L04A,L04,L,ustekinumab,OK
72542019301,72542-0193-01,2694306,N07XX,N07X,N07,N,arimoclomol,OK
72647090001,72647-0900-01,562847,A16AA,A16A,A16,A,betaine,OK
72606004006,72606-0040-06,2668489,L04AB,L04A,L04,L,adalimumab,OK
72694087910,72694-0879-10,2690659,L01XM,L01X,L01,L,vorasidenib,OK
72694072840,72694-0728-40,2690663,L01XM,L01X,L01,L,vorasidenib,OK
72730010101,72730-0101-01,2551217,L01EN,L01E,L01,L,infigratinib,OK
72730020201,72730-0202-01,2551212,L01EN,L01E,L01,L,infigratinib,OK
72730050601,72730-0506-01,2551207,L01EN,L01E,L01,L,infigratinib,OK
72245087310,72245-0873-10,2691000,M03BA,M03B,M03,M,methocarbamol,OK
72730011101,72730-0111-01,2551012,L01EN,L01E,L01,L,infigratinib,OK
72888010324,72888-0103-24,250976,M03BX,M03B,M03,M,baclofen,OK
72888020766,72888-0207-66,199998,D11AX,D11A,D11,D,ivermectin,OK
72888016330,72888-0163-30,2692878,N02AX,N02A,N02,N,tramadol,OK
72888020101,72888-0201-01,2693253,A12BA,A12B,A12,A,potassium chloride,OK
72853005102,72853-0051-02,,,,,,,NDC_NOT_FOUND
72606002701,72606-0027-01,2700409,L04AC,L04A,L04,L,ustekinumab,OK
72964001101,72964-0011-01,2714664,B01AC,B01A,B01,B,treprostinil,OK
72893001506,72893-0015-06,2286261,A01AC,A01A,A01,A,dexamethasone,OK
72888014222,72888-0142-22,314080,J01MA,J01M,J01,J,levofloxacin,OK
72887087303,72887-0873-03,2611794,M03BA,M03B,M03,M,methocarbamol,OK
72964001401,72964-0014-01,2714676,B01AC,B01A,B01,B,treprostinil,OK
72964001201,72964-0012-01,2714668,B01AC,B01A,B01,B,treprostinil,OK
73116010006,73116-0100-06,1603361,L01XH,L01X,L01,L,panobinostat,OK
73150020012,73150-0200-12,,,,,,,NDC_NOT_FOUND
73063003503,73063-0035-03,,,,,,,NDC_NOT_FOUND
72888046602,72888-0466-02,2667941,M03BX,M03B,M03,M,baclofen,OK
72893001524,72893-0015-24,2286261,A01AC,A01A,A01,A,dexamethasone,OK
73116010206,73116-0102-06,1603369,L01XH,L01X,L01,L,panobinostat,OK
73207030240,73207-0302-40,2705412,L01EX,L01E,L01,L,vimseltinib,OK
73207030340,73207-0303-40,2705416,L01EX,L01E,L01,L,vimseltinib,OK
73116010106,73116-0101-06,1603365,L01XH,L01X,L01,L,panobinostat,OK
73352045501,73352-0455-01,197786,A01AC,A01A,A01,A,hydrocortisone,OK
73362010001,73362-0100-01,2693643,H05AA,H05A,H05,H,teriparatide,OK
73352010522,73352-0105-22,2693252,G03BA,G03B,G03,G,testosterone,OK
73362010201,73362-0102-01,2693648,H05AA,H05A,H05,H,teriparatide,OK
73475122101,73475-1221-01,2712088,L04AA,L04A,L04,L,efgartigimod alfa,OK
73207030440,73207-0304-40,2705420,L01EX,L01E,L01,L,vimseltinib,OK
73308043530,73308-0435-30,245248,D01AA,D01A,D01,D,griseofulvin,OK
73534050501,73534-0505-01,808118,A01AC,A01A,A01,A,prednisolone,OK
73362010101,73362-0101-01,2693646,H05AA,H05A,H05,H,teriparatide,OK
73780000310,73780-0003-10,1944529,N02AA,N02A,N02,N,oxycodone,OK
73780000210,73780-0002-10,2693194,N02AA,N02A,N02,N,oxycodone,OK
72964001301,72964-0013-01,2714672,B01AC,B01A,B01,B,treprostinil,OK
73555050000,73555-0500-00,2698345,L01XX,L01X,L01,L,revumenib,OK
74157001390,74157-0013-90,602399,N02BF,N02B,N02,N,gabapentin,OK
74157011190,74157-0111-90,602407,N02BF,N02B,N02,N,gabapentin,OK
75854080101,75854-0801-01,2180558,M04AC,M04A,M04,M,colchicine,OK
75052000101,75052-0001-01,2588240,,,,,,NO_ATC
74157001212,74157-0012-12,310669,D07AD,D07A,D07,D,halcinonide,OK
73555050100,73555-0501-00,2698337,L01XX,L01X,L01,L,revumenib,OK
74157010160,74157-0101-60,2691103,N02BA,N02B,N02,N,diflunisal,OK
75987009011,75987-0090-11,,,,,,,NDC_NOT_FOUND
74157090190,74157-0901-90,1090641,A01AC,A01A,A01,A,triamcinolone,OK
75907005330,75907-0053-30,1806185,N06BA,N06B,N06,N,methylphenidate,OK
76045000410,76045-0004-10,998212,N02AA,N02A,N02,N,morphine,OK
73555050200,73555-0502-00,2698341,L01XX,L01X,L01,L,revumenib,OK
75907007601,75907-0076-01,310154,D10AF,D10A,D10,D,erythromycin,OK
75907016601,75907-0166-01,197980,C02KB,C02K,C02,C,metyrosine,OK
76388063525,76388-0635-25,,,,,,,NDC_NOT_FOUND
76045000510,76045-0005-10,998213,N02AA,N02A,N02,N,morphine,OK
76045000610,76045-0006-10,1442790,N02AA,N02A,N02,N,morphine,OK
76385010410,76385-0104-10,885213,N04AC,N04A,N04,N,benztropine,OK
76478000105,76478-0001-05,208560,C07AA,C07A,C07,C,timolol,OK
76189053530,76189-0535-30,,,,,,,NDC_NOT_FOUND
76431016001,76431-0160-01,1648780,C10AX,C10A,C10,C,lomitapide,OK
78670013002,78670-0130-02,1989117,A01AD,A01A,A01,A,epinephrine,OK
78670013102,78670-0131-02,2178792,A01AD,A01A,A01,A,epinephrine,OK
76431014001,76431-0140-01,1648776,C10AX,C10A,C10,C,lomitapide,OK
79378021030,79378-0210-30,2712467,,,,,,NO_ATC
76478000205,76478-0002-05,1992305,C07AA,C07A,C07,C,timolol,OK
79378011101,79378-0111-01,2690992,,,,,,NO_ATC
79378022030,79378-0220-30,2712471,,,,,,NO_ATC
76189053430,76189-0534-30,,,,,,,NDC_NOT_FOUND
79378023030,79378-0230-30,2712475,,,,,,NO_ATC
80725042012,80725-0420-12,607044,,,,,,NO_ATC
79378031090,79378-0310-90,2710422,,,,,,NO_ATC
80725014318,80725-0143-18,205646,L02BB,L02B,L02,L,flutamide,OK
80005016108,80005-0161-08,863606,D10AF,D10A,D10,D,erythromycin,OK
80789000315,80789-0003-15,2685223,N03AG,N03A,N03,N,vigabatrin,OK
81583010005,81583-0100-05,2604700,N03AX,N03A,N03,N,ganaxolone,OK
82009015822,82009-0158-22,2688826,L04AB,L04A,L04,L,adalimumab,OK
79378021530,79378-0215-30,2712479,,,,,,NO_ATC
81279010420,81279-0104-20,1293864,N02CA,N02C,N02,N,ergotamine,OK
80789011701,80789-0117-01,2668482,N03AG,N03A,N03,N,vigabatrin,OK
81927020101,81927-0201-01,2699837,L01EA,L01E,L01,L,imatinib,OK
82111051801,82111-0518-01,2589281,D11AA,D11A,D11,D,glycopyrronium,OK
76385010510,76385-0105-10,885209,N04AC,N04A,N04,N,benztropine,OK
82120012530,82120-0125-30,2535747,C10BA,C10B,C10,C,ezetimibe / rosuvastatin,OK
82249001112,82249-0011-12,2702601,L02BX,L02B,L02,L,abiraterone,OK
82120012830,82120-0128-30,2535749,C10BA,C10B,C10,C,ezetimibe / rosuvastatin,OK
82448013042,82448-0130-42,2705623,L01EE,L01E,L01,L,mirdametinib,OK
82228071228,82228-0712-28,2698324,C01EB,C01E,C01,C,acoramidis,OK
82120012730,82120-0127-30,2535745,C10BA,C10B,C10,C,ezetimibe / rosuvastatin,OK
82580001002,82580-0010-02,2709209,A01AD,A01A,A01,A,epinephrine,OK
82584060401,82584-0604-01,1922784,C07AA,C07A,C07,C,timolol,OK
82580002002,82580-0020-02,2693448,A01AD,A01A,A01,A,epinephrine,OK
82120012630,82120-0126-30,2535750,C10BA,C10B,C10,C,ezetimibe / rosuvastatin,OK
82448026084,82448-0260-84,2705628,L01EE,L01E,L01,L,mirdametinib,OK
82667001105,82667-0011-05,1011080,J01GB,J01G,J01,J,tobramycin,OK
82667050003,82667-0500-03,603978,S01BC,S01B,S01,S,nepafenac,OK
82448013484,82448-0134-84,2705635,L01EE,L01E,L01,L,mirdametinib,OK
82667001205,82667-0012-05,207100,A01AB,A01A,A01,A,natamycin,OK
83257002411,83257-0024-11,2705603,L04AC,L04A,L04,L,ustekinumab,OK
83257002341,83257-0023-41,2705597,L04AC,L04A,L04,L,ustekinumab,OK
82667060005,82667-0600-05,205669,A01AC,A01A,A01,A,dexamethasone,OK
83257002541,83257-0025-41,2705600,L04AC,L04A,L04,L,ustekinumab,OK
83831013401,83831-0134-01,2709448,L02AE,L02A,L02,L,leuprolide,OK
83148002160,83148-0021-60,141850,D07AC,D07A,D07,D,desoximetasone,OK
83634011120,83634-0111-20,310027,A01AB,A01A,A01,A,doxycycline,OK
83853010101,83853-0101-01,2693623,N07XX,N07X,N07,N,levacetylleucine,OK
83860002501,83860-0025-01,2711562,C02DA,C02D,C02,C,diazoxide,OK
83860007501,83860-0075-01,2711568,C02DA,C02D,C02,C,diazoxide,OK
89141012301,89141-0123-01,,,,,,,NDC_NOT_FOUND
84612085501,84612-0855-01,2700682,L04AC,L04A,L04,L,ustekinumab,OK
89141044430,89141-0444-30,,,,,,,NDC_NOT_FOUND
89141025014,89141-0250-14,,,,,,,NDC_NOT_FOUND
84612087601,84612-0876-01,2700689,L04AC,L04A,L04,L,ustekinumab,OK
99207017002,99207-0170-02,,,,,,,NDC_NOT_FOUND
89141044830,89141-0448-30,,,,,,,NDC_NOT_FOUND
99207013070,99207-0130-70,,,,,,,NDC_NOT_FOUND
99207026012,99207-0260-12,,,,,,,NDC_NOT_FOUND
99207046330,99207-0463-30,858374,A01AB,A01A,A01,A,minocycline,OK
99207046430,99207-0464-30,858064,A01AB,A01A,A01,A,minocycline,OK
99207017315,99207-0173-15,,,,,,,ERROR
84612088901,84612-0889-01,2700692,L04AC,L04A,L04,L,ustekinumab,OK
99207046730,99207-0467-30,1014018,A01AB,A01A,A01,A,minocycline,OK
99207017210,99207-0172-10,,,,,,,NDC_NOT_FOUND
83860015001,83860-0150-01,2711556,C02DA,C02D,C02,C,diazoxide,OK
99207017105,99207-0171-05,,,,,,,NDC_NOT_FOUND
